x_0,y_0,x_1,y_1,x_2,y_2,x_3,y_3,x_4,y_4,x_5,y_5,x_6,y_6,x_7,y_7,x_8,y_8,x_9,y_9,x_10,y_10,x_11,y_11,x_12,y_12,x_13,y_13,x_14,y_14,x_15,y_15,x_16,y_16,x_17,y_17,x_18,y_18,x_19,y_19,x_20,y_20,x_21,y_21,x_22,y_22,x_23,y_23,x_24,y_24,x_25,y_25,x_26,y_26,x_27,y_27,x_28,y_28,x_29,y_29,x_30,y_30,x_31,y_31,x_32,y_32,x_33,y_33,x_34,y_34,x_35,y_35,x_36,y_36,x_37,y_37,x_38,y_38,x_39,y_39,x_40,y_40,x_41,y_41,x_42,y_42,x_43,y_43,x_44,y_44,x_45,y_45,x_46,y_46,x_47,y_47,x_48,y_48,x_49,y_49,x_50,y_50,x_51,y_51,x_52,y_52,x_53,y_53,x_54,y_54,x_55,y_55,x_56,y_56,x_57,y_57,x_58,y_58,x_59,y_59,x_60,y_60,x_61,y_61,x_62,y_62,x_63,y_63,x_64,y_64,x_65,y_65,x_66,y_66,x_67,y_67,stim_id,tex0,tex1,tex2,tex3,tex4,tex5,tex6,tex7,tex8,tex9,tex10,tex11,tex12,r0,r1,r2,r3,r4,r5,r6,r7,r8,r9,r10,r11,r12,r13,r14,r15,r16,r17,r18,r19,r20,r21,r22,r23,r24,r25,r26,r27,r28,r29,r30,r31,g0,g1,g2,g3,g4,g5,g6,g7,g8,g9,g10,g11,g12,g13,g14,g15,g16,g17,g18,g19,g20,g21,g22,g23,g24,g25,g26,g27,g28,g29,g30,g31,b0,b1,b2,b3,b4,b5,b6,b7,b8,b9,b10,b11,b12,b13,b14,b15,b16,b17,b18,b19,b20,b21,b22,b23,b24,b25,b26,b27,b28,b29,b30,b31
231,494,232,573,242,652,255,733,281,809,327,873,385,925,451,967,523,979,592,967,651,924,703,870,741,804,760,730,772,654,783,577,788,500,289,468,323,431,374,417,426,426,477,442,548,442,601,426,655,418,708,433,740,473,513,478,513,534,512,591,512,650,458,674,483,685,512,695,540,685,566,675,349,487,377,469,410,466,441,485,409,492,376,495,584,487,615,468,648,470,677,489,649,495,616,493,408,767,446,756,479,749,510,758,539,750,575,759,615,769,575,786,542,794,512,795,480,793,447,783,424,767,479,766,510,770,540,767,599,770,540,766,511,770,480,765,1,0.0005615998311753659,46.24486204015732,0.9790498432681113,1103.8095036641316,0.2469733198552212,273.7726275568982,4368.993152616382,7.985255911506993,11.526013168551511,0.00044782419148318834,3.7193323570685237,-0.35199538365343697,0.9960524371323414,52.0,481.0,768.0,1501.0,2073.0,2258.0,2621.0,3386.0,4047.0,5631.0,9580.0,14463.0,19261.0,25818.0,26268.0,23539.0,22678.0,27276.0,24218.0,13838.0,9444.0,3772.0,1128.0,483.0,198.0,39.0,5.0,0.0,0.0,0.0,0.0,0.0,2.0,157.0,663.0,992.0,1707.0,1847.0,2451.0,2999.0,3651.0,4578.0,6523.0,9637.0,13109.0,17937.0,23305.0,24223.0,23447.0,21065.0,23348.0,26243.0,19358.0,11702.0,4730.0,858.0,235.0,53.0,6.0,0.0,0.0,0.0,0.0,0.0,0.0,3.0,85.0,402.0,616.0,785.0,854.0,1201.0,1685.0,2389.0,3116.0,3809.0,4602.0,6482.0,7729.0,9502.0,12587.0,15535.0,17986.0,19649.0,18860.0,17489.0,16295.0,16848.0,19732.0,21156.0,14996.0,8720.0,1611.0,96.0,6.0,0.0
262,524,260,598,263,670,271,744,282,817,307,881,357,930,420,960,494,967,578,964,654,944,721,905,769,848,800,778,814,700,822,618,827,538,292,453,313,400,365,376,425,375,479,395,528,396,591,374,660,370,724,396,760,452,499,457,495,504,491,549,487,598,430,644,459,657,492,667,529,658,565,648,343,494,365,472,398,470,437,490,402,496,369,499,587,488,622,467,658,470,690,491,657,497,621,495,397,762,431,734,463,721,495,727,528,721,570,734,617,764,569,777,529,780,495,783,461,781,430,776,413,759,463,746,495,749,529,746,599,762,528,747,495,749,462,747,10,0.0006251949612951519,41.14258137412554,0.9892631257765668,1916.3499889992206,0.3376891704653147,170.33753271115276,7624.257374622761,8.340472671685012,11.420798663124366,0.0006304806830061767,3.308039716760706,-0.44547116030771094,0.9992049869878963,720.0,14966.0,27770.0,24342.0,23706.0,31436.0,35245.0,22975.0,14660.0,11698.0,9187.0,8095.0,7203.0,6972.0,6621.0,6238.0,5851.0,4708.0,3862.0,3558.0,3255.0,3273.0,3892.0,2465.0,240.0,48.0,32.0,16.0,10.0,0.0,0.0,0.0,106.0,8261.0,17782.0,18828.0,17490.0,15414.0,16192.0,19309.0,24885.0,27253.0,24522.0,15359.0,12640.0,10890.0,8116.0,7018.0,6437.0,6726.0,5200.0,5085.0,3908.0,3568.0,4608.0,3123.0,224.0,38.0,39.0,18.0,5.0,0.0,0.0,0.0,8.0,233.0,8260.0,12715.0,12786.0,12245.0,11037.0,9154.0,8454.0,8781.0,10331.0,12119.0,13738.0,14867.0,16227.0,16141.0,16380.0,18018.0,16928.0,13591.0,12166.0,11035.0,9387.0,7353.0,6987.0,3951.0,98.0,36.0,16.0,2.0,0.0,0.0
278,496,271,561,267,628,276,696,296,761,330,822,372,880,417,939,480,963,552,957,629,922,705,876,771,818,815,747,836,664,847,581,856,494,292,432,318,401,361,395,404,408,444,431,545,426,595,400,652,392,709,404,756,437,484,487,477,541,469,594,460,649,421,666,443,680,471,692,508,681,544,669,335,488,364,471,400,473,434,500,397,500,361,498,584,500,619,474,656,472,691,491,658,499,621,501,370,721,407,717,449,717,485,726,526,719,589,720,656,730,592,798,527,827,484,830,444,822,405,789,388,729,447,733,484,740,524,736,641,734,527,793,486,795,448,786,100,0.0017880126259877368,25.05564220916053,0.9827107015474015,724.7005075290153,0.3740512230476405,284.8778174931264,2873.746387906933,7.480139580534887,10.238954837233614,0.000658086064414632,3.073743465666538,-0.4215460741357536,0.9976474028717295,3.0,99.0,388.0,640.0,1151.0,1655.0,2125.0,2137.0,2671.0,3855.0,6969.0,10557.0,13582.0,18277.0,23460.0,27385.0,28657.0,30209.0,28173.0,28100.0,18855.0,5508.0,1487.0,826.0,820.0,392.0,47.0,20.0,5.0,7.0,2.0,4.0,1.0,56.0,337.0,769.0,1249.0,1814.0,2116.0,2374.0,3096.0,4252.0,5101.0,6673.0,8827.0,13024.0,16087.0,21796.0,35026.0,43339.0,44043.0,32429.0,10706.0,1734.0,788.0,1030.0,852.0,467.0,45.0,18.0,7.0,5.0,3.0,2.0,0.0,1.0,21.0,236.0,624.0,903.0,1187.0,1353.0,1359.0,1509.0,1682.0,1757.0,1751.0,2201.0,2473.0,2858.0,3561.0,5159.0,8337.0,13567.0,20117.0,29774.0,48572.0,67665.0,35860.0,5343.0,157.0,19.0,10.0,6.0,3.0,1.0
231,506,236,578,246,646,256,716,281,778,323,831,379,873,438,909,506,923,573,911,636,874,697,831,741,778,764,715,774,646,782,579,786,507,272,450,306,418,354,407,405,411,450,432,563,435,611,412,663,406,715,414,752,447,508,485,507,538,505,590,505,644,443,660,473,672,506,682,541,671,574,658,331,490,363,472,398,472,433,496,398,497,363,497,589,496,624,472,658,471,691,487,660,496,625,496,376,716,426,718,475,716,510,722,544,714,593,714,647,713,596,765,548,788,511,792,473,788,425,766,392,720,475,730,510,735,545,729,631,718,546,762,510,766,475,761,101,0.0013450090205567148,19.386498321221787,0.9888691592771419,870.7738259916705,0.4077138907811739,278.4156964394757,3463.708805645463,7.814261548923049,10.397183441087119,0.000912823623016821,2.9037866725540082,-0.4751253187400768,0.9991238846772613,48.0,343.0,457.0,885.0,1097.0,1537.0,2612.0,4262.0,7105.0,9529.0,10952.0,14556.0,22072.0,24118.0,24191.0,24231.0,21101.0,21751.0,19124.0,10826.0,4097.0,1245.0,214.0,0.0,0.0,0.0,0.0,0.0,0.0,0.0,0.0,0.0,127.0,264.0,329.0,690.0,837.0,1138.0,1540.0,2267.0,3371.0,4733.0,6948.0,10074.0,12455.0,16147.0,24154.0,26305.0,25649.0,20607.0,21172.0,20219.0,16382.0,8509.0,2066.0,370.0,0.0,0.0,0.0,0.0,0.0,0.0,0.0,0.0,12.0,59.0,74.0,187.0,362.0,557.0,588.0,735.0,856.0,925.0,848.0,1082.0,1353.0,1963.0,2725.0,3816.0,5061.0,8784.0,12941.0,16374.0,22042.0,22456.0,23102.0,21221.0,23706.0,25494.0,19092.0,8543.0,1386.0,9.0,0.0,0.0
218,529,224,605,234,679,246,754,270,820,311,875,369,914,435,946,507,957,580,947,645,917,703,875,744,820,768,755,782,684,794,613,804,538,281,435,312,399,360,385,409,392,454,412,575,410,622,390,673,387,722,405,750,446,516,475,515,528,514,578,512,630,457,662,484,672,514,681,544,673,571,665,340,486,369,462,406,466,440,496,404,501,367,500,592,498,626,468,663,468,692,492,664,505,627,504,401,760,444,742,484,733,512,740,539,735,580,747,624,767,580,792,541,797,512,798,482,794,444,786,420,761,484,761,512,764,540,763,605,768,540,766,512,766,483,763,102,0.0011100115619610774,50.09220991118716,0.9680361157942904,783.7991020103505,0.3054804803586704,252.4818596797619,3085.1041981302096,7.640830878203474,10.822449291282222,0.0005161895107092176,3.403827946714187,-0.3732393478579285,0.996108962308274,566.0,1235.0,2116.0,2789.0,3680.0,5089.0,9043.0,12250.0,14208.0,18685.0,26650.0,39404.0,41837.0,37202.0,25394.0,14587.0,7142.0,2423.0,762.0,275.0,236.0,141.0,86.0,45.0,37.0,19.0,18.0,19.0,19.0,22.0,21.0,42.0,80.0,388.0,1161.0,2012.0,2539.0,3117.0,4000.0,5650.0,6526.0,8272.0,9828.0,12529.0,16190.0,22914.0,34055.0,42116.0,41400.0,28797.0,15982.0,5803.0,1675.0,478.0,195.0,117.0,53.0,34.0,31.0,24.0,18.0,13.0,13.0,32.0,0.0,0.0,8.0,78.0,265.0,375.0,571.0,1268.0,1897.0,2357.0,2622.0,2894.0,3645.0,5143.0,5431.0,6851.0,9067.0,10710.0,14128.0,19349.0,26558.0,37629.0,45126.0,36843.0,22630.0,8411.0,1606.0,277.0,106.0,67.0,40.0,90.0
248,488,250,560,258,627,269,695,292,760,333,815,386,860,444,899,506,913,571,902,633,869,690,825,731,769,754,703,765,633,774,563,778,488,284,427,317,400,364,394,411,401,454,421,574,417,620,396,668,388,718,400,748,435,512,476,510,528,509,578,508,630,458,654,482,665,509,674,536,665,562,656,332,483,363,463,401,465,437,492,400,498,361,499,587,494,621,466,661,464,693,485,662,502,623,502,396,723,441,712,483,709,512,714,541,708,583,712,631,724,587,772,544,788,512,792,481,788,439,770,413,726,482,724,512,728,541,725,614,727,543,760,512,762,482,759,103,0.001833329343940805,20.43832508269937,0.989726951337044,995.1951147406244,0.42056504711429876,330.68601470907385,3960.3421338797925,7.75023436670517,10.274445801049612,0.0007495459363330168,2.8823189795830704,-0.4789955017009987,0.9991440169447783,0.0,39.0,275.0,1160.0,1956.0,1717.0,1364.0,1282.0,1233.0,1284.0,1665.0,2135.0,2604.0,3209.0,4348.0,6164.0,9291.0,13977.0,19639.0,24752.0,35032.0,30227.0,23929.0,15022.0,8321.0,4456.0,2453.0,1050.0,477.0,76.0,46.0,28.0,0.0,0.0,22.0,168.0,460.0,874.0,1814.0,2175.0,2136.0,1983.0,2172.0,2887.0,3995.0,4469.0,4966.0,6631.0,9987.0,16454.0,19375.0,24133.0,34393.0,34861.0,22245.0,12866.0,5711.0,2411.0,1052.0,587.0,303.0,48.0,17.0,16.0,0.0,0.0,1.0,27.0,57.0,133.0,234.0,310.0,531.0,884.0,1103.0,1565.0,2112.0,2307.0,2510.0,2630.0,2967.0,3434.0,3948.0,4918.0,6143.0,9019.0,15051.0,20923.0,23337.0,32175.0,31661.0,25062.0,15894.0,7787.0,2229.0,259.0
239,497,241,574,246,651,254,729,272,804,310,868,364,922,427,963,504,976,587,971,665,942,735,896,789,833,820,755,832,665,834,575,837,486,273,474,291,425,340,406,392,413,441,433,547,429,604,407,666,399,726,419,762,468,491,476,489,530,487,583,484,639,431,667,460,678,493,688,528,677,562,668,335,487,364,471,398,469,432,490,397,495,362,495,585,491,621,469,658,469,691,485,658,495,621,494,393,753,427,745,463,741,497,748,530,741,576,745,627,754,576,779,531,787,497,791,462,785,427,776,409,755,463,758,497,763,531,759,609,755,530,759,497,762,464,757,104,0.0005619801541237677,40.361130126610725,0.9835688552919803,1228.1859191320277,0.2781477994786972,205.11380338361266,4872.382546401508,8.095953554849356,11.452026003301274,0.00045883362666026856,3.5588565690051257,-0.3880317554417429,0.9977831180482704,10060.0,14719.0,19081.0,20790.0,21095.0,20894.0,18852.0,18333.0,18400.0,18699.0,18422.0,17871.0,17034.0,13347.0,11362.0,9685.0,6204.0,4385.0,1292.0,144.0,5.0,2.0,0.0,2.0,0.0,0.0,0.0,0.0,0.0,0.0,0.0,0.0,164.0,1129.0,3606.0,5681.0,8982.0,11755.0,16554.0,20173.0,20447.0,20382.0,20201.0,19850.0,20975.0,21854.0,22818.0,20483.0,15883.0,11828.0,10008.0,5978.0,1649.0,155.0,43.0,38.0,16.0,9.0,8.0,5.0,1.0,1.0,0.0,2.0,24.0,156.0,157.0,353.0,1190.0,2165.0,2796.0,3149.0,4330.0,5936.0,8190.0,10692.0,14040.0,16643.0,17532.0,17179.0,17320.0,16259.0,17875.0,23595.0,25671.0,24242.0,19124.0,14516.0,9010.0,6414.0,2039.0,67.0,4.0,7.0,1.0,2.0
272,493,259,561,260,634,275,707,296,781,330,850,373,916,422,976,491,998,574,989,663,956,746,909,814,846,855,769,873,681,884,593,889,505,284,420,311,389,355,386,397,398,434,421,553,419,605,398,662,393,718,409,762,445,485,483,477,534,467,583,458,635,418,666,442,678,471,689,506,679,541,673,333,480,362,457,401,462,432,496,395,496,358,493,584,502,619,471,660,471,695,497,661,506,621,506,380,747,408,729,448,724,481,733,521,728,588,739,658,758,593,828,524,856,482,857,445,849,406,815,399,754,448,753,482,759,521,757,642,761,524,814,483,816,448,806,105,0.0010606754570541385,39.77196107770526,0.9864102256594741,1463.8618252582646,0.3470366903332385,259.2640451535331,5815.675339955338,8.026406496744109,11.036910276600494,0.0005851809460904603,3.2780954732636696,-0.4306227695640753,0.9987095687433468,1328.0,4557.0,4730.0,4502.0,4347.0,4925.0,6693.0,7443.0,11869.0,13073.0,13663.0,17492.0,23062.0,33955.0,40213.0,36651.0,31663.0,17889.0,8572.0,4735.0,3037.0,2090.0,1407.0,522.0,179.0,68.0,43.0,23.0,21.0,10.0,14.0,34.0,638.0,4084.0,4409.0,4083.0,4125.0,5595.0,8311.0,8140.0,7984.0,8137.0,10265.0,9707.0,12189.0,16777.0,23491.0,33818.0,36886.0,36612.0,31452.0,16524.0,7528.0,3640.0,1908.0,1064.0,991.0,283.0,64.0,31.0,23.0,18.0,14.0,19.0,3.0,62.0,1648.0,3599.0,2823.0,2381.0,2647.0,2473.0,2287.0,2255.0,2482.0,3268.0,3721.0,3956.0,4233.0,4954.0,6468.0,8293.0,8326.0,11490.0,18092.0,27310.0,35964.0,35614.0,40697.0,35253.0,21926.0,5760.0,546.0,131.0,58.0,90.0
195,548,200,617,210,688,227,760,257,827,310,877,379,909,455,929,535,935,607,926,665,894,710,847,738,792,755,730,765,670,767,611,761,553,270,432,312,396,366,380,422,386,474,405,569,409,614,395,662,396,705,412,734,445,531,461,534,490,539,520,543,551,475,613,506,619,537,625,564,620,589,614,330,490,364,471,401,470,439,489,403,495,365,497,592,493,627,477,661,481,688,504,659,506,626,502,385,724,443,688,500,668,532,675,563,671,610,691,651,725,610,764,565,780,531,783,497,780,441,765,402,725,499,697,532,698,563,698,634,726,565,747,532,748,499,747,106,0.0010720955956740755,22.540058875868763,0.9931956877428164,1656.3891953577186,0.4526975748150589,249.57652745540815,6603.01672255501,8.293525065348355,10.780521722564805,0.0008283965130128217,2.83904049829626,-0.5229549638005865,0.9997289504745259,1120.0,3197.0,3792.0,4791.0,6863.0,8979.0,11825.0,16494.0,19262.0,17384.0,18318.0,21306.0,20200.0,16717.0,18101.0,19362.0,12857.0,12602.0,12997.0,8888.0,2622.0,833.0,552.0,462.0,196.0,164.0,47.0,25.0,22.0,11.0,1.0,0.0,770.0,2256.0,2588.0,2735.0,3034.0,3792.0,4783.0,6503.0,9045.0,11586.0,17518.0,17486.0,20375.0,17931.0,19440.0,17650.0,16401.0,16166.0,12009.0,14700.0,15309.0,15087.0,9427.0,1918.0,718.0,383.0,269.0,67.0,24.0,15.0,5.0,0.0,20.0,721.0,1266.0,1519.0,1687.0,1704.0,1709.0,1864.0,2479.0,2965.0,3409.0,4190.0,6181.0,8046.0,9526.0,13112.0,14979.0,21560.0,18767.0,18660.0,16735.0,16074.0,15659.0,13241.0,13518.0,18253.0,20357.0,8614.0,3124.0,44.0,7.0,0.0
332,504,312,564,298,631,312,701,337,773,364,847,386,925,407,998,468,1032,559,1030,665,1004,771,967,870,913,938,835,970,735,976,627,984,517,318,414,329,383,362,377,399,382,432,400,505,403,568,372,646,372,718,399,779,444,459,473,440,522,417,570,394,620,376,672,399,690,432,703,472,693,516,681,347,491,367,462,401,463,438,492,401,493,367,495,578,493,613,461,655,465,701,490,655,495,614,495,373,765,385,749,413,741,443,746,479,738,556,751,645,776,567,841,498,867,460,872,426,867,396,833,388,772,416,771,446,774,482,772,627,779,492,825,455,826,423,818,107,0.0007966321969066078,16.540346840430697,0.9956572511619302,1904.4067710200447,0.3718451468859065,223.15464504014437,7601.086737239753,8.404607763067963,11.11321302089521,0.0007407555081004463,2.9178047126481186,-0.49981868152912057,0.9996584403255652,25839.0,19323.0,23727.0,31218.0,38409.0,33723.0,27589.0,26748.0,17661.0,13954.0,11335.0,10896.0,10008.0,9225.0,8564.0,9110.0,8128.0,5544.0,4082.0,3930.0,3427.0,3018.0,2219.0,1584.0,858.0,310.0,61.0,0.0,0.0,0.0,0.0,0.0,6345.0,9232.0,6416.0,6809.0,8044.0,9079.0,12246.0,19164.0,22543.0,27972.0,34437.0,30380.0,28312.0,23941.0,16062.0,12653.0,10383.0,10603.0,10835.0,11052.0,10285.0,6355.0,5102.0,4718.0,3699.0,2254.0,1155.0,382.0,32.0,0.0,0.0,0.0,567.0,1526.0,1520.0,2047.0,2791.0,3191.0,3036.0,2617.0,2338.0,2651.0,3104.0,3370.0,4393.0,5137.0,5806.0,7814.0,11264.0,15883.0,22822.0,31784.0,39586.0,38359.0,29385.0,21244.0,15984.0,14899.0,16129.0,15108.0,11128.0,9143.0,4994.0,870.0
292,489,287,553,295,620,309,686,328,749,360,804,404,851,454,893,513,908,579,903,648,876,709,839,756,788,787,724,804,651,815,574,817,498,301,416,333,390,375,392,417,404,456,423,543,419,594,398,648,389,703,396,750,425,495,481,489,527,484,572,477,618,442,657,463,666,487,673,517,666,546,660,341,482,369,466,404,469,435,498,400,502,364,500,583,496,617,468,654,466,690,484,659,500,620,501,419,751,441,727,466,713,488,720,513,713,553,729,603,753,557,782,519,794,491,796,466,792,442,778,436,751,466,748,489,750,514,748,585,753,517,751,491,752,468,749,108,0.0016479017665501513,19.751068650786742,0.9936931633919818,1566.3690035260393,0.4581550623528601,252.9206327677673,6245.724945453372,8.219385200404705,10.60424688458953,0.0008080973953703041,2.7635003902878568,-0.53243636405182,0.9997467547808608,293.0,3125.0,4891.0,6186.0,7135.0,8005.0,10388.0,15577.0,20520.0,31096.0,32314.0,21688.0,15912.0,10643.0,5974.0,4093.0,3989.0,3754.0,2372.0,2213.0,2168.0,1986.0,1547.0,760.0,572.0,329.0,182.0,136.0,177.0,133.0,96.0,15.0,12.0,610.0,2181.0,2692.0,2883.0,3196.0,4302.0,5242.0,6499.0,6933.0,8405.0,10719.0,12770.0,16443.0,27836.0,30776.0,21655.0,15290.0,7324.0,6464.0,4891.0,4078.0,4242.0,2665.0,2220.0,2288.0,2208.0,1825.0,764.0,367.0,286.0,203.0,1.0,26.0,366.0,1080.0,1566.0,1631.0,1589.0,1655.0,1899.0,2433.0,2927.0,3335.0,4065.0,4405.0,4132.0,5166.0,7962.0,11881.0,14027.0,17180.0,27049.0,26935.0,22269.0,16072.0,8090.0,6029.0,5013.0,5686.0,4123.0,3324.0,3035.0,3318.0
273,484,268,550,273,614,289,677,316,740,353,798,391,855,435,915,495,939,567,932,637,901,701,858,752,802,787,734,802,655,812,577,815,497,287,422,319,395,364,396,408,407,449,431,553,430,602,406,655,398,708,403,754,429,495,491,491,549,486,607,481,665,427,666,454,684,488,700,526,684,561,670,333,479,365,460,405,465,440,500,399,502,359,499,580,503,617,471,658,469,694,491,662,507,621,508,376,706,420,708,465,710,498,720,536,714,597,715,661,718,600,792,538,821,497,823,460,814,417,779,397,717,464,731,498,738,535,734,644,723,537,780,499,782,464,773,109,0.0007961313362150379,26.03959199601692,0.9931772924389068,1908.6968669106654,0.3534842566507195,253.59067559297344,7608.747875646648,8.281187944822285,11.131031606992325,0.0006189672703992455,3.1137315529869785,-0.47210677536922097,0.999433450357923,292.0,5160.0,6300.0,5596.0,5171.0,5493.0,5778.0,6830.0,11007.0,18605.0,20901.0,25438.0,25565.0,20890.0,15286.0,13509.0,11676.0,8959.0,5569.0,3849.0,2198.0,1563.0,1228.0,901.0,527.0,319.0,63.0,18.0,11.0,6.0,2.0,13.0,15.0,2684.0,5447.0,5137.0,4640.0,4094.0,4241.0,4299.0,3999.0,4930.0,6757.0,9411.0,15121.0,19502.0,19539.0,21489.0,20395.0,16932.0,14621.0,13539.0,11836.0,8654.0,5996.0,2886.0,1411.0,756.0,320.0,35.0,22.0,7.0,4.0,4.0,8.0,594.0,3536.0,4064.0,3848.0,3661.0,3204.0,2678.0,2424.0,2276.0,2400.0,2835.0,2863.0,2769.0,3147.0,4100.0,5144.0,8086.0,11558.0,13938.0,17712.0,21306.0,20226.0,16083.0,15581.0,16990.0,16716.0,14759.0,5838.0,302.0,47.0,30.0
213,496,217,572,227,648,241,722,268,792,315,855,375,907,444,947,518,959,590,945,652,903,705,850,745,786,768,715,780,642,787,571,789,499,279,427,314,390,367,379,419,391,467,413,560,412,607,393,658,383,707,394,739,430,517,471,519,526,520,580,522,635,455,671,487,680,520,690,551,681,581,671,335,484,367,464,404,467,437,494,402,495,365,493,590,494,622,467,658,466,690,486,660,495,624,496,386,757,433,739,483,729,517,737,550,729,595,740,636,758,597,802,553,829,517,835,480,830,431,805,400,761,482,753,517,756,551,752,622,762,551,789,517,795,482,789,11,0.0009020684865715265,33.04637418983248,0.9901872789385725,1683.8986572934282,0.37022055518129854,340.0255092831054,6702.548254983896,8.232595843843498,11.124855765179271,0.0006221253902663718,3.170638844693533,-0.46278785328205513,0.9992945533301518,426.0,973.0,1948.0,2200.0,1967.0,2190.0,2566.0,3139.0,3727.0,6002.0,8358.0,8558.0,9851.0,12524.0,14623.0,17509.0,20120.0,18554.0,17583.0,19904.0,18499.0,18482.0,15752.0,12679.0,7310.0,6116.0,5779.0,1553.0,893.0,547.0,414.0,91.0,380.0,584.0,1094.0,1768.0,1493.0,1401.0,1493.0,2022.0,2588.0,2609.0,2831.0,3175.0,4329.0,7200.0,8085.0,8681.0,10266.0,13468.0,15585.0,20137.0,24072.0,20218.0,22788.0,21140.0,20461.0,17252.0,10593.0,7665.0,4961.0,1398.0,781.0,319.0,68.0,150.0,503.0,682.0,796.0,768.0,657.0,665.0,631.0,767.0,936.0,1031.0,1078.0,1131.0,1332.0,1741.0,2222.0,2768.0,3200.0,4849.0,7460.0,9027.0,12353.0,18895.0,24315.0,28838.0,29216.0,30408.0,25801.0,27007.0,15314.0,6228.0
193,533,208,615,223,690,241,763,269,831,320,885,389,919,457,948,529,957,597,940,661,905,723,865,766,812,786,744,794,670,802,596,813,520,253,463,285,412,339,383,401,376,460,390,570,389,626,375,686,380,737,410,765,459,521,470,523,511,526,550,529,590,464,632,495,640,526,648,556,640,584,632,333,491,368,469,406,470,440,495,405,499,366,498,588,496,620,470,657,471,692,492,660,498,623,499,380,740,431,699,487,684,522,689,559,683,612,696,653,732,616,805,565,836,524,841,486,839,430,812,398,740,488,704,523,706,559,703,635,732,562,802,523,807,486,805,110,0.001090210957947829,35.50145325693193,0.9826112637682981,1020.9096967347705,0.35957087792023207,256.1493401692122,4048.13733368216,7.895473342328307,10.766724502534101,0.0006266508928124801,3.1368145019102385,-0.44028892044216994,0.9987303178128809,218.0,1389.0,2404.0,1528.0,2047.0,3551.0,6561.0,11467.0,16628.0,17859.0,20429.0,22239.0,24631.0,29013.0,32725.0,32387.0,23799.0,15977.0,10341.0,5949.0,2145.0,610.0,183.0,93.0,41.0,27.0,27.0,18.0,15.0,17.0,12.0,27.0,306.0,2142.0,1847.0,1216.0,1298.0,2012.0,3553.0,6039.0,9070.0,12443.0,15661.0,17569.0,16807.0,19397.0,24706.0,29988.0,32612.0,33012.0,23032.0,15529.0,10808.0,4304.0,655.0,137.0,61.0,32.0,28.0,22.0,14.0,19.0,16.0,22.0,20.0,613.0,1327.0,1197.0,812.0,771.0,657.0,616.0,959.0,1337.0,1991.0,2971.0,4382.0,6259.0,8305.0,10650.0,11525.0,12938.0,15539.0,20053.0,29218.0,37849.0,38903.0,32238.0,26254.0,13817.0,2737.0,245.0,59.0,27.0,17.0,71.0
204,500,208,581,213,658,226,735,255,808,303,872,366,925,436,967,512,982,587,965,651,921,705,867,746,803,773,733,784,660,790,586,793,508,270,452,303,410,358,392,414,399,464,421,570,421,615,398,667,390,717,407,745,448,516,478,517,531,518,583,520,637,456,671,486,680,519,689,550,679,578,668,333,488,363,471,396,472,431,491,397,493,363,493,591,490,624,471,656,472,685,489,656,493,624,492,384,757,436,748,486,741,519,750,551,742,596,748,640,756,596,807,552,832,517,836,482,832,433,811,400,763,485,763,518,766,550,762,624,760,551,793,518,797,484,793,111,0.0019864477436959925,18.832262122897575,0.9895374911713197,900.1618617565964,0.4836814137070877,317.96812522789446,3581.8151849035057,7.7536638409899865,10.022739662716385,0.0010173044695707917,2.692873944821327,-0.5171622484013523,0.9994730426025613,162.0,320.0,436.0,1094.0,1341.0,1435.0,1599.0,2058.0,2972.0,4484.0,8290.0,11880.0,19036.0,22869.0,24624.0,28716.0,25903.0,29870.0,25806.0,24603.0,15759.0,11771.0,4501.0,2459.0,603.0,51.0,8.0,0.0,0.0,0.0,0.0,0.0,68.0,179.0,297.0,307.0,631.0,1210.0,1221.0,1198.0,1363.0,1758.0,2221.0,2769.0,3468.0,5466.0,8262.0,13689.0,20804.0,24877.0,30954.0,27103.0,26736.0,32707.0,35100.0,16497.0,10964.0,2522.0,279.0,0.0,0.0,0.0,0.0,0.0,0.0,12.0,73.0,237.0,267.0,434.0,805.0,874.0,978.0,905.0,890.0,1162.0,1445.0,1751.0,1972.0,2392.0,3668.0,5068.0,8544.0,14079.0,15979.0,20664.0,28714.0,30454.0,32452.0,40420.0,35178.0,18740.0,4469.0,24.0,0.0,0.0
273,497,265,566,263,639,268,715,284,790,317,860,363,921,421,970,496,987,575,980,648,943,707,890,750,824,778,750,790,672,799,593,802,515,291,432,320,399,364,389,409,395,451,413,554,411,605,389,660,383,714,398,752,435,501,475,496,523,490,573,483,623,439,661,464,670,491,678,522,671,551,664,338,486,367,463,404,465,435,495,400,497,364,497,587,494,619,463,658,462,690,486,660,497,622,498,379,755,415,728,462,716,495,724,531,717,589,730,641,755,591,816,535,844,496,848,459,843,414,813,396,757,461,746,495,750,532,747,626,758,534,801,496,804,461,799,112,0.0009574919371779023,24.343158930467713,0.9907078442923902,1310.0744103900915,0.3893542658155541,241.52037215048153,5215.954482629904,8.182840466998138,10.886508857466637,0.0006794726579878904,3.004308293397275,-0.485400537897278,0.9994835696475426,615.0,3535.0,5431.0,7266.0,9873.0,11718.0,16920.0,24015.0,29895.0,29506.0,28905.0,27918.0,27831.0,18571.0,11134.0,5573.0,1984.0,1318.0,854.0,570.0,414.0,351.0,178.0,107.0,68.0,52.0,24.0,23.0,18.0,18.0,9.0,17.0,234.0,1634.0,1794.0,1610.0,2521.0,4537.0,7392.0,9411.0,11329.0,13640.0,19313.0,22324.0,25426.0,25395.0,22487.0,18547.0,20214.0,15829.0,13758.0,12368.0,5356.0,3162.0,3156.0,2192.0,773.0,143.0,51.0,36.0,24.0,12.0,17.0,26.0,33.0,537.0,1293.0,1228.0,887.0,704.0,664.0,827.0,1409.0,2106.0,3418.0,5639.0,6907.0,7039.0,7557.0,8519.0,11645.0,13985.0,17641.0,22903.0,23293.0,20766.0,17306.0,16895.0,14271.0,13180.0,10182.0,12231.0,11038.0,3293.0,2757.0,4558.0
263,490,261,557,266,622,279,690,301,753,335,812,378,869,426,921,494,939,568,930,637,892,701,845,758,789,789,721,802,645,811,571,818,494,281,449,309,409,360,399,412,406,461,428,545,425,600,400,658,392,716,406,757,445,494,478,489,527,483,576,478,627,434,653,458,664,485,676,519,664,552,655,332,489,363,470,401,471,436,496,398,501,361,502,585,495,621,472,660,470,691,490,662,502,623,502,383,719,425,714,465,711,495,719,530,713,582,718,642,720,584,765,530,786,494,789,461,783,423,760,404,728,463,741,495,745,530,742,621,728,529,745,495,748,462,742,113,0.001274252330172345,16.541301825505073,0.9915791812530688,982.447257888889,0.4040994547720991,276.2566006780631,3913.2477297300647,7.918802162250767,10.470652556754343,0.0007344449397110222,2.857619308237931,-0.48746387665843177,0.9993446068872902,48.0,462.0,1217.0,2119.0,2594.0,2939.0,3649.0,5959.0,8102.0,12104.0,18888.0,27575.0,32884.0,32151.0,28432.0,18395.0,13411.0,10012.0,7402.0,4168.0,1790.0,735.0,109.0,86.0,57.0,52.0,20.0,15.0,17.0,4.0,5.0,7.0,1.0,73.0,450.0,912.0,1402.0,2170.0,2461.0,2714.0,2986.0,4069.0,6962.0,8582.0,12358.0,17170.0,24356.0,29740.0,26814.0,27134.0,21732.0,17729.0,12545.0,8654.0,3378.0,772.0,101.0,72.0,31.0,21.0,11.0,5.0,2.0,1.0,0.0,8.0,106.0,339.0,416.0,513.0,793.0,1258.0,1348.0,1503.0,1382.0,1552.0,1973.0,2969.0,4006.0,5080.0,6871.0,7960.0,10910.0,15362.0,20232.0,19702.0,18180.0,19742.0,23731.0,21951.0,14783.0,14290.0,12039.0,5952.0,424.0,33.0
200,493,215,569,233,639,251,707,278,769,325,816,387,850,450,878,517,886,582,876,645,846,704,810,746,760,771,697,784,628,799,559,812,485,258,454,292,408,348,387,409,387,466,404,557,406,614,388,674,384,731,403,763,449,513,480,513,513,514,547,514,582,465,632,489,634,514,634,538,633,561,631,329,490,362,463,407,463,441,499,405,513,358,512,582,498,615,459,660,458,693,486,664,508,618,511,425,729,462,705,495,687,516,691,537,686,571,702,609,725,573,748,541,757,518,758,495,757,464,750,445,725,495,714,516,714,538,713,588,722,539,720,517,722,495,722,114,0.0014622100931121944,22.050751939333637,0.9908134419204169,1200.5134425134884,0.4134261683035673,279.56756803488594,4780.003018114614,7.931606081151379,10.50866152291739,0.000734742686976414,2.9133960096587064,-0.48481972027345377,0.9993365131907681,43.0,1517.0,2369.0,1835.0,1943.0,2144.0,3028.0,4791.0,5730.0,7749.0,10624.0,12862.0,14616.0,20277.0,25147.0,31016.0,32205.0,24615.0,14729.0,9210.0,5473.0,2685.0,693.0,249.0,73.0,29.0,17.0,3.0,1.0,1.0,4.0,15.0,48.0,740.0,2410.0,1777.0,1353.0,1635.0,2078.0,2594.0,4022.0,5300.0,7189.0,7899.0,8877.0,10918.0,12764.0,18355.0,22077.0,27885.0,32606.0,29113.0,16480.0,10496.0,6328.0,2398.0,242.0,60.0,23.0,9.0,6.0,4.0,4.0,3.0,40.0,220.0,987.0,1418.0,1087.0,997.0,968.0,845.0,1044.0,1408.0,1634.0,2503.0,3283.0,3875.0,4687.0,5482.0,6543.0,7887.0,9859.0,13456.0,17818.0,22404.0,26409.0,30049.0,29797.0,20234.0,12371.0,7489.0,798.0,73.0,20.0,8.0
296,500,293,566,298,633,306,700,320,770,346,835,383,894,428,949,491,969,569,965,645,927,716,880,777,818,815,745,833,664,845,581,853,497,297,445,316,409,359,401,406,408,449,428,533,429,590,406,653,398,715,412,763,449,482,480,475,536,467,591,459,649,425,677,446,690,471,701,505,690,539,680,340,486,366,466,403,466,436,493,400,500,363,501,584,493,617,467,657,467,692,487,659,501,620,500,392,764,420,753,451,749,482,760,516,751,565,759,619,768,564,800,516,814,481,816,447,809,420,790,408,767,450,772,482,779,516,776,601,771,516,776,482,779,450,772,115,0.0007977382815398646,20.003343941139583,0.991855311294986,1228.1640190699172,0.3376909794363512,188.21555371823837,4892.652732338531,8.086409495786121,11.019864067223343,0.0007683690786663589,3.127621017255385,-0.4459925955332569,0.9990185448394632,317.0,2114.0,4611.0,7151.0,10481.0,17423.0,29608.0,35082.0,26562.0,19391.0,14332.0,12422.0,11345.0,11388.0,10516.0,9909.0,7815.0,7626.0,5357.0,4388.0,2307.0,611.0,67.0,36.0,44.0,33.0,0.0,0.0,0.0,0.0,0.0,0.0,143.0,1094.0,3279.0,4787.0,6674.0,9620.0,12534.0,23230.0,32087.0,29655.0,21497.0,16868.0,13981.0,12664.0,11361.0,10703.0,9807.0,10091.0,8688.0,5774.0,4472.0,1705.0,138.0,57.0,27.0,0.0,0.0,0.0,0.0,0.0,0.0,0.0,18.0,320.0,989.0,2156.0,2834.0,3550.0,4525.0,6536.0,8578.0,14230.0,19515.0,21712.0,22722.0,22192.0,18409.0,15029.0,13562.0,13316.0,14636.0,15122.0,10303.0,7953.0,8375.0,4250.0,104.0,0.0,0.0,0.0,0.0,0.0,0.0,0.0
194,499,198,581,203,658,218,736,254,806,309,862,374,906,444,936,518,943,592,933,656,898,713,851,754,789,779,721,790,645,794,571,794,492,282,431,314,393,366,380,418,390,469,408,573,409,616,389,664,380,710,394,737,431,516,473,517,526,520,577,521,631,455,658,485,668,518,679,549,668,578,658,342,485,370,469,401,468,427,485,399,492,369,493,598,487,625,471,656,470,683,485,658,494,626,492,395,746,442,742,484,737,514,745,541,738,580,744,626,748,583,781,545,796,515,798,483,794,442,777,413,750,483,760,514,765,542,763,609,753,543,756,515,759,485,756,116,0.0012099451211046595,36.34277584909276,0.9650665424266461,520.3473826076993,0.3146706802632764,221.56089178247163,2045.0467545816973,7.4854332284557294,10.576789492427405,0.0005431383193854296,3.2875260722858135,-0.3722138671192479,0.9955344692348504,58.0,387.0,1365.0,2416.0,3900.0,7265.0,14302.0,31002.0,49355.0,54783.0,43487.0,29823.0,17484.0,8771.0,3584.0,1403.0,615.0,294.0,171.0,109.0,86.0,60.0,84.0,46.0,36.0,41.0,33.0,34.0,25.0,10.0,6.0,8.0,14.0,74.0,343.0,1095.0,2197.0,2745.0,4197.0,5927.0,9531.0,16084.0,28639.0,41549.0,50455.0,45422.0,29664.0,17369.0,9181.0,3884.0,1448.0,494.0,198.0,117.0,93.0,85.0,51.0,41.0,41.0,43.0,28.0,24.0,8.0,2.0,0.0,9.0,31.0,154.0,293.0,741.0,1274.0,1533.0,1693.0,2055.0,2557.0,3296.0,4484.0,6570.0,10511.0,17111.0,22183.0,25123.0,31512.0,34643.0,34628.0,25928.0,16863.0,10770.0,9076.0,5829.0,1695.0,287.0,85.0,58.0,31.0,20.0
251,473,249,545,253,621,265,694,294,768,334,833,381,897,432,952,501,970,581,961,659,916,734,862,802,798,849,720,870,632,877,543,884,447,258,449,286,411,337,405,394,413,442,440,505,437,572,407,646,402,718,416,775,451,471,486,464,543,457,601,449,659,402,672,430,692,464,706,507,689,547,674,314,482,344,470,379,472,416,488,380,493,345,494,574,488,614,470,651,470,690,479,654,493,615,495,358,736,406,744,447,750,478,758,518,751,578,748,651,737,585,790,527,813,484,816,448,811,406,791,375,743,447,761,479,768,520,762,631,743,522,777,481,781,448,776,117,0.0003236416606080464,117.62748594589696,0.9717222538960727,2079.8895646990723,0.22988407131052574,207.02839525125714,8201.930772850392,8.472894504961605,12.383095055952884,0.00035015348146265487,4.119821320924304,-0.34577568941069625,0.9968781958984726,1559.0,7231.0,8681.0,11820.0,14595.0,16745.0,17718.0,18661.0,19174.0,18740.0,18618.0,18711.0,18149.0,15660.0,14675.0,15508.0,17136.0,6956.0,4706.0,3280.0,2544.0,1965.0,1319.0,891.0,253.0,6.0,1.0,0.0,2.0,2.0,0.0,0.0,1318.0,7041.0,6111.0,7244.0,10466.0,12547.0,14260.0,14913.0,14929.0,16035.0,16722.0,16332.0,16912.0,17716.0,18200.0,16853.0,17182.0,16405.0,13353.0,7540.0,4664.0,3554.0,2394.0,1576.0,897.0,136.0,2.0,1.0,1.0,2.0,0.0,0.0,207.0,3794.0,6155.0,3915.0,4044.0,5283.0,6547.0,8557.0,9196.0,9153.0,9824.0,10876.0,11371.0,11590.0,12665.0,13771.0,15147.0,16095.0,12147.0,12156.0,12381.0,12088.0,11025.0,10961.0,12143.0,11976.0,8549.0,5490.0,4114.0,2865.0,1144.0,77.0
291,490,283,560,283,632,297,703,318,773,349,841,387,902,431,952,495,968,581,966,672,937,758,894,834,836,886,760,915,672,929,579,939,484,290,412,314,380,359,378,404,392,447,418,525,415,593,387,669,380,746,396,806,439,486,476,476,530,464,582,452,637,413,668,438,683,470,695,512,684,555,672,334,484,359,468,394,469,432,490,394,493,359,494,606,488,646,469,686,470,730,485,687,494,645,493,387,762,414,750,445,743,476,755,510,746,565,757,630,772,568,813,515,832,477,833,444,827,414,804,402,765,444,774,476,780,512,777,609,773,512,780,477,784,445,776,118,0.000864102332415799,30.722040636157054,0.986375107618789,1127.4776991551412,0.329199656154073,134.97367371331143,4479.188755984407,7.971109599295199,10.96468599489823,0.0006022414441014449,3.1872693457857277,-0.42899394408564745,0.9986017159376976,2343.0,15451.0,45182.0,53676.0,41037.0,33783.0,29293.0,17702.0,10500.0,8269.0,7465.0,7388.0,6048.0,4607.0,3679.0,3579.0,3310.0,2861.0,1590.0,1002.0,508.0,310.0,115.0,94.0,52.0,49.0,36.0,13.0,16.0,4.0,2.0,1.0,1120.0,5802.0,18433.0,30324.0,34138.0,42879.0,33121.0,26343.0,27497.0,19475.0,11846.0,9623.0,8576.0,7669.0,5348.0,3739.0,3445.0,3359.0,3106.0,2006.0,1137.0,474.0,248.0,83.0,65.0,42.0,28.0,15.0,12.0,11.0,1.0,0.0,293.0,2572.0,3663.0,8242.0,14079.0,14561.0,14630.0,16832.0,19589.0,24929.0,24812.0,24040.0,18482.0,18890.0,19584.0,16957.0,13813.0,11383.0,8672.0,6424.0,4624.0,4049.0,3797.0,2408.0,1602.0,825.0,145.0,24.0,22.0,12.0,10.0,0.0
223,482,223,558,228,631,234,707,256,778,301,836,363,883,432,923,504,938,575,925,642,890,704,847,750,791,776,723,789,649,802,573,811,494,272,436,307,401,358,391,408,399,453,421,569,418,616,399,666,392,715,404,751,436,511,482,510,535,510,585,509,637,453,661,479,670,508,679,538,669,566,659,332,489,364,467,403,470,438,499,400,504,361,503,587,499,620,471,657,470,690,490,660,504,623,505,387,736,432,718,475,712,506,718,538,712,583,718,628,735,586,783,541,804,507,807,472,803,429,782,402,737,474,730,506,733,538,729,613,736,541,773,507,777,474,772,119,0.0016391229854825567,43.475053242038086,0.98428163789196,1383.358392305221,0.380990718885469,358.5968421682238,5489.958515978844,7.801322208476641,10.579266833380807,0.000643112197060059,3.1795364667612587,-0.44589422123107986,0.9987243325174633,1710.0,1514.0,1150.0,992.0,1131.0,1545.0,2091.0,2751.0,3537.0,4395.0,5124.0,6102.0,7772.0,9591.0,11255.0,13937.0,18302.0,25601.0,31535.0,29801.0,26916.0,19941.0,12968.0,7284.0,3642.0,2060.0,1001.0,272.0,37.0,14.0,12.0,9.0,524.0,992.0,1264.0,1059.0,880.0,798.0,1012.0,1508.0,2127.0,2562.0,2886.0,3515.0,3788.0,4372.0,4814.0,5487.0,7144.0,10235.0,12564.0,15798.0,21092.0,27428.0,36858.0,35005.0,25843.0,16697.0,4468.0,1834.0,1031.0,343.0,40.0,24.0,85.0,262.0,381.0,430.0,472.0,527.0,567.0,511.0,582.0,560.0,552.0,527.0,589.0,625.0,810.0,990.0,1191.0,1334.0,1693.0,2061.0,2570.0,3070.0,3674.0,4464.0,5562.0,7920.0,11688.0,15721.0,21837.0,33492.0,55509.0,73736.0
256,495,262,561,272,624,282,692,298,758,334,816,386,863,444,902,511,917,583,906,654,872,723,833,779,780,809,713,827,640,842,567,853,489,282,434,310,403,353,393,400,400,443,417,547,415,601,396,659,391,715,405,760,436,496,484,491,524,487,563,482,603,446,649,468,656,490,661,516,657,544,652,337,488,366,465,404,467,435,500,402,505,363,504,586,499,616,468,656,468,693,489,660,503,620,505,397,737,434,720,470,708,496,713,525,709,575,720,632,733,578,773,529,789,499,792,471,788,435,771,414,739,471,724,497,727,526,725,613,737,527,763,498,765,471,761,12,0.0038925107894214137,23.83515527225357,0.9890707812911755,1090.3642971145018,0.5467393907852024,408.06889361666435,4337.622033185769,7.455315643885957,9.37947289014041,0.001027200351983382,2.5852722154604093,-0.5510845756020003,0.999560538073047,34.0,91.0,198.0,216.0,197.0,273.0,526.0,602.0,717.0,773.0,1092.0,1300.0,1460.0,1618.0,2033.0,2158.0,2356.0,2748.0,3317.0,4036.0,5887.0,8358.0,12137.0,16432.0,26862.0,35193.0,37561.0,37755.0,24048.0,12468.0,443.0,7.0,47.0,185.0,275.0,328.0,312.0,448.0,612.0,877.0,1002.0,1125.0,1268.0,1516.0,1718.0,1747.0,1642.0,1696.0,1842.0,2380.0,3225.0,4224.0,7064.0,9827.0,13598.0,16359.0,27132.0,37222.0,37363.0,34459.0,22649.0,10672.0,82.0,0.0,67.0,186.0,299.0,166.0,187.0,336.0,568.0,693.0,765.0,708.0,509.0,425.0,380.0,367.0,385.0,461.0,551.0,658.0,891.0,1213.0,1302.0,1476.0,1991.0,2929.0,4206.0,6305.0,10555.0,20634.0,61672.0,68377.0,45787.0,7847.0
108,484,116,574,125,664,150,747,198,820,270,875,356,912,441,938,514,946,569,924,601,873,629,817,650,759,667,698,677,637,679,577,672,520,290,458,343,432,403,419,464,424,522,441,582,449,613,435,648,423,680,426,697,450,555,493,565,534,576,574,589,616,508,668,535,672,560,678,579,673,594,661,351,489,390,471,427,467,451,499,421,504,386,502,575,500,603,470,635,467,653,489,637,503,604,504,441,770,495,747,536,731,556,737,572,731,589,745,598,769,584,788,567,796,550,797,528,794,491,784,462,766,533,756,553,757,569,756,587,766,569,762,554,763,534,762,120,0.0026447936509968284,13.8583239861298,0.9946347997759133,1291.7864347822488,0.5349009750120769,345.6533285689957,5153.2874151428405,7.797975601601759,9.778369725620708,0.0010951729356768265,2.486620402818195,-0.563372180378777,0.9997404561016972,1473.0,1492.0,1154.0,1182.0,1171.0,1292.0,1425.0,2059.0,2570.0,3249.0,5859.0,6824.0,7893.0,8253.0,9195.0,11448.0,13148.0,13902.0,17151.0,22724.0,21461.0,25138.0,17933.0,18203.0,12914.0,6030.0,1124.0,16.0,2.0,1.0,1.0,0.0,813.0,1094.0,864.0,899.0,959.0,1065.0,1185.0,1160.0,1346.0,1445.0,1994.0,2688.0,3210.0,5002.0,8809.0,9106.0,8986.0,11129.0,13617.0,15801.0,20457.0,28486.0,31755.0,26237.0,19980.0,14196.0,3954.0,49.0,1.0,0.0,0.0,0.0,71.0,274.0,326.0,421.0,409.0,375.0,452.0,453.0,546.0,572.0,626.0,672.0,624.0,715.0,875.0,980.0,995.0,1086.0,1448.0,1669.0,2621.0,3346.0,5935.0,10276.0,11874.0,17603.0,28294.0,40932.0,69269.0,31864.0,674.0,10.0
174,472,183,555,194,636,209,719,241,793,297,857,366,909,436,956,511,969,584,954,645,904,702,849,747,784,770,708,778,627,787,547,795,466,244,455,293,419,356,409,419,416,482,432,562,431,618,417,673,411,726,417,763,451,523,479,524,528,527,579,530,631,465,669,495,676,526,684,555,675,582,664,331,484,366,473,402,471,433,487,400,491,365,491,593,485,622,470,656,471,688,481,659,488,625,488,392,755,444,748,491,739,521,747,551,738,593,747,634,755,595,802,555,827,521,833,489,829,441,806,413,763,490,760,521,763,551,759,614,762,553,788,521,794,490,790,121,0.0009240784335642106,34.0185149985936,0.9890913828013993,1559.4600932552394,0.3425235341249668,296.9466425915589,6203.821858022351,8.051636458295546,11.061726903740164,0.0006228513113572427,3.2549338610899072,-0.43310628360867554,0.9987778662073731,262.0,1056.0,1420.0,1895.0,2389.0,2618.0,4921.0,8402.0,12164.0,10596.0,10652.0,10913.0,11297.0,12742.0,15343.0,20322.0,26034.0,30734.0,32398.0,23874.0,15936.0,7504.0,3004.0,812.0,230.0,50.0,13.0,6.0,1.0,1.0,0.0,0.0,56.0,596.0,1078.0,1275.0,1645.0,2142.0,2286.0,2822.0,6007.0,11858.0,11451.0,10158.0,10433.0,9841.0,10375.0,12143.0,14662.0,17616.0,24152.0,28426.0,34951.0,32541.0,15420.0,4492.0,961.0,169.0,29.0,3.0,1.0,0.0,0.0,0.0,0.0,15.0,386.0,500.0,515.0,714.0,910.0,1079.0,1301.0,1572.0,1836.0,2352.0,3188.0,6037.0,6778.0,8937.0,9012.0,7823.0,7686.0,7557.0,8128.0,9108.0,12402.0,15213.0,17377.0,22724.0,26601.0,30432.0,31608.0,17683.0,6550.0,1565.0
152,491,156,575,162,655,177,736,212,811,273,876,351,929,432,967,513,973,584,960,637,913,677,853,705,786,720,712,734,638,738,563,737,495,268,452,315,413,378,400,442,407,503,428,566,424,613,406,662,401,707,415,733,453,541,473,549,523,559,572,568,624,477,664,512,675,547,685,574,679,597,667,339,481,373,462,413,461,445,485,410,495,372,495,579,489,614,463,654,463,681,486,654,500,616,499,413,766,456,742,500,732,535,743,565,735,594,748,615,771,590,794,561,810,529,813,491,810,452,794,431,767,498,763,533,768,564,765,599,770,563,770,531,774,495,771,122,0.0008237985044783523,30.319699423640703,0.9915170583505126,1787.445977808682,0.3086663708455832,227.39648119114392,7119.46421181109,8.237775240983943,11.328813913328986,0.000528667132762624,3.3113004329729083,-0.43588293406547535,0.9990106363614046,61.0,1460.0,4111.0,5432.0,5677.0,8363.0,10371.0,11741.0,14707.0,23356.0,32364.0,32801.0,32203.0,20424.0,11022.0,5754.0,5756.0,5545.0,4653.0,3827.0,3464.0,3495.0,3539.0,3112.0,2525.0,2554.0,2794.0,2580.0,2391.0,1629.0,360.0,89.0,15.0,660.0,2596.0,4911.0,4776.0,5304.0,7072.0,9281.0,10793.0,12398.0,17506.0,27804.0,34081.0,34922.0,27730.0,14384.0,8049.0,6076.0,5084.0,4250.0,3473.0,3537.0,3486.0,3323.0,3080.0,2779.0,2578.0,2544.0,2321.0,2374.0,880.0,93.0,13.0,119.0,993.0,2294.0,2822.0,3405.0,3284.0,2762.0,3358.0,5186.0,6390.0,8559.0,11158.0,14304.0,20092.0,23818.0,29142.0,36938.0,29882.0,16874.0,7257.0,5931.0,4793.0,4219.0,4282.0,3901.0,3535.0,3404.0,3153.0,2670.0,2836.0,786.0
180,525,185,606,193,683,211,758,250,825,306,877,375,915,447,943,524,949,591,934,642,894,684,846,711,787,725,723,733,657,738,592,739,528,276,446,311,405,365,384,423,389,477,408,576,410,620,392,669,388,712,411,725,460,529,471,534,519,540,566,546,617,469,658,502,666,535,674,562,667,586,657,335,488,364,467,400,468,432,490,400,496,364,498,586,492,618,470,652,471,676,494,652,501,618,499,406,771,456,751,499,741,529,748,555,739,588,750,619,770,589,784,560,793,531,796,501,795,458,785,422,768,499,763,528,766,556,762,606,767,558,765,531,769,501,767,123,0.0009236229831768964,22.94895698344596,0.9874240057600354,912.5687892823462,0.3020606999655704,269.26297227123973,3627.326200145955,7.7837548960567124,10.828417632688469,0.0006389806633001725,3.2389156297460437,-0.40538389782787176,0.9977578447595389,305.0,949.0,2024.0,3278.0,4964.0,6202.0,6831.0,9109.0,15542.0,24949.0,30936.0,36559.0,32870.0,27671.0,21496.0,14502.0,11267.0,4122.0,630.0,235.0,19.0,2.0,1.0,0.0,1.0,0.0,1.0,0.0,0.0,0.0,0.0,0.0,32.0,327.0,476.0,1184.0,2019.0,2672.0,3585.0,4295.0,4578.0,4926.0,5896.0,8193.0,12117.0,19271.0,27293.0,34211.0,37476.0,29948.0,22301.0,16173.0,13136.0,3866.0,455.0,34.0,0.0,0.0,1.0,0.0,0.0,0.0,0.0,0.0,8.0,26.0,68.0,82.0,139.0,362.0,948.0,1263.0,1432.0,1747.0,2165.0,2424.0,2944.0,3930.0,4158.0,4260.0,4901.0,5941.0,7962.0,12477.0,18245.0,24235.0,28471.0,36106.0,29673.0,23617.0,15983.0,13776.0,6821.0,300.0,1.0,0.0
303,521,303,585,310,649,319,713,328,781,354,844,395,893,443,931,510,944,586,942,660,914,724,873,771,817,800,751,810,679,812,606,816,532,312,450,334,411,375,401,417,411,459,428,531,425,585,404,642,393,700,402,745,436,492,475,487,524,481,574,475,626,445,666,465,675,487,683,515,675,543,669,356,489,378,469,414,470,445,494,411,504,377,505,582,492,613,467,652,467,683,486,654,502,616,501,408,768,435,750,466,737,492,746,522,737,564,752,609,770,566,794,525,804,494,805,467,802,438,790,424,768,466,762,493,767,523,763,592,769,523,767,494,770,467,766,124,0.0005614453139169054,19.32175479325432,0.9956808212643609,2236.8274884490806,0.329332547087959,254.17762581093987,8927.988199003072,8.560010185208446,11.49856676026709,0.000592635411237927,3.1279989686953975,-0.4796557913517192,0.9996077647292816,295.0,1517.0,3230.0,4457.0,6300.0,7160.0,7792.0,8279.0,9467.0,12207.0,15550.0,19542.0,20109.0,13318.0,11663.0,10827.0,9594.0,10468.0,11963.0,11765.0,9816.0,7700.0,5744.0,4666.0,3229.0,2138.0,1581.0,1045.0,402.0,368.0,273.0,91.0,164.0,1191.0,2358.0,3067.0,4558.0,6710.0,6493.0,7552.0,8499.0,9550.0,10650.0,14994.0,19258.0,20752.0,13503.0,12251.0,10909.0,9770.0,10773.0,11351.0,10063.0,9126.0,7729.0,6129.0,4615.0,3921.0,2792.0,1964.0,942.0,486.0,427.0,9.0,14.0,203.0,725.0,1172.0,1301.0,1573.0,1955.0,2656.0,3861.0,4447.0,4953.0,6082.0,6675.0,7328.0,9471.0,11661.0,14933.0,17282.0,18921.0,16332.0,12168.0,10234.0,10358.0,11227.0,11670.0,11559.0,9437.0,7647.0,5699.0,5145.0,3679.0,2188.0
282,510,282,575,288,640,301,704,316,766,342,825,379,875,423,918,491,932,568,929,648,900,726,860,788,807,827,739,846,661,850,581,854,498,293,437,315,401,357,392,401,401,443,420,542,415,598,398,656,390,711,403,755,435,490,474,483,521,476,567,468,616,430,651,454,661,481,670,516,661,549,653,339,490,365,467,402,468,438,493,401,502,363,504,584,491,616,465,655,465,690,486,659,500,620,500,400,757,428,740,459,731,486,739,517,732,563,743,614,759,563,782,516,794,483,795,454,792,426,783,416,760,459,758,487,761,518,759,594,760,515,755,483,758,456,755,125,0.0010091225635161976,18.560869814333543,0.9873508867906235,733.8353175980537,0.34312892248853244,232.04161752959823,2916.7804005778708,7.776536849623515,10.614243338627155,0.0006368255102383094,3.0274287818562913,-0.435061982821087,0.9984909193917003,5.0,179.0,840.0,2051.0,3797.0,6895.0,16885.0,28983.0,32638.0,32323.0,33282.0,28162.0,21801.0,19887.0,13343.0,4995.0,2364.0,1233.0,377.0,132.0,49.0,39.0,21.0,22.0,13.0,8.0,2.0,2.0,3.0,5.0,3.0,11.0,0.0,5.0,222.0,950.0,1469.0,2027.0,3196.0,6398.0,10268.0,14892.0,25738.0,27932.0,28706.0,31197.0,28476.0,22561.0,19549.0,11938.0,7779.0,5177.0,1498.0,213.0,52.0,39.0,22.0,16.0,9.0,5.0,5.0,3.0,6.0,2.0,0.0,0.0,11.0,137.0,395.0,879.0,1043.0,1422.0,1526.0,1995.0,3084.0,4763.0,5380.0,5973.0,8822.0,13457.0,20389.0,22511.0,22923.0,25732.0,25128.0,21038.0,18579.0,12892.0,11759.0,9542.0,5579.0,3948.0,1377.0,56.0,8.0,2.0
162,486,169,569,179,647,193,726,228,803,289,857,368,899,449,934,531,936,606,928,664,894,703,843,728,778,744,709,755,638,758,569,755,499,262,461,310,421,378,401,448,406,510,431,551,436,608,414,670,412,726,434,753,477,536,465,542,513,550,558,557,609,465,634,503,651,544,665,577,653,604,639,335,479,368,463,403,463,437,479,405,485,370,485,596,487,632,473,664,477,690,494,662,499,630,496,405,731,464,710,512,705,544,714,578,709,615,717,644,738,612,758,575,763,540,763,507,760,459,748,424,730,510,726,542,732,576,730,631,735,573,733,540,735,508,729,126,0.0006458721679892291,124.27260726200873,0.9855927001406621,4312.544084581739,0.28416008780558877,191.30615271549527,17125.903731064944,8.630376853835605,12.307131130099918,0.0003694057542161551,4.084470390861871,-0.38858787776796905,0.9985408409489132,2308.0,27708.0,33195.0,21723.0,15844.0,13125.0,12283.0,10096.0,8518.0,8960.0,9475.0,9100.0,8832.0,8873.0,9411.0,9974.0,9506.0,8757.0,6854.0,6323.0,5528.0,3250.0,1955.0,1434.0,1148.0,874.0,720.0,417.0,172.0,56.0,27.0,21.0,1541.0,25178.0,26932.0,19683.0,14564.0,12766.0,10962.0,9454.0,7893.0,7190.0,6409.0,6456.0,7262.0,8072.0,7618.0,7691.0,7504.0,7275.0,7665.0,8738.0,8633.0,9041.0,9209.0,7683.0,4972.0,2484.0,1721.0,1047.0,465.0,264.0,64.0,31.0,391.0,8103.0,21568.0,15282.0,10562.0,9308.0,8251.0,7705.0,7218.0,7040.0,8089.0,8039.0,6223.0,5906.0,5625.0,5780.0,5825.0,6048.0,6177.0,7031.0,7548.0,7440.0,6903.0,6336.0,6084.0,5692.0,5599.0,6255.0,7232.0,7863.0,12206.0,17138.0
248,512,252,580,260,646,271,711,293,772,334,819,389,856,441,890,502,904,570,896,642,871,716,840,776,796,814,734,832,660,844,587,853,512,275,453,304,413,351,394,403,395,452,414,545,412,603,392,667,390,726,411,770,450,493,482,490,520,485,556,480,595,435,643,461,650,488,654,519,649,548,643,335,493,368,472,406,470,436,501,403,505,365,504,584,497,619,467,660,467,697,489,662,500,621,501,402,733,434,711,467,697,491,702,517,697,565,710,620,726,568,756,521,770,493,771,466,769,435,758,423,734,467,724,492,725,518,724,600,728,519,735,492,736,467,734,127,0.0021296891853531943,10.409066531654702,0.9947914929623196,999.3211210865966,0.46686390587464605,252.68486488491527,3986.875417814721,7.73647592053305,9.952271334599436,0.0011749140810489605,2.610168416394468,-0.523930688468991,0.9995310933483678,52.0,682.0,2363.0,3978.0,8518.0,9768.0,7820.0,7879.0,11419.0,17250.0,19710.0,22526.0,26680.0,29709.0,27372.0,22089.0,14131.0,7865.0,3514.0,2279.0,180.0,2.0,0.0,0.0,0.0,0.0,0.0,0.0,0.0,0.0,0.0,0.0,2.0,314.0,1190.0,2003.0,3054.0,3553.0,6663.0,7778.0,6474.0,7047.0,8352.0,11107.0,15272.0,18485.0,22541.0,27661.0,40988.0,37024.0,15526.0,5380.0,3320.0,2052.0,0.0,0.0,0.0,0.0,0.0,0.0,0.0,0.0,0.0,0.0,0.0,4.0,129.0,608.0,920.0,1046.0,1351.0,1616.0,1818.0,2401.0,3548.0,5383.0,4259.0,3919.0,4499.0,5067.0,5705.0,7503.0,10536.0,14479.0,19865.0,29107.0,44349.0,40999.0,23897.0,12589.0,189.0,0.0,0.0,0.0,0.0,0.0
252,496,252,566,256,637,263,711,284,779,321,841,372,898,436,945,509,961,584,949,656,906,720,855,769,795,797,725,812,649,822,572,830,495,282,427,315,396,361,386,408,393,451,412,561,410,610,390,662,385,715,397,755,430,502,472,499,521,496,569,492,618,444,651,469,660,497,671,529,661,560,653,337,488,368,467,405,469,438,495,402,501,365,501,585,496,619,471,659,469,692,488,660,503,621,503,376,727,419,712,463,705,501,712,539,706,593,715,652,728,596,795,540,823,501,828,461,821,416,790,394,733,463,732,501,737,539,733,634,734,539,779,501,784,462,778,128,0.0009822720614041883,30.228962705619736,0.9878024261690511,1239.2987292133398,0.3773140713455212,251.5653805759844,4926.96595414775,8.084201419115775,10.912549234934634,0.0006460776777962577,3.107259264640987,-0.46091028991163896,0.9991878723002783,1117.0,3278.0,3783.0,4293.0,5239.0,7129.0,10548.0,19874.0,29443.0,29725.0,24365.0,30996.0,30163.0,19524.0,17016.0,10662.0,6886.0,3185.0,2143.0,1415.0,1010.0,866.0,296.0,96.0,34.0,16.0,15.0,12.0,10.0,9.0,2.0,13.0,227.0,1891.0,2570.0,2114.0,2669.0,3966.0,4139.0,5750.0,6849.0,8623.0,12564.0,20767.0,26285.0,25314.0,21948.0,23692.0,22253.0,19906.0,15857.0,15527.0,10266.0,5858.0,2185.0,1333.0,445.0,64.0,38.0,21.0,14.0,8.0,13.0,7.0,12.0,221.0,1035.0,1495.0,1407.0,1156.0,1133.0,1163.0,1292.0,1651.0,2341.0,2909.0,3630.0,3979.0,4830.0,5993.0,9223.0,14671.0,20908.0,24174.0,21806.0,20133.0,22151.0,20516.0,17683.0,18162.0,16392.0,15383.0,6159.0,1411.0,103.0,41.0
177,494,190,573,205,647,223,719,258,785,313,837,380,879,448,915,514,925,577,907,636,862,693,815,739,761,761,694,766,621,772,550,779,475,241,449,281,406,338,384,401,383,461,398,569,397,620,381,675,378,726,396,753,441,519,478,522,524,525,567,529,613,466,652,496,657,526,663,552,657,577,651,329,494,364,475,404,473,435,499,402,505,362,504,584,497,617,472,655,470,686,489,657,501,619,502,380,717,439,714,490,708,519,714,547,708,591,713,637,714,593,770,550,796,519,801,487,797,436,773,401,723,490,728,520,733,548,728,616,721,548,762,519,767,488,764,129,0.00293176601309842,13.707675581814378,0.9917644916612747,832.3847024094821,0.5425071271130328,303.7441311005592,3315.831134056134,7.60030639776679,9.533218559116598,0.0010145419805622237,2.4650794797430233,-0.558055476913546,0.9996508289485184,73.0,1395.0,1433.0,1125.0,943.0,974.0,1369.0,1942.0,2914.0,4922.0,7907.0,10239.0,13279.0,20470.0,28028.0,31227.0,34566.0,40434.0,31068.0,14057.0,4116.0,1190.0,211.0,140.0,37.0,22.0,17.0,6.0,1.0,1.0,2.0,8.0,1.0,77.0,1136.0,1714.0,985.0,895.0,881.0,1027.0,1356.0,1854.0,2935.0,4639.0,8061.0,10197.0,12280.0,16720.0,24729.0,29287.0,29896.0,36732.0,35695.0,22754.0,8436.0,1654.0,121.0,21.0,17.0,7.0,2.0,2.0,4.0,1.0,0.0,1.0,81.0,495.0,889.0,946.0,795.0,579.0,564.0,547.0,606.0,606.0,743.0,902.0,1257.0,1907.0,2680.0,4517.0,7656.0,9445.0,12106.0,17071.0,25285.0,30595.0,40441.0,39014.0,30435.0,17345.0,6339.0,261.0,2.0,6.0
176,469,178,560,183,651,201,737,237,817,290,886,352,949,426,998,509,1010,595,1001,665,955,726,895,775,825,808,746,821,663,823,574,819,489,259,478,294,432,353,412,419,412,477,433,554,433,610,415,670,414,728,434,762,479,517,479,519,539,520,599,521,662,440,675,476,689,518,705,558,690,595,674,327,487,360,469,397,467,437,491,397,494,360,494,588,490,623,468,660,468,695,487,660,493,624,493,367,747,417,736,472,738,519,746,562,738,617,736,666,749,616,801,562,822,517,826,469,821,416,797,383,749,472,751,518,757,561,751,651,751,561,791,519,796,472,789,13,0.00023088091639698047,159.416145610137,0.9763052122661124,3363.6498603387035,0.22015010566352183,195.18070015791744,13295.18329574468,8.71433199812042,12.736458516625502,0.00033608823216918325,4.2276737744698645,-0.3509425772998147,0.9975800807210775,6778.0,15035.0,16388.0,16715.0,15952.0,16105.0,16612.0,16772.0,16718.0,16283.0,15011.0,13590.0,12221.0,11269.0,9944.0,9726.0,9167.0,9043.0,8464.0,8566.0,8547.0,8705.0,7527.0,6737.0,5725.0,4166.0,3254.0,1378.0,349.0,34.0,3.0,0.0,7955.0,14213.0,14076.0,14514.0,15587.0,15517.0,15959.0,16195.0,16032.0,16667.0,16049.0,15052.0,14557.0,12281.0,10922.0,9852.0,8852.0,8465.0,8070.0,8759.0,10128.0,10604.0,9379.0,7441.0,4929.0,3214.0,1204.0,295.0,15.0,1.0,0.0,0.0,4804.0,9255.0,9985.0,10641.0,10066.0,10430.0,11280.0,12663.0,12304.0,13514.0,14459.0,14566.0,14550.0,14680.0,13032.0,11658.0,9429.0,8527.0,7742.0,7490.0,7443.0,7767.0,7780.0,7355.0,7530.0,8355.0,9259.0,8845.0,8888.0,7176.0,3971.0,1340.0
292,533,284,596,285,660,292,730,304,804,328,872,367,935,415,986,486,1003,572,994,661,964,744,924,814,867,856,793,872,707,879,622,883,535,303,454,317,415,355,393,400,392,443,407,527,400,584,377,648,372,708,395,750,439,478,459,469,504,458,549,447,598,418,656,438,668,465,675,500,665,534,654,343,497,367,472,401,467,435,487,403,493,370,498,582,476,618,456,654,456,689,477,654,482,617,480,395,775,418,754,448,740,474,749,500,739,550,753,609,773,552,807,504,823,476,826,447,823,420,805,413,775,449,771,475,774,501,770,588,774,502,785,476,788,449,783,130,0.0011149182951536668,16.42478524194746,0.9888347222059864,735.5473629722851,0.3321321250862574,213.91259034787265,2925.764666647192,7.73949625260374,10.601292849052852,0.0006785264113132759,3.0352439251960055,-0.42851817153630206,0.998308468164557,66.0,1077.0,2221.0,4643.0,7386.0,11689.0,16350.0,24667.0,40418.0,62049.0,47070.0,25668.0,21569.0,15762.0,10517.0,5704.0,3853.0,1801.0,342.0,27.0,6.0,2.0,9.0,5.0,3.0,1.0,0.0,0.0,0.0,0.0,0.0,0.0,34.0,504.0,1398.0,2440.0,3460.0,5725.0,6887.0,8736.0,12867.0,20044.0,24732.0,35780.0,55998.0,46123.0,25053.0,19399.0,13910.0,10205.0,6562.0,2447.0,435.0,49.0,31.0,19.0,15.0,8.0,10.0,12.0,12.0,7.0,3.0,0.0,3.0,67.0,192.0,546.0,1295.0,1551.0,1940.0,2728.0,3903.0,4983.0,7120.0,9821.0,12750.0,14850.0,18310.0,25879.0,34397.0,37055.0,34383.0,24198.0,17575.0,13760.0,10063.0,9541.0,8518.0,5399.0,1949.0,123.0,6.0,0.0,0.0,0.0
167,486,173,568,186,649,201,729,237,805,299,864,373,910,453,943,532,948,597,925,644,873,685,817,718,756,734,686,742,616,741,551,737,486,260,443,309,408,372,392,434,397,489,418,576,417,616,394,663,387,708,394,736,421,535,472,543,524,552,574,561,625,473,653,509,667,546,677,575,664,600,647,331,490,369,475,405,475,441,492,407,500,369,501,590,484,625,464,658,461,687,476,661,486,627,488,373,725,441,714,501,709,537,714,571,705,611,706,646,715,612,774,576,802,539,811,499,810,439,787,390,730,501,726,538,728,572,721,630,720,572,771,537,778,500,777,131,0.0023810509549608483,24.067560395266703,0.9930533569196364,1732.4247006707765,0.5052615158091815,195.78869610648775,6905.63124228784,7.863846858651495,10.087200607976769,0.0009011287218257285,2.686445551700048,-0.5325596359053731,0.9996302053211681,2.0,73.0,1026.0,10515.0,21609.0,14367.0,9149.0,7374.0,9651.0,13504.0,17081.0,18357.0,25142.0,35993.0,34317.0,17038.0,6860.0,2674.0,1218.0,1003.0,866.0,859.0,785.0,794.0,987.0,642.0,405.0,400.0,423.0,470.0,486.0,181.0,0.0,128.0,3424.0,23636.0,16501.0,10361.0,6225.0,5599.0,7031.0,11440.0,17475.0,20982.0,25942.0,35520.0,36444.0,17131.0,3297.0,2615.0,1663.0,946.0,737.0,634.0,706.0,735.0,657.0,607.0,875.0,904.0,567.0,537.0,604.0,328.0,0.0,18.0,729.0,17131.0,16043.0,10021.0,6907.0,4522.0,3476.0,3482.0,3505.0,3825.0,4131.0,5168.0,7851.0,17867.0,28171.0,28433.0,37589.0,28491.0,14102.0,1712.0,1239.0,910.0,847.0,763.0,654.0,625.0,704.0,935.0,1373.0,3027.0
181,454,190,546,199,635,215,723,247,804,302,874,368,933,443,980,523,990,598,972,660,918,714,856,750,785,772,706,782,624,789,542,794,457,269,452,306,412,364,398,422,411,474,439,570,444,615,418,666,405,717,414,748,452,522,482,523,541,526,600,527,661,457,677,488,691,524,705,556,690,584,674,337,483,368,467,404,467,435,488,401,494,366,495,589,488,618,468,654,468,683,483,655,494,620,493,397,769,444,761,487,754,520,762,550,754,590,761,632,767,593,810,556,831,524,835,489,830,446,808,418,773,487,779,521,782,551,778,614,771,554,789,523,794,490,788,132,0.0007188145580209653,45.033105919077705,0.9738317519286572,860.5946178372842,0.25619779661422043,249.13041196695417,3397.345365430052,7.801352736718094,11.230298789553203,0.00043044105007905646,3.5788418139277667,-0.3518437855804712,0.9954946017332991,404.0,1306.0,2373.0,2827.0,3286.0,4311.0,6298.0,11614.0,17820.0,21853.0,29939.0,36848.0,39956.0,34411.0,26732.0,16932.0,9325.0,4920.0,2052.0,633.0,250.0,108.0,72.0,43.0,37.0,18.0,12.0,6.0,6.0,1.0,3.0,13.0,311.0,668.0,1498.0,1998.0,2184.0,2946.0,3457.0,4737.0,6175.0,10148.0,17046.0,18515.0,25535.0,34613.0,37085.0,37415.0,30472.0,21031.0,10918.0,5107.0,1663.0,555.0,146.0,71.0,38.0,34.0,11.0,12.0,3.0,3.0,6.0,8.0,5.0,12.0,121.0,496.0,639.0,688.0,974.0,1559.0,1823.0,2021.0,2404.0,3233.0,4015.0,4429.0,5498.0,8831.0,13749.0,11929.0,15440.0,21214.0,22442.0,23821.0,29638.0,29525.0,24395.0,18600.0,14792.0,9747.0,2086.0,176.0,63.0,44.0
211,470,217,552,229,633,238,715,258,793,302,860,365,915,434,962,508,981,583,967,656,926,721,875,771,810,797,733,808,647,818,563,823,477,273,434,313,405,364,394,414,403,460,424,558,424,606,403,658,394,712,403,757,430,505,477,504,531,502,584,500,638,449,673,475,683,503,691,533,684,561,674,333,489,367,469,403,468,438,495,401,499,364,499,585,494,620,469,657,468,692,487,659,499,621,498,383,759,427,744,474,736,508,743,541,737,591,746,646,757,592,808,541,829,507,832,471,828,426,806,402,762,473,758,507,762,540,759,627,761,541,792,508,795,473,790,133,0.0026944384869037703,10.474903299376063,0.9919076493233521,647.3523582882071,0.498634555128149,283.6829233188912,2578.9345298534427,7.533314979068674,9.61285432290271,0.0011739496942597782,2.5221952880450758,-0.5296032373074668,0.9994526965754564,2.0,79.0,221.0,738.0,1313.0,1815.0,2338.0,3044.0,4268.0,6389.0,10414.0,14054.0,18944.0,28057.0,44492.0,35958.0,31191.0,28223.0,21101.0,15539.0,6838.0,3440.0,1843.0,307.0,0.0,0.0,0.0,0.0,0.0,0.0,0.0,0.0,0.0,50.0,151.0,468.0,1004.0,1373.0,1503.0,2163.0,2981.0,3850.0,5926.0,9218.0,11866.0,13453.0,19228.0,35115.0,51060.0,44870.0,34487.0,19071.0,13980.0,6020.0,2446.0,325.0,0.0,0.0,0.0,0.0,0.0,0.0,0.0,0.0,0.0,0.0,0.0,51.0,168.0,424.0,796.0,908.0,894.0,909.0,1104.0,1381.0,1838.0,2282.0,2837.0,3670.0,5626.0,7254.0,9317.0,11625.0,16984.0,37103.0,51911.0,50584.0,37839.0,24396.0,7661.0,2748.0,298.0,0.0,0.0,0.0
199,545,205,617,213,686,225,756,245,825,286,880,349,917,425,936,514,942,601,935,678,914,745,879,789,825,809,757,819,686,824,615,826,544,262,470,292,419,350,392,415,393,475,414,548,415,608,395,672,394,728,421,758,472,510,458,510,493,510,526,510,564,456,643,483,648,512,651,539,648,565,643,332,492,363,466,402,462,439,488,402,495,364,497,582,489,617,464,656,467,689,494,655,500,616,496,403,762,447,734,483,718,512,727,539,718,576,733,621,761,575,766,541,765,513,766,484,765,449,766,421,758,483,742,512,745,540,742,604,756,540,740,512,743,484,740,134,0.0005667498949220321,24.756206594922837,0.9908100220701107,1347.0217280134793,0.2762242464145574,256.82902557158343,5363.330705458982,8.209933569912549,11.391264117529548,0.0004881338217529982,3.3291111114247665,-0.4211195662434084,0.9987456132421717,100.0,739.0,954.0,2510.0,3100.0,3109.0,4639.0,8717.0,11687.0,13221.0,19259.0,26583.0,30507.0,28257.0,22504.0,23182.0,19288.0,15493.0,13734.0,11126.0,9499.0,7490.0,5087.0,2086.0,791.0,586.0,593.0,630.0,258.0,139.0,92.0,17.0,81.0,653.0,898.0,2037.0,3083.0,2904.0,3367.0,4708.0,7707.0,10582.0,12290.0,16831.0,22253.0,25828.0,29543.0,26414.0,23838.0,22763.0,16649.0,14478.0,12865.0,10761.0,7702.0,4060.0,1164.0,667.0,728.0,709.0,235.0,134.0,44.0,1.0,28.0,197.0,611.0,952.0,1418.0,1682.0,1927.0,2173.0,2518.0,2579.0,4048.0,6596.0,7871.0,9105.0,11401.0,14382.0,19050.0,21360.0,23526.0,25335.0,23913.0,23451.0,17949.0,15043.0,14910.0,15214.0,10849.0,3645.0,1756.0,1599.0,689.0,200.0
126,464,129,555,138,645,158,733,202,813,271,879,355,931,437,974,519,986,593,966,650,909,704,849,743,778,762,696,769,615,768,535,763,456,246,453,300,421,366,411,431,421,492,444,578,443,625,421,674,408,721,411,747,443,534,485,541,538,549,593,557,649,470,673,505,685,543,696,574,685,599,669,328,489,367,475,403,472,437,492,402,497,366,498,587,489,625,469,659,467,686,478,661,491,626,491,386,751,447,751,500,750,533,757,563,749,597,750,631,750,597,796,564,818,531,824,497,821,444,799,406,756,500,767,533,772,563,767,615,756,562,781,531,787,499,783,135,0.000488649553211527,37.3743010171616,0.9880668478405837,1565.9823338972883,0.277785543257317,278.5107074988539,6226.555034572,8.292342614703356,11.624427648745453,0.0005076824342798914,3.551884227316639,-0.40717335419007356,0.9985594910661106,70.0,569.0,1532.0,2698.0,4569.0,6452.0,9665.0,14762.0,20623.0,26825.0,28160.0,28096.0,26066.0,21555.0,16769.0,16216.0,16098.0,13534.0,10502.0,8553.0,6216.0,4426.0,3411.0,978.0,25.0,0.0,0.0,0.0,0.0,0.0,0.0,0.0,5.0,170.0,709.0,1262.0,1999.0,3130.0,4062.0,4825.0,6358.0,9025.0,13021.0,17457.0,22807.0,23489.0,22882.0,24002.0,22868.0,19460.0,16661.0,15491.0,15382.0,11716.0,11571.0,9506.0,6498.0,3880.0,134.0,0.0,0.0,0.0,0.0,0.0,2.0,9.0,13.0,67.0,234.0,571.0,1044.0,1488.0,1817.0,2041.0,2504.0,3052.0,3609.0,4248.0,5752.0,7586.0,10738.0,13305.0,15511.0,16018.0,15728.0,15149.0,17690.0,18706.0,18376.0,18162.0,16930.0,15297.0,13463.0,14429.0,13090.0,21741.0
268,483,266,551,269,618,280,685,306,745,350,796,397,844,443,898,505,917,573,910,640,877,705,837,764,790,806,728,824,653,835,576,840,498,282,429,315,399,362,394,408,401,447,424,542,428,593,403,651,399,708,407,759,433,492,491,487,544,482,598,476,652,429,667,454,681,483,694,520,681,555,672,335,483,367,466,404,469,436,498,400,498,363,496,585,501,618,474,656,472,693,490,659,503,621,504,380,711,424,724,465,724,495,732,528,726,589,727,659,720,593,778,533,802,497,805,463,798,424,770,402,724,464,745,495,750,529,746,640,728,532,768,497,770,466,764,136,0.0009458666581032584,27.5606289606202,0.9946037517329144,2554.318110799134,0.3835457126087566,257.009408698209,10189.711814235918,8.335684538080201,11.056958095040162,0.0006534370470956858,3.088789799967379,-0.493984854543039,0.9996087809969005,830.0,12034.0,9825.0,5741.0,4208.0,3757.0,3984.0,4367.0,4315.0,4586.0,5988.0,6576.0,8207.0,9034.0,11027.0,14428.0,18562.0,21922.0,22556.0,21474.0,14643.0,10181.0,7477.0,4194.0,1263.0,258.0,17.0,2.0,0.0,2.0,2.0,8.0,69.0,2307.0,11997.0,8881.0,5532.0,4357.0,3992.0,4206.0,4967.0,5080.0,5864.0,6838.0,8303.0,9744.0,10101.0,12171.0,15522.0,19219.0,21079.0,22563.0,19512.0,14699.0,8315.0,4717.0,1180.0,229.0,11.0,1.0,2.0,2.0,1.0,7.0,12.0,35.0,690.0,4426.0,6587.0,6620.0,5797.0,4450.0,3739.0,3150.0,2788.0,3368.0,4063.0,4606.0,5445.0,6291.0,6968.0,8030.0,8195.0,10415.0,14435.0,20160.0,20058.0,21533.0,18221.0,14369.0,10296.0,9299.0,6482.0,913.0,25.0,2.0
196,463,201,545,216,624,232,700,264,768,318,827,382,876,451,915,522,923,584,903,633,852,680,800,716,744,738,680,751,613,756,545,754,476,268,438,316,408,375,404,430,420,480,446,572,442,617,419,665,407,712,407,744,437,528,492,530,551,534,611,536,671,458,680,493,693,530,706,561,692,589,676,331,488,367,470,406,473,442,502,403,505,363,503,588,501,621,471,659,469,690,485,663,499,625,502,381,727,441,731,492,729,523,736,552,727,591,726,633,719,594,765,557,794,524,801,491,798,440,775,399,734,492,756,522,759,553,753,615,728,554,755,523,762,492,758,137,0.0013098140464513912,16.804372915911777,0.992805177552019,1167.764159628343,0.4597404675104543,238.710560190335,4654.25226559745,8.051234132890663,10.433438911019083,0.0010678107082769358,2.7135618815286326,-0.521269849375267,0.9996412589365885,30.0,768.0,2147.0,2287.0,2801.0,4357.0,6010.0,9672.0,24993.0,26389.0,20486.0,17353.0,15638.0,15147.0,15599.0,15189.0,14109.0,8986.0,8416.0,4692.0,3659.0,1051.0,92.0,1.0,0.0,0.0,0.0,0.0,0.0,0.0,0.0,0.0,2.0,297.0,1460.0,2209.0,2019.0,2305.0,3183.0,4688.0,6698.0,11321.0,21890.0,24726.0,19689.0,18145.0,15126.0,15759.0,15838.0,14347.0,14391.0,8844.0,9024.0,5881.0,1901.0,129.0,0.0,0.0,0.0,0.0,0.0,0.0,0.0,0.0,2.0,79.0,711.0,1107.0,1248.0,1411.0,1220.0,1447.0,1441.0,1852.0,2366.0,3462.0,5561.0,8717.0,12357.0,20784.0,22572.0,16457.0,14586.0,14558.0,17225.0,15656.0,15516.0,12076.0,10476.0,10382.0,5634.0,969.0,0.0,0.0,0.0,0.0
206,452,213,539,222,625,238,710,267,786,317,852,376,909,443,954,518,968,594,953,656,903,710,842,753,776,776,703,787,626,792,546,795,465,273,436,310,404,362,401,412,416,459,440,561,448,606,425,655,409,706,412,739,446,513,487,513,543,512,600,511,658,450,678,478,691,510,703,542,691,571,677,340,485,370,470,405,473,438,496,403,500,368,499,580,495,612,473,647,472,678,487,649,499,614,499,388,751,435,762,477,762,507,769,537,761,579,763,626,757,583,799,544,819,512,823,480,817,437,793,406,759,477,777,508,782,539,777,609,764,541,783,511,787,480,781,138,0.0012889949832202573,26.236871473595645,0.9893276787509317,1229.2786518507546,0.4100409450342153,365.9639823291336,4890.877735929404,7.952281198183505,10.556520075783821,0.0007083656186505551,2.974571008899967,-0.48268790911536785,0.9993316327460364,33.0,198.0,588.0,768.0,986.0,1248.0,1330.0,1462.0,1831.0,1960.0,2206.0,2554.0,3850.0,6085.0,9811.0,11298.0,14827.0,18215.0,19713.0,18310.0,16398.0,15542.0,14256.0,18336.0,20419.0,18586.0,16090.0,12231.0,4109.0,161.0,1.0,5.0,30.0,108.0,307.0,507.0,584.0,813.0,1090.0,1201.0,1412.0,1623.0,1870.0,2125.0,2559.0,3045.0,4086.0,5954.0,9169.0,12191.0,14712.0,17787.0,22590.0,20399.0,20294.0,20751.0,24270.0,21252.0,18995.0,14883.0,8387.0,408.0,2.0,3.0,0.0,0.0,3.0,110.0,125.0,136.0,218.0,248.0,266.0,329.0,461.0,561.0,642.0,900.0,944.0,1103.0,1340.0,1819.0,2124.0,2822.0,3614.0,5556.0,6994.0,9238.0,14927.0,24475.0,29222.0,34287.0,40291.0,32955.0,32168.0,5529.0
352,503,343,560,343,619,355,684,365,750,378,820,399,891,430,952,495,978,586,976,685,947,777,901,853,841,904,766,928,675,935,578,938,480,332,396,345,373,375,378,406,395,434,415,506,412,563,389,625,379,688,392,744,423,464,469,447,521,429,572,410,625,405,661,421,677,445,688,478,677,513,668,369,490,382,470,410,472,443,489,412,498,384,501,572,490,596,471,631,475,670,488,632,501,598,501,417,771,420,748,437,738,459,746,486,738,540,753,605,771,547,806,496,821,467,823,442,818,426,800,430,773,441,768,462,771,489,770,582,773,491,776,463,777,441,772,139,0.0011878568705577794,17.612129115942345,0.9907724760085881,954.586453148886,0.35154231623319565,276.20132925097545,3800.733683479604,7.757008182900801,10.533453095332574,0.0007200986282128428,3.0146328562658415,-0.44235709654951744,0.998626044354963,281.0,2110.0,1865.0,1856.0,2192.0,2324.0,2852.0,3980.0,6198.0,12303.0,18794.0,23972.0,31321.0,40776.0,45118.0,39823.0,27300.0,14711.0,4382.0,916.0,228.0,69.0,27.0,19.0,7.0,4.0,0.0,0.0,0.0,0.0,0.0,0.0,11.0,1192.0,1734.0,1428.0,1781.0,2056.0,2080.0,2292.0,3048.0,4473.0,8151.0,11959.0,15001.0,18989.0,23847.0,31187.0,38277.0,42288.0,34958.0,24581.0,11233.0,2574.0,220.0,38.0,20.0,7.0,3.0,0.0,0.0,0.0,0.0,0.0,1.0,106.0,1125.0,1209.0,864.0,808.0,1131.0,1288.0,1204.0,1270.0,1383.0,1568.0,1945.0,2548.0,3517.0,5815.0,8162.0,10901.0,15740.0,13363.0,15186.0,18613.0,22442.0,26010.0,35757.0,32950.0,23056.0,22999.0,11537.0,902.0,26.0,2.0
206,492,214,574,221,653,230,734,257,807,307,868,366,923,432,969,509,984,587,969,651,918,708,861,752,796,773,722,780,642,789,564,798,483,264,457,301,420,355,404,410,406,464,424,562,424,614,407,669,404,721,420,754,461,514,480,516,535,517,590,518,646,450,666,481,678,517,691,550,678,581,664,331,488,364,470,402,470,438,496,399,501,362,500,583,497,617,472,655,471,689,491,656,502,618,502,354,736,413,729,471,729,514,736,553,728,605,729,658,734,609,795,555,824,512,829,467,823,409,794,374,741,471,748,513,754,553,748,638,740,554,789,513,796,469,789,14,0.001842434220904156,28.806336687787624,0.9824625108913669,821.409033637201,0.36846556974941136,346.895593778803,3256.829797861006,7.487988470937651,10.260572307752401,0.0006395439780437092,3.1047941224352593,-0.4202612195918777,0.9976612995736437,418.0,584.0,575.0,638.0,736.0,1094.0,1467.0,1714.0,2041.0,2362.0,2849.0,3620.0,4824.0,7058.0,11958.0,20502.0,34606.0,39979.0,42432.0,40212.0,25106.0,13445.0,5097.0,1367.0,798.0,858.0,909.0,815.0,299.0,27.0,29.0,43.0,223.0,310.0,334.0,351.0,367.0,518.0,794.0,1043.0,1376.0,1677.0,1831.0,2118.0,2594.0,3568.0,4325.0,5394.0,7731.0,11618.0,19287.0,28438.0,40758.0,49470.0,45477.0,26364.0,6972.0,1241.0,861.0,1022.0,1355.0,958.0,65.0,22.0,1.0,24.0,146.0,242.0,200.0,212.0,253.0,286.0,379.0,472.0,654.0,737.0,1055.0,1313.0,1196.0,1360.0,1512.0,1766.0,2125.0,2631.0,3108.0,4396.0,6961.0,9667.0,14240.0,23473.0,37603.0,55416.0,53244.0,33618.0,9595.0,577.0
245,494,247,565,255,634,268,702,286,768,320,828,368,880,430,921,510,937,591,926,659,889,711,837,749,775,768,705,780,634,789,564,792,490,265,473,296,423,354,403,414,409,466,433,542,434,599,409,661,403,722,422,757,472,504,479,503,532,502,583,501,636,439,655,470,667,503,678,539,666,573,653,335,490,365,474,398,474,432,495,398,498,363,499,589,493,621,472,655,472,686,488,656,496,622,495,391,730,431,722,472,716,506,726,540,716,583,721,630,729,584,754,544,766,508,770,471,766,432,754,407,732,471,739,506,743,541,738,614,732,542,736,507,741,472,736,140,0.0017340489188673767,20.480003538146807,0.9836281839522297,625.4818079354195,0.4011909227914331,241.10773550694407,2481.447228203535,7.543100285149642,10.09661946070287,0.0008311059307132728,2.846821686064706,-0.458338910771198,0.9986187421337834,4.0,138.0,646.0,1737.0,2991.0,4246.0,5779.0,8333.0,12424.0,19441.0,33315.0,48489.0,43920.0,28173.0,13615.0,6168.0,1628.0,222.0,97.0,56.0,25.0,22.0,30.0,14.0,6.0,3.0,1.0,1.0,0.0,0.0,0.0,0.0,0.0,3.0,188.0,706.0,1605.0,2518.0,2839.0,3805.0,4965.0,7320.0,10040.0,13557.0,20700.0,31017.0,40930.0,38044.0,24737.0,15643.0,8825.0,3586.0,306.0,89.0,31.0,18.0,14.0,31.0,6.0,1.0,0.0,0.0,0.0,0.0,0.0,0.0,36.0,212.0,488.0,842.0,1481.0,1664.0,1641.0,1891.0,2436.0,3225.0,4565.0,6030.0,6403.0,7568.0,11211.0,19394.0,27843.0,38464.0,34495.0,19794.0,13939.0,14623.0,9344.0,3560.0,334.0,30.0,9.0,2.0,0.0,0.0
225,489,230,564,238,637,249,712,276,780,322,838,379,890,438,939,507,954,577,939,642,897,703,847,752,790,782,722,796,647,806,573,813,494,261,457,292,414,344,399,399,403,450,424,561,422,614,401,671,400,725,417,760,458,507,480,506,530,505,581,503,633,440,656,471,666,505,679,540,666,573,655,330,489,362,472,398,473,430,494,395,498,359,497,588,495,622,474,658,474,690,491,659,500,623,500,372,726,423,722,471,719,507,726,545,719,596,721,655,722,600,777,547,803,508,808,469,804,420,779,391,733,470,736,507,739,545,734,637,728,546,771,508,776,471,771,141,0.0009016911131609202,32.93625001262252,0.9839708226619356,1027.7476560608502,0.3220228358154468,274.90535805853096,4078.0543742307964,7.935926059632971,10.973589492538743,0.0005581407041397987,3.265639938527112,-0.41927982302830985,0.9983462160872845,728.0,961.0,1965.0,2629.0,3560.0,5488.0,9236.0,15157.0,20290.0,20854.0,23452.0,25534.0,27726.0,29149.0,22350.0,17539.0,11967.0,6650.0,2549.0,929.0,698.0,711.0,620.0,275.0,31.0,11.0,10.0,14.0,8.0,7.0,2.0,3.0,399.0,319.0,568.0,1048.0,1568.0,2077.0,2586.0,3520.0,5343.0,7725.0,10227.0,12969.0,16792.0,19189.0,23726.0,27088.0,28777.0,28641.0,24631.0,18696.0,8662.0,3239.0,935.0,719.0,811.0,659.0,155.0,16.0,12.0,1.0,2.0,3.0,58.0,117.0,153.0,256.0,328.0,468.0,643.0,782.0,861.0,1111.0,1306.0,1723.0,2033.0,2847.0,3769.0,4487.0,5137.0,6214.0,7392.0,9143.0,12145.0,13798.0,15779.0,19187.0,23651.0,29309.0,29475.0,24838.0,21634.0,10692.0,1713.0,54.0
265,495,264,566,273,636,285,704,299,775,332,840,378,895,434,942,508,957,586,947,660,910,723,865,771,805,797,732,807,657,818,581,825,501,294,433,324,403,368,391,416,395,459,413,548,414,600,393,657,387,713,397,759,428,498,470,493,519,488,570,484,621,446,661,467,671,491,680,520,671,549,662,339,489,368,471,402,471,436,491,401,496,367,497,589,492,624,472,660,472,695,488,662,498,625,497,392,748,425,727,464,717,496,725,531,718,582,729,636,749,585,798,533,819,496,823,460,817,423,795,407,751,463,741,496,745,531,741,620,751,533,781,498,785,463,780,142,0.0010407030405650542,29.164497307313233,0.9902038642387249,1488.693724417767,0.3900574508467094,276.1138538285991,5925.610400363774,8.175407257117579,10.90878827431041,0.0007873596065489897,3.09193290146184,-0.4804718118779878,0.9994308583779534,447.0,1551.0,2827.0,4899.0,5891.0,7181.0,7977.0,9410.0,11427.0,15796.0,16493.0,17311.0,19831.0,18386.0,19017.0,19778.0,19611.0,17248.0,13294.0,11604.0,9034.0,3698.0,1611.0,933.0,134.0,0.0,0.0,0.0,0.0,0.0,0.0,0.0,289.0,829.0,1339.0,1865.0,2701.0,3827.0,4596.0,5461.0,6472.0,7461.0,8799.0,10484.0,13888.0,17417.0,16931.0,19139.0,20267.0,20259.0,25040.0,23424.0,16525.0,13817.0,9953.0,3739.0,840.0,27.0,0.0,0.0,0.0,0.0,0.0,0.0,58.0,390.0,497.0,887.0,953.0,1026.0,1298.0,1228.0,1291.0,1489.0,2191.0,2955.0,3369.0,3770.0,4299.0,5288.0,6259.0,7492.0,9802.0,12107.0,14932.0,15940.0,17455.0,21782.0,25650.0,26491.0,24569.0,23215.0,15741.0,2936.0,29.0,0.0
212,497,217,574,230,650,243,726,274,797,327,856,388,904,453,945,523,956,591,936,647,886,699,828,740,766,763,697,771,626,776,555,776,482,265,456,304,424,357,414,411,422,461,442,568,444,612,420,661,410,710,413,744,444,521,492,523,547,526,603,528,659,456,675,488,687,525,700,559,686,588,671,333,496,364,476,402,477,438,504,401,505,363,506,589,501,622,473,659,470,690,489,662,499,626,501,372,729,427,724,482,722,521,729,559,720,608,719,658,720,614,788,565,820,524,826,482,823,425,793,390,735,483,744,522,749,560,742,640,727,562,784,522,791,482,787,143,0.000995259333232791,26.858503114985485,0.9914136551904783,1564.6981320385285,0.3652148407285764,313.00885750405723,6231.934025039158,8.166962130351603,11.01344678765753,0.0006139693339151564,3.1631705396022425,-0.4643233728451268,0.9992830970934315,251.0,1142.0,1744.0,2063.0,2872.0,3447.0,3850.0,4500.0,5527.0,7191.0,8883.0,9646.0,9936.0,12346.0,16482.0,20689.0,25127.0,26057.0,22117.0,14302.0,10951.0,10327.0,9613.0,5808.0,1652.0,389.0,133.0,41.0,13.0,12.0,2.0,16.0,96.0,161.0,479.0,1680.0,2042.0,2260.0,2501.0,3122.0,3494.0,3971.0,4824.0,5798.0,7958.0,8921.0,9798.0,10470.0,13803.0,17126.0,21255.0,23117.0,27166.0,21745.0,14268.0,11313.0,11621.0,5938.0,1542.0,567.0,61.0,16.0,9.0,7.0,0.0,0.0,0.0,30.0,161.0,349.0,544.0,901.0,1427.0,2010.0,2144.0,2237.0,2259.0,2621.0,2899.0,3441.0,4054.0,4775.0,5534.0,6539.0,7733.0,9148.0,11061.0,14211.0,17743.0,22647.0,25955.0,28650.0,21000.0,15295.0,13420.0,8341.0
124,474,130,570,139,666,163,753,213,829,281,890,360,941,447,980,533,983,601,962,634,902,660,836,684,765,699,696,706,628,705,561,697,499,280,475,330,440,388,417,453,420,507,443,581,443,615,426,649,418,679,421,688,447,552,485,563,535,576,584,589,637,492,670,527,682,565,693,591,680,609,661,357,492,392,476,423,472,447,489,423,495,392,497,577,487,605,466,632,464,648,479,632,488,606,488,411,769,469,759,514,759,547,763,577,755,599,750,615,756,601,781,581,790,550,796,518,798,469,793,427,769,515,774,547,773,578,766,605,758,578,766,548,773,517,774,144,0.0002927137865748025,135.69406599773902,0.9752779582977961,2744.073617444811,0.23462259940591157,261.5393067451347,10840.600403781518,8.644037580088709,12.61884915991346,0.000327066194381412,4.184077887776444,-0.35156383609577413,0.9974582203287544,59.0,556.0,2163.0,4292.0,7013.0,8541.0,10080.0,11756.0,15154.0,15956.0,17055.0,15976.0,16532.0,14531.0,14321.0,12788.0,10329.0,8610.0,7458.0,7001.0,7229.0,8548.0,9351.0,6684.0,4630.0,3409.0,3236.0,4218.0,4626.0,2893.0,1459.0,1336.0,67.0,203.0,1169.0,2947.0,4569.0,6670.0,7500.0,9230.0,11217.0,13522.0,15676.0,17596.0,18993.0,18863.0,13448.0,11416.0,11161.0,10467.0,9524.0,8526.0,7485.0,7607.0,8341.0,9499.0,7986.0,5067.0,4290.0,4696.0,4172.0,3136.0,1586.0,1161.0,0.0,16.0,260.0,1042.0,1376.0,1872.0,2771.0,3849.0,4869.0,5339.0,6707.0,8034.0,9157.0,10427.0,12441.0,15955.0,15289.0,16098.0,16565.0,15107.0,11783.0,10735.0,10167.0,8561.0,7678.0,7680.0,8789.0,10854.0,10600.0,8046.0,9424.0,6299.0
296,534,290,598,288,669,297,736,309,806,331,872,365,933,413,977,479,989,558,983,645,959,733,923,801,865,844,793,862,707,873,621,887,534,295,474,309,421,357,402,413,402,467,418,499,415,572,391,647,387,719,407,768,458,480,468,471,499,461,532,451,566,419,634,441,640,466,644,499,638,533,634,344,509,369,489,402,485,436,502,406,512,371,515,576,495,612,472,649,473,683,493,650,501,613,503,380,748,407,714,442,698,470,702,505,697,560,709,622,735,562,777,510,795,473,801,441,799,408,784,397,747,443,721,471,722,507,719,602,737,508,760,472,764,442,763,145,0.00028136579929033027,108.90308542653655,0.981690421669054,2973.9550840728084,0.22392273670702628,231.22483673448306,11786.917250864693,8.612446104250582,12.543635007138326,0.0003123189493283214,4.176418710323631,-0.35376280301855545,0.9974692146717951,500.0,2879.0,9176.0,17852.0,22014.0,21579.0,20014.0,17221.0,15045.0,13697.0,12142.0,12457.0,12819.0,12832.0,13505.0,13503.0,14030.0,14281.0,13068.0,11810.0,6948.0,4354.0,3282.0,1807.0,894.0,845.0,727.0,299.0,88.0,29.0,25.0,26.0,317.0,1329.0,4279.0,9946.0,16203.0,17617.0,17748.0,16286.0,15281.0,14225.0,13450.0,12403.0,11922.0,11399.0,10619.0,11244.0,11293.0,11911.0,11957.0,14598.0,16003.0,14724.0,10690.0,5719.0,3767.0,2003.0,916.0,957.0,650.0,237.0,27.0,28.0,1.0,65.0,537.0,1938.0,3472.0,5974.0,8799.0,11227.0,13117.0,12552.0,11989.0,10327.0,9862.0,9719.0,9985.0,10047.0,9727.0,8878.0,8388.0,8353.0,8119.0,8987.0,9508.0,10073.0,10236.0,10665.0,12652.0,14311.0,17390.0,17151.0,10170.0,5529.0
311,484,307,552,315,621,341,688,370,753,403,813,432,874,460,943,517,974,597,972,685,929,772,874,848,804,901,723,925,627,928,525,922,422,294,423,314,397,352,401,392,420,430,443,501,448,560,418,626,406,692,420,749,451,470,492,460,557,449,621,439,685,412,690,434,717,466,731,508,716,548,700,346,467,370,453,405,459,439,485,403,487,368,485,574,495,606,472,646,472,685,488,650,504,610,505,418,755,437,757,458,763,485,773,521,766,576,769,640,770,581,815,527,837,490,838,460,828,439,798,432,765,459,778,486,787,522,786,622,774,524,793,488,794,460,783,146,0.0005924913403051728,33.45275006447025,0.9868853627802717,1275.4210207402039,0.26877902070288556,226.7557987194749,5068.231332896359,8.13199250335638,11.474530262631045,0.0005352797756832552,3.483585796912184,-0.39298561946795496,0.9979861258273797,1269.0,3470.0,5376.0,4764.0,6139.0,9219.0,17941.0,29259.0,33360.0,31664.0,23910.0,17842.0,14191.0,12253.0,11411.0,10736.0,8654.0,7408.0,5661.0,4153.0,2479.0,817.0,165.0,27.0,6.0,0.0,0.0,0.0,0.0,0.0,0.0,0.0,225.0,1196.0,2336.0,3453.0,4334.0,4270.0,5440.0,7035.0,11197.0,18333.0,27494.0,31197.0,30803.0,23801.0,18609.0,14258.0,12691.0,11808.0,9773.0,8635.0,7926.0,4892.0,1950.0,480.0,34.0,4.0,0.0,0.0,0.0,0.0,0.0,0.0,10.0,156.0,487.0,609.0,712.0,1255.0,2048.0,2928.0,3431.0,3683.0,4189.0,5301.0,7758.0,10255.0,15237.0,19636.0,23191.0,25845.0,22103.0,17510.0,14467.0,12880.0,11712.0,10734.0,10630.0,10987.0,9789.0,8974.0,4627.0,951.0,76.0,3.0
370,508,359,566,363,631,381,691,402,755,417,815,431,883,447,943,497,971,575,972,675,944,771,895,855,832,918,751,949,653,959,547,965,443,331,403,344,383,374,384,408,401,438,424,492,419,559,392,636,378,715,394,780,434,461,484,443,539,422,591,400,645,387,666,410,687,440,696,479,687,522,676,367,479,386,469,415,473,450,488,415,491,385,491,586,492,621,477,658,479,703,485,660,498,622,499,425,761,426,746,439,744,458,753,483,748,535,759,599,777,537,802,488,812,460,812,439,804,430,783,438,761,442,761,460,767,486,767,575,774,484,776,458,775,439,765,147,0.0010314877473858242,47.4293682783148,0.9681314382141508,744.1514096485953,0.26877742828318485,264.99565373441686,2929.1762703160566,7.4736647764060375,10.800135888704412,0.0004680113058810752,3.526428982339198,-0.3348746329129664,0.9928543588255583,24.0,259.0,1830.0,3364.0,3263.0,2954.0,3073.0,3318.0,4250.0,6444.0,11961.0,24120.0,36100.0,40813.0,38764.0,40169.0,30588.0,16491.0,7037.0,2746.0,760.0,104.0,27.0,23.0,11.0,7.0,5.0,1.0,0.0,0.0,1.0,0.0,15.0,145.0,1295.0,3065.0,2848.0,2490.0,2727.0,3008.0,3476.0,4066.0,5822.0,10207.0,21394.0,36632.0,45548.0,41607.0,41793.0,30958.0,15079.0,4820.0,1227.0,199.0,41.0,15.0,15.0,4.0,6.0,4.0,0.0,0.0,1.0,0.0,0.0,2.0,57.0,1147.0,1961.0,1431.0,1234.0,1363.0,1364.0,1251.0,1243.0,1466.0,1541.0,1778.0,1930.0,2447.0,3053.0,4259.0,6786.0,12806.0,24529.0,32483.0,39807.0,41810.0,39747.0,34671.0,15333.0,2864.0,109.0,22.0,10.0,3.0
217,519,222,599,232,677,247,751,277,820,324,876,382,921,447,952,518,961,591,947,649,911,702,860,745,801,775,730,786,655,794,577,797,496,267,469,296,418,351,397,409,404,467,424,543,422,597,403,655,396,712,415,748,464,506,478,508,536,510,591,511,651,443,668,476,680,512,691,547,679,580,668,334,486,363,468,397,467,433,491,398,490,363,492,585,490,619,468,653,467,682,484,654,491,620,490,389,743,437,738,477,734,513,742,550,734,589,738,634,747,590,763,553,779,514,783,476,780,439,768,408,746,477,755,513,760,550,755,617,749,551,751,513,754,477,751,148,0.0008871648683875188,49.7541640168032,0.9738317402960456,950.7919732863265,0.28694593779690525,313.2066081408598,3753.4137291285188,7.810847256883605,11.247067153028281,0.00043156395192340207,3.671044689595833,-0.3513877350390946,0.9954820364340952,0.0,2.0,21.0,111.0,440.0,1027.0,1923.0,3368.0,5654.0,10077.0,17076.0,27879.0,35118.0,38470.0,35264.0,24627.0,15130.0,10000.0,6706.0,4033.0,2878.0,2170.0,1755.0,1705.0,1768.0,1821.0,1939.0,1900.0,1273.0,1303.0,1492.0,1428.0,0.0,0.0,1.0,7.0,38.0,183.0,480.0,933.0,1330.0,1806.0,2681.0,4207.0,6418.0,10843.0,17858.0,25786.0,32432.0,33012.0,32754.0,29732.0,18869.0,10640.0,5210.0,3549.0,2723.0,2107.0,1914.0,2213.0,2546.0,2596.0,2209.0,3281.0,0.0,0.0,0.0,1.0,3.0,13.0,19.0,40.0,113.0,261.0,567.0,754.0,858.0,894.0,1160.0,1432.0,2115.0,2890.0,4166.0,5895.0,8795.0,13683.0,21838.0,28254.0,33001.0,37850.0,38572.0,22933.0,9790.0,5059.0,4483.0,12919.0
223,504,221,581,226,657,235,735,258,808,303,873,365,923,436,958,521,966,605,954,675,917,735,870,776,810,802,738,812,660,815,584,813,507,287,443,322,411,375,406,428,417,477,441,556,442,602,417,653,405,704,407,744,434,514,485,512,542,510,598,509,656,446,678,476,692,510,703,546,692,578,678,339,484,369,469,401,470,435,488,401,490,368,491,594,488,628,471,660,472,688,485,660,492,627,491,399,770,443,765,483,762,513,771,546,762,587,765,631,767,590,794,549,805,515,808,481,805,442,794,412,772,482,779,514,783,546,778,618,769,547,778,514,781,483,778,149,0.0006043941750303577,37.808861733203656,0.9879922057304609,1574.4674658054264,0.30773215285470545,222.52465765349478,6260.061001488502,8.219262747780636,11.36758861637108,0.0005306077412261159,3.3335316100948047,-0.426877404145967,0.9988046185707653,365.0,2474.0,5295.0,6924.0,7888.0,11575.0,17026.0,23388.0,25949.0,24347.0,21389.0,21433.0,22911.0,25621.0,25995.0,13845.0,6945.0,3713.0,2570.0,979.0,381.0,193.0,66.0,7.0,4.0,2.0,4.0,1.0,1.0,3.0,0.0,1.0,164.0,1309.0,4104.0,5571.0,6586.0,7495.0,10494.0,14012.0,21434.0,23256.0,19477.0,15958.0,14269.0,15086.0,16991.0,16399.0,16806.0,21309.0,22369.0,11068.0,4585.0,1913.0,422.0,197.0,6.0,5.0,3.0,2.0,1.0,3.0,0.0,1.0,48.0,429.0,1348.0,2126.0,1816.0,1979.0,2607.0,3587.0,4776.0,5793.0,7181.0,10808.0,15861.0,17648.0,14581.0,12611.0,11057.0,11408.0,10865.0,11168.0,13330.0,15240.0,16480.0,18553.0,22180.0,21105.0,10514.0,4999.0,1100.0,92.0,1.0,4.0
188,497,192,575,192,655,204,734,238,804,298,858,368,901,443,935,517,943,581,930,627,884,666,830,698,770,718,701,732,632,737,562,732,496,290,420,333,388,386,379,442,388,492,409,568,411,611,395,657,388,700,399,721,438,531,481,537,523,546,564,554,608,475,660,509,662,542,668,571,663,598,658,343,479,376,466,411,468,442,493,408,496,372,494,589,496,617,473,650,473,677,488,653,499,619,500,418,765,469,736,518,717,546,725,572,716,603,734,627,765,602,795,572,810,543,813,512,811,467,795,436,765,515,758,544,760,571,758,613,765,572,762,545,764,516,762,15,0.0006123350973593867,35.030814176314564,0.991315194172635,2016.9685249935987,0.3342016279530445,224.87740477926496,8032.843285798073,8.339511659884431,11.433566954499721,0.0006108512457171914,3.301405001537615,-0.4441600865966297,0.9991924712957025,1246.0,4528.0,12162.0,23376.0,27141.0,21927.0,23904.0,22086.0,18797.0,19471.0,18286.0,13514.0,12712.0,12443.0,8715.0,3672.0,1331.0,694.0,423.0,212.0,133.0,70.0,34.0,27.0,63.0,123.0,25.0,13.0,1.0,0.0,0.0,0.0,719.0,2528.0,3148.0,3856.0,5975.0,10581.0,17944.0,19448.0,14648.0,13676.0,13023.0,11181.0,7760.0,8720.0,11740.0,15185.0,16070.0,17836.0,16981.0,12400.0,11940.0,8448.0,2146.0,645.0,232.0,75.0,93.0,120.0,10.0,1.0,0.0,0.0,232.0,1517.0,1586.0,1423.0,1653.0,1702.0,1870.0,2411.0,3402.0,5241.0,11211.0,14235.0,12643.0,10836.0,9272.0,8165.0,8648.0,10154.0,8724.0,6671.0,6611.0,8548.0,11535.0,15685.0,17469.0,20191.0,18040.0,14564.0,10685.0,1956.0,223.0,26.0
224,527,227,597,235,665,245,737,271,801,315,854,374,895,441,926,515,933,585,918,644,881,696,840,735,787,756,724,765,657,772,591,777,523,268,452,305,412,362,396,419,402,472,425,566,425,613,400,666,391,718,406,749,448,518,479,519,530,520,579,521,630,459,654,487,664,518,675,547,665,574,653,333,494,365,467,405,469,441,500,404,505,364,506,582,499,617,467,657,466,688,493,659,504,620,504,382,736,432,708,480,698,516,705,552,698,596,707,637,733,600,777,555,796,517,799,478,796,429,778,399,737,480,724,516,727,552,723,621,735,554,765,517,768,479,765,150,0.001039648051988484,34.171926802907784,0.9890658603703173,1563.3199226109964,0.3663510374333448,351.25990269251406,6219.1077636410555,8.14201715903004,10.9836713344672,0.0006181046364477303,3.185328949354388,-0.4630923497626558,0.9992643809844943,60.0,455.0,1063.0,1392.0,2078.0,3624.0,3945.0,3831.0,4547.0,5908.0,7547.0,9082.0,10723.0,13423.0,16491.0,17363.0,18594.0,19438.0,18376.0,17964.0,16610.0,14661.0,10379.0,7257.0,4645.0,4017.0,3077.0,1431.0,1032.0,504.0,17.0,8.0,11.0,75.0,452.0,905.0,944.0,1132.0,1537.0,1819.0,3240.0,3226.0,3566.0,3805.0,4555.0,5628.0,7515.0,9034.0,9780.0,12919.0,15318.0,18377.0,19848.0,22190.0,22539.0,19912.0,18833.0,13708.0,8301.0,4882.0,2945.0,1235.0,1119.0,192.0,0.0,0.0,3.0,12.0,121.0,342.0,508.0,573.0,614.0,708.0,828.0,1059.0,1121.0,1365.0,1487.0,2255.0,2363.0,2429.0,2580.0,2598.0,2662.0,3028.0,3671.0,4555.0,6007.0,7614.0,11329.0,15348.0,20760.0,25739.0,33461.0,84402.0
161,509,165,599,171,687,186,775,228,854,291,915,369,956,451,987,541,989,621,972,677,926,724,872,757,804,777,729,778,651,772,575,765,503,256,479,291,428,351,403,417,401,480,418,572,420,625,406,678,409,724,429,740,474,532,478,539,528,547,579,554,633,472,664,508,673,544,682,575,673,602,662,338,487,369,471,402,469,437,488,404,494,369,495,591,489,625,470,657,472,682,488,657,495,624,494,400,745,456,741,507,741,540,748,573,739,608,740,642,746,610,779,577,789,543,792,507,790,456,778,416,745,507,758,541,761,574,755,628,747,576,757,542,761,507,759,151,0.00035627821661274355,174.56130946139413,0.9482132938111862,1685.6501821749725,0.2112512174442671,281.56809117895864,6568.0394192385065,8.325077352485271,12.471459754289004,0.0002867716131628708,4.378815009610745,-0.30156102520417766,0.9934794195735618,131.0,416.0,1322.0,2692.0,4232.0,5963.0,8534.0,11125.0,13193.0,15325.0,16896.0,18856.0,20717.0,22987.0,24516.0,26084.0,26543.0,24011.0,18451.0,13682.0,8784.0,5324.0,2983.0,1753.0,1109.0,718.0,527.0,344.0,168.0,92.0,48.0,33.0,40.0,147.0,494.0,1441.0,2269.0,2917.0,3922.0,5486.0,7683.0,10163.0,12546.0,14409.0,15659.0,17775.0,18891.0,19983.0,20735.0,21863.0,22367.0,25353.0,23681.0,19263.0,14087.0,7912.0,3928.0,2104.0,1175.0,630.0,377.0,132.0,100.0,27.0,4.0,50.0,163.0,531.0,981.0,1193.0,1429.0,2096.0,2383.0,2882.0,3679.0,4908.0,6685.0,8412.0,10008.0,11747.0,12374.0,12189.0,12501.0,13455.0,14532.0,16180.0,16560.0,15821.0,16743.0,18577.0,18774.0,18188.0,18218.0,16832.0,12050.0,7414.0
208,458,223,533,236,605,252,675,282,736,332,785,390,823,446,856,503,867,560,856,621,824,685,786,738,738,769,675,785,606,801,533,819,457,264,450,302,420,353,408,408,411,461,427,559,433,613,420,669,416,722,427,763,457,510,489,510,525,510,560,510,596,457,630,484,636,510,641,537,636,564,630,334,492,368,474,406,473,437,500,404,507,364,505,587,501,618,474,656,473,690,491,660,505,620,507,399,699,443,692,484,684,511,689,537,684,579,692,624,698,580,749,537,771,509,775,480,770,440,748,416,703,484,693,510,696,537,693,608,702,537,746,510,749,482,745,152,0.0035649637379410477,22.71129574749727,0.9893849989052637,1069.6694073493236,0.5793617699039245,383.81328124880883,4255.966333649783,7.616977445208329,9.4128067842746,0.0011188213495876235,2.4325477083023275,-0.5819343673193953,0.9997536590065386,114.0,255.0,305.0,432.0,549.0,673.0,728.0,767.0,751.0,873.0,1016.0,1231.0,1337.0,1659.0,2026.0,3207.0,4913.0,7663.0,12213.0,20142.0,22475.0,22539.0,27043.0,20887.0,14725.0,9623.0,11541.0,8754.0,6990.0,651.0,2.0,0.0,84.0,115.0,306.0,402.0,498.0,746.0,740.0,883.0,881.0,805.0,950.0,1096.0,1338.0,1341.0,1411.0,1631.0,2094.0,3056.0,5403.0,8643.0,14271.0,24581.0,30291.0,24232.0,30612.0,14588.0,10103.0,7904.0,6372.0,9633.0,1074.0,0.0,0.0,3.0,25.0,133.0,159.0,207.0,381.0,517.0,628.0,754.0,808.0,893.0,771.0,545.0,466.0,431.0,454.0,562.0,776.0,919.0,981.0,1343.0,1944.0,1933.0,2809.0,6221.0,17870.0,36457.0,52397.0,36612.0,21083.0,17002.0
276,497,264,564,264,630,280,700,308,768,346,831,390,891,435,953,499,980,577,975,659,944,740,898,808,836,855,762,881,678,889,591,889,501,282,420,311,394,354,397,397,412,434,437,534,441,590,416,651,408,712,417,763,449,481,495,475,549,467,604,459,659,419,676,443,693,473,706,511,695,548,685,329,482,359,461,396,465,431,499,392,498,354,495,576,506,614,476,654,475,690,500,656,510,616,510,382,728,419,727,458,728,488,738,526,733,595,739,665,747,599,821,529,848,489,849,454,839,417,801,403,738,457,749,488,757,526,755,650,751,528,810,490,809,456,798,153,0.0008704514203404108,28.049651933914458,0.9903075631508836,1447.5012150308667,0.36834628231768973,305.6130355289274,5761.955208189527,8.182445720086596,10.96171230779673,0.0006517912772577041,3.0501964225930247,-0.4746853818490193,0.9993843191350075,590.0,973.0,1236.0,2133.0,2346.0,2779.0,3750.0,4803.0,6064.0,9032.0,12001.0,15712.0,19558.0,20829.0,23114.0,22398.0,22080.0,22205.0,21784.0,18208.0,17147.0,12303.0,7701.0,5771.0,2878.0,200.0,33.0,32.0,31.0,33.0,55.0,19.0,194.0,620.0,891.0,1078.0,1607.0,1875.0,2406.0,2876.0,3334.0,4349.0,5416.0,7903.0,9899.0,14738.0,17969.0,20296.0,21503.0,22724.0,23136.0,21609.0,22065.0,22905.0,19941.0,14041.0,8008.0,4836.0,1330.0,86.0,44.0,36.0,43.0,40.0,2.0,60.0,178.0,346.0,609.0,632.0,784.0,1042.0,1275.0,1406.0,1581.0,1795.0,2353.0,2932.0,3274.0,3807.0,4470.0,5696.0,8390.0,12327.0,15640.0,17671.0,18111.0,21856.0,22857.0,22110.0,20913.0,23074.0,23928.0,20563.0,13798.0,4318.0
219,506,222,582,227,657,233,735,256,808,302,871,363,925,432,971,513,985,594,975,657,924,710,866,748,802,765,726,773,650,782,579,786,505,272,448,306,404,362,388,417,394,471,415,565,421,617,401,673,399,725,416,753,460,520,476,521,532,523,587,526,645,456,673,487,684,519,697,550,685,577,673,338,485,367,464,404,465,437,491,401,499,364,499,587,494,620,470,657,468,687,490,659,501,622,500,386,761,437,756,483,751,518,759,552,751,594,756,637,758,597,798,556,812,520,815,483,811,437,795,406,768,482,775,518,779,552,776,619,766,554,775,520,779,484,775,154,0.0007408635491658867,21.82707773623225,0.9930201915158888,1563.8810414689797,0.30577100102645804,300.99473904197305,6233.697088139685,8.119621402713335,11.130848896862243,0.0005512840234889154,3.203813173465122,-0.4377705523310462,0.9989244855950903,6.0,58.0,156.0,578.0,1522.0,4899.0,8547.0,11604.0,15193.0,17573.0,16526.0,14244.0,12792.0,13067.0,15343.0,18809.0,23933.0,26510.0,27921.0,22332.0,11751.0,4437.0,1357.0,463.0,145.0,143.0,104.0,24.0,11.0,6.0,7.0,7.0,0.0,22.0,100.0,196.0,402.0,791.0,1833.0,4864.0,6944.0,8610.0,10988.0,14070.0,13786.0,13642.0,13542.0,12235.0,12721.0,14449.0,16683.0,18383.0,22390.0,31399.0,30312.0,15420.0,4915.0,959.0,255.0,126.0,15.0,7.0,8.0,1.0,0.0,0.0,19.0,66.0,106.0,139.0,179.0,369.0,589.0,1086.0,2956.0,4415.0,4751.0,4525.0,5411.0,7088.0,9287.0,10488.0,10195.0,10241.0,10739.0,10233.0,10569.0,12489.0,14977.0,17426.0,21256.0,30624.0,32081.0,22430.0,11966.0,3368.0
277,501,270,568,276,641,287,711,306,782,337,845,382,900,433,949,500,966,576,958,656,932,731,894,785,835,817,758,836,676,850,594,854,512,288,436,313,406,356,402,398,410,438,430,552,430,599,407,652,401,705,412,751,437,486,484,478,533,470,582,462,632,432,664,452,676,477,684,506,675,535,666,336,490,364,466,405,467,437,498,401,505,362,505,583,498,617,468,658,467,693,493,660,504,620,504,389,745,421,729,456,723,486,731,520,725,574,734,637,748,577,789,523,806,488,808,456,804,419,788,408,752,457,754,487,757,522,756,617,753,522,771,487,773,456,769,155,0.0010154863039241947,77.52593352164843,0.9762719729056051,1634.386646593979,0.3343063789645739,285.97762514487715,6460.020652854284,8.129367426685684,11.364711586527973,0.0005106445161655259,3.617862333645438,-0.4077426798102186,0.9983086405671142,82.0,1418.0,3669.0,3872.0,3933.0,4421.0,5418.0,7618.0,9228.0,11139.0,12835.0,13576.0,16111.0,17243.0,19076.0,22418.0,24640.0,28839.0,23348.0,14952.0,9978.0,5141.0,2258.0,912.0,296.0,95.0,39.0,20.0,13.0,16.0,7.0,13.0,15.0,232.0,1263.0,3196.0,3210.0,3262.0,3776.0,5050.0,6564.0,8101.0,9463.0,9876.0,10971.0,11722.0,12760.0,13926.0,15223.0,19359.0,22830.0,25674.0,31276.0,25896.0,11845.0,5304.0,1402.0,295.0,69.0,28.0,12.0,14.0,5.0,5.0,3.0,33.0,189.0,700.0,914.0,1113.0,1686.0,2610.0,2752.0,2861.0,2933.0,3117.0,3682.0,4400.0,5324.0,6173.0,7097.0,8285.0,8944.0,9922.0,10843.0,12471.0,13746.0,15691.0,20065.0,26707.0,36535.0,34752.0,15898.0,2928.0,182.0,68.0
250,503,245,575,244,649,251,726,270,799,308,864,358,921,422,967,502,982,586,969,661,932,726,882,774,818,802,743,812,662,818,581,821,500,276,464,301,413,354,392,413,393,467,413,545,410,602,388,667,387,728,410,762,461,501,470,497,523,493,575,487,631,432,664,461,677,494,689,529,677,565,665,340,490,367,474,400,472,435,489,401,496,368,497,590,487,623,470,657,472,687,487,656,495,622,493,384,750,423,743,464,738,498,746,533,738,579,744,631,754,581,782,535,792,498,796,462,791,424,779,401,753,463,757,498,762,534,758,614,757,534,762,498,765,464,760,156,0.0008903210277299912,29.336028461651004,0.9860113397225891,1048.545247924009,0.3729471755912878,189.64727038859178,4164.844963234384,8.012772894680285,10.861383581438577,0.000788540611032718,3.071566392473921,-0.45273109596916117,0.99903262063119,60.0,1191.0,3245.0,5991.0,11619.0,17947.0,25135.0,31310.0,30611.0,25560.0,21720.0,18398.0,18442.0,22491.0,17614.0,11586.0,8376.0,6553.0,1343.0,45.0,15.0,9.0,11.0,5.0,5.0,3.0,1.0,1.0,0.0,0.0,0.0,0.0,223.0,1505.0,3179.0,4370.0,7180.0,10452.0,15879.0,22462.0,27785.0,30267.0,26942.0,24057.0,19484.0,16492.0,20581.0,19466.0,13304.0,8010.0,6339.0,1224.0,49.0,21.0,10.0,3.0,1.0,2.0,0.0,0.0,0.0,0.0,0.0,0.0,53.0,702.0,1937.0,2819.0,3471.0,3960.0,5489.0,7478.0,9667.0,12333.0,14278.0,16435.0,19250.0,22265.0,22543.0,19733.0,19839.0,21058.0,20723.0,17295.0,12528.0,8971.0,9084.0,6562.0,743.0,53.0,15.0,2.0,1.0,0.0,0.0,0.0
206,489,213,559,224,628,237,696,263,762,310,816,374,858,440,891,510,904,579,890,648,860,715,823,766,773,794,709,808,640,815,570,817,497,260,445,299,410,353,396,410,402,466,418,559,416,612,398,669,392,722,407,761,442,509,475,508,511,506,546,505,583,449,635,478,641,506,646,534,642,563,636,330,488,365,472,402,471,436,495,400,499,363,499,586,494,620,470,657,472,692,489,659,498,621,498,387,720,436,715,479,708,505,715,532,708,577,716,629,722,579,747,535,760,507,763,479,760,437,746,404,723,479,729,506,733,533,729,612,725,534,731,507,734,480,730,157,0.0020728449938401624,10.028134684858848,0.9950240689338362,1007.579543227449,0.5341062102556995,295.2752004187109,4020.290038224968,7.857605364633202,9.766303817858274,0.0012405807081921941,2.407413426820427,-0.5781514816442139,0.999798593235053,177.0,1112.0,1511.0,1506.0,1465.0,1524.0,1909.0,3244.0,4305.0,5180.0,7876.0,15152.0,19275.0,24510.0,29160.0,31367.0,25615.0,21001.0,18663.0,17380.0,9946.0,4187.0,9.0,0.0,0.0,0.0,0.0,0.0,0.0,0.0,0.0,0.0,27.0,476.0,1231.0,1481.0,1374.0,1425.0,1380.0,1696.0,1951.0,2382.0,3597.0,4423.0,7488.0,15134.0,19355.0,21741.0,24608.0,26088.0,25552.0,23586.0,17663.0,17443.0,16425.0,9016.0,532.0,0.0,0.0,0.0,0.0,0.0,0.0,0.0,0.0,4.0,124.0,335.0,607.0,667.0,787.0,793.0,527.0,592.0,730.0,834.0,934.0,1156.0,1550.0,2658.0,3664.0,4691.0,8798.0,12988.0,22912.0,29542.0,35059.0,30236.0,23890.0,16739.0,14292.0,15622.0,11526.0,3812.0,5.0,0.0
289,500,280,569,276,638,284,712,299,785,332,855,372,917,428,968,507,986,599,977,683,939,758,892,819,831,857,756,871,676,878,593,885,511,302,431,323,397,365,389,408,398,454,416,543,421,591,396,650,392,707,404,759,432,492,486,484,540,476,592,468,645,426,680,450,692,479,700,517,692,553,682,345,487,370,469,403,468,439,487,403,492,370,493,592,491,624,474,657,477,693,494,656,500,621,497,394,756,427,744,459,737,492,745,522,738,575,745,639,757,577,796,526,807,492,809,458,803,428,787,413,760,459,766,491,771,523,768,622,759,525,772,493,773,462,767,158,0.0009195426412996409,40.62991102591093,0.9919717616800615,2530.3323100646085,0.36243122835605746,234.63958929548613,10080.699329232524,8.4016676403469,11.269433005832742,0.0006210860133984361,3.1649291914833118,-0.4786695908932089,0.9995325567774067,343.0,1358.0,2640.0,4583.0,7649.0,15191.0,21872.0,26505.0,33129.0,33347.0,27537.0,18037.0,11047.0,9939.0,9597.0,7480.0,6262.0,5430.0,4284.0,3889.0,4097.0,4159.0,4395.0,4648.0,5631.0,5666.0,5124.0,2711.0,1165.0,607.0,276.0,87.0,275.0,1122.0,2417.0,3411.0,4578.0,5782.0,10357.0,18111.0,24033.0,29728.0,31286.0,31219.0,19788.0,14105.0,10324.0,9313.0,7696.0,6628.0,5967.0,5333.0,4481.0,3782.0,3878.0,4165.0,4293.0,4569.0,6229.0,7181.0,5600.0,2187.0,689.0,158.0,7.0,325.0,876.0,1518.0,1817.0,2155.0,2062.0,2293.0,2785.0,3237.0,4340.0,6832.0,10241.0,17141.0,25341.0,23299.0,26310.0,26208.0,21140.0,17108.0,12919.0,8948.0,6756.0,5645.0,5962.0,5727.0,5431.0,4535.0,5312.0,6084.0,9043.0,17288.0
211,475,214,561,221,643,238,723,270,796,320,863,379,923,445,971,519,984,591,967,645,912,687,846,720,777,739,706,750,635,757,559,755,484,268,471,307,430,366,419,427,425,487,445,555,446,607,426,663,419,717,428,744,475,524,480,529,546,533,613,538,681,457,687,493,703,531,720,566,704,595,686,336,488,368,476,401,474,437,489,401,492,368,494,587,489,624,474,655,475,684,488,654,494,622,492,383,752,437,759,485,763,523,771,557,762,594,759,634,752,595,792,560,816,523,822,484,817,435,794,401,758,484,779,523,784,557,778,617,760,559,779,524,786,485,781,159,0.0005438078035775494,26.17647933876519,0.9929813033345866,1864.781370819332,0.3200355399595155,187.30084366127485,7432.949003938569,8.373915263754355,11.49347442575471,0.0005947443526094697,3.309253727946076,-0.44241761305581523,0.9991945310474772,2164.0,6171.0,7695.0,11988.0,19621.0,22588.0,21123.0,17564.0,18187.0,20407.0,19104.0,13481.0,11403.0,11192.0,10181.0,10574.0,7527.0,4038.0,2071.0,911.0,522.0,268.0,121.0,35.0,1.0,1.0,0.0,0.0,0.0,0.0,0.0,0.0,1273.0,4526.0,6376.0,8799.0,12841.0,18169.0,19577.0,18226.0,14353.0,15367.0,16280.0,17328.0,13864.0,11477.0,11060.0,10281.0,9378.0,9418.0,10024.0,6405.0,2387.0,875.0,413.0,161.0,70.0,9.0,1.0,0.0,0.0,0.0,0.0,0.0,98.0,1378.0,3205.0,3614.0,4303.0,5614.0,7450.0,9601.0,10790.0,12202.0,11705.0,11224.0,11764.0,11359.0,11914.0,12317.0,11761.0,11412.0,11279.0,10210.0,8365.0,7051.0,6100.0,6110.0,7122.0,9178.0,10679.0,7194.0,2995.0,775.0,147.0,22.0
281,519,282,592,292,667,306,738,324,809,351,867,394,911,447,939,510,948,584,944,662,926,738,890,799,835,845,765,864,683,872,592,875,502,301,438,318,397,359,379,403,386,444,403,537,401,589,380,642,369,695,382,731,423,489,468,483,517,477,565,471,615,434,663,458,672,484,678,515,672,545,667,347,492,372,475,404,472,432,491,403,494,372,496,583,488,615,470,647,470,677,486,646,491,614,489,405,770,432,752,459,742,484,750,511,743,551,756,606,774,554,786,515,788,487,790,461,787,434,781,418,768,459,765,486,769,513,766,590,772,513,763,486,765,460,762,16,0.0005088993716432364,44.48504667044682,0.9766603714168558,953.2070329376675,0.2110923234796338,304.2779316936106,3768.3430850801997,7.912129793516296,11.550803655836537,0.00035974836414390195,3.757387552674961,-0.33202949924870206,0.9945458886054146,0.0,0.0,40.0,343.0,906.0,1310.0,2076.0,3285.0,5194.0,10620.0,21658.0,26013.0,25670.0,23100.0,21457.0,19483.0,19422.0,20420.0,20848.0,19798.0,14582.0,8398.0,5164.0,3303.0,1903.0,1019.0,491.0,194.0,90.0,24.0,3.0,1.0,0.0,0.0,58.0,142.0,471.0,992.0,1283.0,1796.0,2303.0,3351.0,4928.0,7596.0,14664.0,24300.0,27056.0,23239.0,20818.0,20279.0,21326.0,23221.0,23891.0,22407.0,16590.0,8089.0,4355.0,2218.0,918.0,367.0,121.0,32.0,4.0,0.0,0.0,0.0,0.0,3.0,62.0,145.0,198.0,306.0,615.0,819.0,971.0,1023.0,1237.0,1435.0,1656.0,2154.0,2729.0,3273.0,4912.0,7714.0,13672.0,20404.0,23207.0,26209.0,28586.0,31983.0,35471.0,36961.0,23165.0,6339.0,1269.0,297.0
221,458,224,544,232,629,247,712,276,789,316,861,368,925,433,973,517,985,599,976,661,926,711,863,748,790,767,709,779,626,788,542,791,459,282,458,319,422,375,413,431,423,484,441,546,442,596,422,649,412,702,420,736,456,514,474,515,536,516,598,517,662,455,674,484,689,517,701,549,689,576,674,340,484,369,466,403,466,437,488,403,497,368,498,586,490,618,468,653,468,681,486,655,501,620,499,409,766,447,758,483,758,516,766,549,758,583,758,621,764,583,787,551,798,517,802,483,800,448,790,423,766,482,772,516,777,550,772,607,764,550,773,517,780,484,774,160,0.0005425784191801746,56.215128782739676,0.9766325635962527,1202.8875762319276,0.2762865348543724,229.29271194822482,4755.335176145003,8.111172964113535,11.611799927991143,0.0005361525322005816,3.703878337944232,-0.36919849064429683,0.997119944689254,148.0,904.0,2651.0,4789.0,6136.0,6755.0,8074.0,10008.0,13015.0,15772.0,19144.0,23533.0,25609.0,24864.0,22620.0,18187.0,15013.0,12164.0,10129.0,7460.0,5448.0,2396.0,574.0,57.0,1.0,0.0,0.0,0.0,0.0,0.0,0.0,0.0,29.0,366.0,1289.0,2649.0,4760.0,6244.0,6983.0,7812.0,9494.0,13334.0,15856.0,18703.0,24587.0,25687.0,24877.0,23237.0,17941.0,15478.0,13655.0,10852.0,7145.0,3485.0,963.0,21.0,4.0,0.0,0.0,0.0,0.0,0.0,0.0,0.0,3.0,30.0,124.0,464.0,916.0,1608.0,2488.0,4054.0,5925.0,7570.0,8491.0,9619.0,11155.0,12970.0,15234.0,18108.0,21894.0,23387.0,20740.0,18912.0,15243.0,12790.0,9489.0,8960.0,10190.0,7890.0,5911.0,1245.0,41.0,0.0,0.0,0.0
308,497,299,556,302,612,320,672,340,734,370,795,404,851,438,911,493,943,566,949,645,928,722,891,787,835,836,767,863,686,877,600,882,512,308,424,332,402,368,402,406,414,437,437,528,440,584,417,646,414,706,433,757,464,480,493,472,543,462,594,453,645,419,664,442,682,469,695,505,688,540,680,343,477,370,461,402,466,434,495,399,489,366,486,579,505,613,482,650,484,688,507,649,510,613,508,409,724,429,716,456,717,485,727,520,724,582,735,648,759,585,807,522,822,486,819,454,807,430,773,423,731,455,737,484,745,520,746,638,757,522,794,487,790,456,777,161,0.00171335511674378,27.29930867319479,0.9873971691140322,1083.4716127915708,0.44103297345124426,274.9290963006524,4306.587142493037,7.863319522923145,10.320208394253404,0.000916603548722293,2.8420622989128814,-0.49740372872069194,0.9994016683262728,1226.0,2284.0,3096.0,3641.0,4579.0,5894.0,5983.0,6505.0,8857.0,12369.0,16591.0,23386.0,30455.0,28220.0,22941.0,21225.0,16073.0,11662.0,7611.0,5043.0,2140.0,317.0,41.0,10.0,9.0,8.0,17.0,7.0,0.0,0.0,0.0,0.0,398.0,1015.0,1226.0,1602.0,1958.0,2317.0,2938.0,3836.0,5488.0,5796.0,6662.0,9432.0,13048.0,15940.0,19748.0,26283.0,34947.0,30672.0,23490.0,16120.0,8561.0,5250.0,2773.0,628.0,38.0,20.0,4.0,0.0,0.0,0.0,0.0,0.0,0.0,8.0,188.0,623.0,778.0,786.0,725.0,852.0,1100.0,1296.0,1433.0,1980.0,2517.0,3350.0,3982.0,3977.0,3891.0,4310.0,4905.0,6454.0,8146.0,11979.0,19228.0,26978.0,36959.0,39761.0,25981.0,19034.0,8249.0,662.0,52.0,6.0
281,507,282,576,290,648,297,720,311,795,339,866,380,926,430,974,500,990,579,982,653,946,720,898,776,834,810,757,824,674,832,590,837,507,300,452,320,413,363,396,410,400,457,412,537,409,595,394,652,390,709,406,750,444,490,465,486,509,481,552,476,599,442,652,463,659,486,664,514,658,542,652,346,489,371,466,406,465,438,488,405,497,370,499,583,485,614,462,651,462,683,482,653,495,616,494,403,771,432,752,464,741,492,747,522,740,567,750,614,769,568,798,525,811,492,813,462,810,432,799,419,772,464,766,492,768,523,765,596,769,523,773,491,776,463,773,162,0.0006143624131095362,40.004749245412384,0.9803874984916946,1019.941452019872,0.2706123559455881,215.43445980921246,4039.7610588340704,7.947556553948019,11.347251548113983,0.00043263194790687143,3.5879355887692754,-0.3687099967046205,0.9967793760950163,8.0,377.0,1793.0,4294.0,6586.0,9843.0,12740.0,16957.0,19634.0,20519.0,22349.0,26654.0,27303.0,30046.0,24264.0,22195.0,16046.0,5330.0,939.0,200.0,68.0,46.0,31.0,9.0,7.0,1.0,0.0,1.0,1.0,0.0,0.0,4.0,4.0,233.0,1237.0,3126.0,4682.0,7374.0,10606.0,13488.0,16569.0,18583.0,19871.0,23603.0,27105.0,27232.0,29204.0,25830.0,20824.0,14633.0,3420.0,424.0,94.0,57.0,27.0,9.0,4.0,0.0,2.0,0.0,0.0,0.0,3.0,1.0,3.0,34.0,265.0,540.0,1512.0,2717.0,3115.0,4246.0,6074.0,8046.0,10040.0,11527.0,13206.0,14314.0,14128.0,14692.0,15441.0,17388.0,20628.0,20333.0,19990.0,19940.0,17169.0,15967.0,12128.0,4450.0,285.0,45.0,14.0,7.0,0.0,1.0
190,489,191,571,197,651,212,727,245,796,295,854,359,899,432,933,506,943,573,931,629,895,672,848,705,791,723,724,735,653,742,582,743,511,279,427,316,385,374,372,432,384,483,408,571,411,614,389,662,379,707,392,728,433,527,470,531,518,535,566,539,616,468,654,499,663,532,671,559,664,582,654,340,483,371,468,407,467,439,488,406,498,369,499,587,491,620,471,654,472,677,489,654,503,620,501,409,764,459,747,499,738,526,744,552,738,584,748,616,764,584,789,553,796,526,798,498,796,457,788,428,763,498,757,525,760,552,757,601,763,552,760,526,763,499,760,163,0.000659928667983746,67.92211617754376,0.9680135904663221,1061.7526826186404,0.2622481084834861,222.62873987631093,4179.088614297023,7.937485148870314,11.489369938462625,0.00043695989352921324,3.7305449925670424,-0.34668079889965026,0.9954522873685345,56.0,626.0,3056.0,6537.0,9075.0,9929.0,11684.0,16533.0,26306.0,33063.0,40502.0,34213.0,21929.0,15077.0,10054.0,6580.0,3433.0,1911.0,926.0,257.0,19.0,1.0,1.0,3.0,1.0,1.0,0.0,1.0,0.0,1.0,2.0,0.0,0.0,83.0,976.0,4104.0,5662.0,6567.0,6705.0,7735.0,8657.0,10653.0,13060.0,19157.0,26481.0,28044.0,33388.0,31960.0,20536.0,13032.0,6921.0,4648.0,2480.0,847.0,72.0,3.0,1.0,1.0,0.0,1.0,0.0,1.0,2.0,0.0,6.0,250.0,1777.0,3135.0,2877.0,2792.0,3028.0,3423.0,3716.0,5053.0,5750.0,7019.0,7761.0,8661.0,9657.0,11189.0,15169.0,20508.0,23744.0,24277.0,26090.0,23554.0,15938.0,10351.0,7688.0,4592.0,3137.0,622.0,9.0,2.0,2.0,0.0
214,482,222,553,235,622,251,690,278,754,323,808,387,850,449,882,517,893,584,879,645,845,707,804,754,751,781,689,796,620,805,548,809,474,255,449,294,417,347,403,402,410,455,423,539,413,591,399,648,397,700,410,741,441,507,485,508,521,509,556,510,593,460,645,487,648,513,652,539,649,563,645,327,487,360,468,402,468,435,499,399,506,358,505,578,496,610,466,651,465,685,483,656,502,614,503,419,736,453,716,488,702,512,709,535,702,569,716,609,735,568,753,537,765,512,768,486,766,454,755,435,734,488,728,512,731,537,728,591,733,535,732,510,735,487,732,164,0.0013159355790866379,10.34488080946375,0.9971893974309756,1840.6771681068685,0.5020433714676478,287.34705375731073,7352.363791618016,8.326298460874758,10.447021329402885,0.0010497652683685871,2.5665381836199,-0.5763046948056038,0.9998808694977603,359.0,1161.0,2128.0,4234.0,4989.0,5283.0,5437.0,5814.0,8771.0,13139.0,15771.0,14170.0,13820.0,14064.0,14582.0,14045.0,15051.0,13718.0,11980.0,10899.0,9547.0,8600.0,9394.0,8443.0,2948.0,202.0,0.0,0.0,0.0,0.0,0.0,0.0,50.0,604.0,1045.0,1525.0,2103.0,3841.0,4276.0,3966.0,4654.0,4954.0,7060.0,10747.0,12876.0,12208.0,13714.0,14342.0,14688.0,14282.0,15453.0,16777.0,14379.0,12526.0,12068.0,11012.0,12219.0,6690.0,490.0,0.0,0.0,0.0,0.0,0.0,0.0,89.0,387.0,397.0,760.0,967.0,1131.0,1255.0,1920.0,2653.0,2326.0,2611.0,2923.0,3515.0,3803.0,5442.0,7230.0,8219.0,11138.0,12612.0,13635.0,13706.0,15295.0,16543.0,18818.0,20694.0,18593.0,16753.0,17804.0,7322.0,8.0,0.0
321,503,298,564,290,627,300,695,315,761,335,826,369,885,406,941,462,968,543,969,645,949,746,913,830,857,891,780,924,691,941,596,951,502,315,417,336,386,372,380,409,390,441,410,521,404,577,381,642,374,707,392,762,424,480,475,465,521,448,565,430,610,410,658,429,670,452,677,485,671,520,663,349,488,374,472,405,474,440,497,402,496,372,494,581,492,617,471,653,471,692,484,653,491,617,492,387,750,402,729,428,717,453,725,486,719,546,731,620,758,547,794,489,809,455,811,429,807,405,790,402,754,429,747,454,750,486,749,604,757,488,776,456,776,431,774,165,0.001029034778216288,18.177064190332544,0.9970939290958168,3128.0255352586855,0.4095793641744996,348.8833137787683,12493.92507684441,8.500747086603456,11.066012709605989,0.0006885730943472477,2.95421316810543,-0.5257174132439619,0.9997920796881274,1437.0,2218.0,1822.0,1843.0,2131.0,3871.0,7391.0,12920.0,16322.0,12790.0,10851.0,10725.0,10461.0,10194.0,10121.0,9411.0,9500.0,10161.0,12147.0,15435.0,19976.0,19176.0,17082.0,14245.0,17100.0,14383.0,8528.0,6754.0,6441.0,6277.0,2776.0,1670.0,469.0,1030.0,1663.0,1590.0,1578.0,1716.0,2531.0,3220.0,4433.0,6958.0,11333.0,15134.0,11899.0,10009.0,9253.0,9394.0,9419.0,9589.0,9375.0,8733.0,9133.0,10154.0,11713.0,14165.0,19776.0,22446.0,21096.0,22765.0,18458.0,10941.0,10667.0,5519.0,30.0,73.0,248.0,686.0,1131.0,1186.0,1058.0,951.0,998.0,1069.0,1182.0,1435.0,1842.0,3124.0,5835.0,8425.0,11633.0,9655.0,8797.0,8673.0,8183.0,8529.0,8758.0,8919.0,9093.0,8869.0,8865.0,9408.0,11107.0,12814.0,18092.0,125491.0
291,498,283,561,282,623,290,690,304,757,330,823,369,885,413,946,483,979,577,986,678,963,768,921,843,867,891,791,912,700,921,607,926,511,286,439,307,409,348,402,393,411,436,434,516,433,579,409,649,405,718,420,779,454,475,483,464,539,450,595,435,652,407,673,429,692,461,706,502,694,544,680,338,484,363,467,395,471,432,494,393,495,362,492,584,498,619,476,656,478,696,496,655,501,618,500,384,729,414,725,446,729,478,738,513,732,578,733,655,740,582,789,518,805,482,805,447,797,417,772,400,734,446,747,478,754,514,752,638,741,517,770,481,769,447,760,166,0.0011241382549401645,18.484954017213905,0.9946054500822635,1713.3095963291921,0.40452493317291605,230.9915408420514,6834.753431299558,8.248640597813427,10.905239417022973,0.0007319642267469928,2.935985358066053,-0.4965127810917245,0.9995869923976209,880.0,3829.0,5374.0,6409.0,8389.0,13980.0,24758.0,47069.0,52085.0,24473.0,15964.0,12625.0,9943.0,7629.0,6902.0,7214.0,8507.0,10483.0,10681.0,8686.0,6140.0,3083.0,1484.0,939.0,987.0,819.0,441.0,206.0,20.0,0.0,0.0,0.0,382.0,1871.0,3540.0,4277.0,4920.0,6153.0,9509.0,15553.0,22806.0,36961.0,41641.0,34290.0,18686.0,12695.0,8842.0,7977.0,7356.0,7018.0,7159.0,7647.0,10350.0,11805.0,10080.0,5214.0,2100.0,719.0,283.0,120.0,44.0,1.0,0.0,0.0,0.0,169.0,745.0,1139.0,1220.0,1533.0,1950.0,2384.0,2542.0,2327.0,3155.0,3743.0,5062.0,7036.0,10883.0,16159.0,23503.0,18040.0,20302.0,20386.0,24136.0,27542.0,22179.0,14610.0,9961.0,7778.0,7601.0,8995.0,12515.0,11929.0,7177.0,3298.0
323,525,312,583,308,644,315,707,327,771,345,838,377,899,415,952,477,973,561,966,656,936,752,900,836,850,890,781,920,700,940,610,958,517,298,465,312,423,355,407,403,411,447,429,513,427,582,398,663,396,742,422,800,468,469,478,455,518,439,557,423,599,402,658,422,669,447,676,484,667,522,659,340,509,364,484,398,483,435,506,399,509,364,512,589,495,623,469,665,472,710,491,664,495,623,495,391,776,403,748,428,734,451,740,477,731,530,744,601,769,538,796,487,811,459,815,432,812,409,799,406,773,430,761,454,761,481,759,577,768,483,772,456,775,432,772,167,0.0012234356999559534,27.26590206270952,0.9813279824334903,730.1538907212289,0.3337059096503785,229.2788963773102,2893.3496608222067,7.683652311236322,10.607725678551116,0.0006244789717620672,3.123257773548212,-0.4148427777010758,0.9978226821592698,560.0,2090.0,3426.0,4245.0,6102.0,7833.0,13798.0,18562.0,30392.0,48243.0,51080.0,33728.0,24063.0,19056.0,12449.0,6200.0,3526.0,2026.0,982.0,668.0,344.0,121.0,33.0,21.0,14.0,13.0,16.0,20.0,3.0,0.0,0.0,0.0,53.0,622.0,1540.0,2304.0,3144.0,4509.0,5179.0,4573.0,6654.0,12486.0,17670.0,26312.0,37006.0,49388.0,44161.0,26756.0,20734.0,12510.0,6704.0,3738.0,1879.0,993.0,428.0,156.0,33.0,24.0,15.0,13.0,18.0,12.0,0.0,0.0,1.0,15.0,202.0,803.0,1062.0,1351.0,1476.0,2039.0,2353.0,2452.0,3266.0,3941.0,4672.0,6254.0,11390.0,14465.0,20056.0,27975.0,34636.0,45440.0,41541.0,25424.0,19205.0,10526.0,5040.0,2654.0,913.0,344.0,59.0,19.0,15.0,25.0
280,480,270,544,273,611,284,681,301,751,331,817,373,880,424,939,491,964,568,955,652,924,731,878,798,817,843,743,866,661,876,575,883,488,296,430,324,401,367,397,411,409,449,430,547,428,598,406,655,400,711,410,758,438,492,482,485,529,477,577,469,625,430,654,453,665,481,674,515,668,549,662,338,483,368,471,400,474,432,494,397,494,365,491,587,497,621,478,656,477,692,489,657,497,623,498,387,720,417,704,455,700,487,707,526,703,587,713,650,734,590,799,527,826,486,827,449,819,414,787,403,725,453,723,486,729,525,727,637,736,527,785,488,786,453,778,168,0.0009256815231194583,23.85200197809791,0.9930485022078431,1715.6450372344925,0.3872989066288098,328.3801235647123,6838.728146959886,8.266968055374193,10.930342699538928,0.0007144298604551064,3.00049104311944,-0.496532332866838,0.9995844476021707,299.0,1006.0,1869.0,1871.0,1757.0,1903.0,2237.0,3221.0,3595.0,5558.0,8985.0,11324.0,12559.0,13758.0,16223.0,19156.0,20698.0,23711.0,20990.0,16226.0,14574.0,14410.0,12802.0,11400.0,10347.0,8595.0,5148.0,2887.0,451.0,23.0,0.0,0.0,123.0,791.0,1740.0,1526.0,1570.0,2077.0,2748.0,2596.0,2514.0,2533.0,2813.0,4234.0,6879.0,9374.0,11267.0,12086.0,14489.0,16444.0,19274.0,21967.0,23844.0,22779.0,17007.0,17630.0,15143.0,13967.0,11880.0,5839.0,2291.0,158.0,0.0,0.0,0.0,30.0,562.0,1179.0,1018.0,850.0,741.0,769.0,841.0,780.0,712.0,811.0,760.0,1101.0,1497.0,1892.0,2904.0,4716.0,7135.0,9719.0,11175.0,12813.0,14586.0,18335.0,21248.0,21825.0,27260.0,26490.0,24481.0,22413.0,22062.0,6878.0
166,519,166,598,174,677,186,759,213,839,263,900,335,939,417,962,500,969,572,960,625,921,668,865,694,800,708,730,722,665,727,602,722,539,273,429,320,395,381,384,442,390,492,416,572,417,611,397,655,390,696,399,718,436,536,466,542,510,548,552,554,597,471,654,505,663,540,671,569,665,594,653,332,483,366,465,403,465,437,488,403,493,365,493,592,492,626,469,660,470,684,491,661,500,626,499,394,754,456,730,507,716,535,723,562,717,597,732,625,757,591,777,559,787,530,790,500,788,452,779,414,755,505,749,533,751,561,749,608,758,558,751,531,754,503,752,169,0.0008180614452933733,38.58210956773941,0.9954019773644625,4195.159994070149,0.4059713312300284,250.8575268159465,16742.057866712858,8.645765685256551,11.405763864573998,0.0006776602331421738,3.0996313856035176,-0.5092777091389324,0.9997686801938145,1349.0,5678.0,13988.0,14715.0,10508.0,9301.0,8957.0,7690.0,8939.0,10282.0,13661.0,19366.0,30111.0,24740.0,13422.0,7124.0,4386.0,3572.0,3416.0,3755.0,4457.0,5926.0,8852.0,10182.0,7950.0,4185.0,2793.0,1870.0,2274.0,2766.0,2455.0,1593.0,575.0,5029.0,11671.0,14110.0,8701.0,8311.0,8257.0,8201.0,5542.0,5910.0,7036.0,10055.0,15074.0,22468.0,26139.0,19253.0,16497.0,7211.0,3860.0,2870.0,2868.0,3032.0,3191.0,3817.0,4740.0,6440.0,10875.0,10561.0,5937.0,3565.0,5053.0,3414.0,3.0,1202.0,6485.0,10652.0,8696.0,6906.0,4721.0,4803.0,6217.0,6444.0,4603.0,2877.0,2945.0,3079.0,3593.0,6081.0,9834.0,14026.0,21782.0,17453.0,18765.0,22977.0,10234.0,6084.0,3905.0,3293.0,3162.0,3280.0,3692.0,4870.0,8628.0,38971.0
205,491,206,568,209,645,223,726,255,801,308,865,371,920,440,962,514,973,582,956,637,911,687,857,722,793,742,722,757,647,767,572,769,500,275,434,316,398,373,385,431,392,488,413,559,416,609,396,663,388,717,403,745,448,522,469,525,520,529,568,532,619,465,671,494,676,524,681,551,677,576,668,335,483,367,463,406,461,441,489,404,500,363,500,583,491,616,464,656,464,687,485,658,503,617,502,409,770,453,756,495,742,522,750,546,741,582,754,622,765,583,796,549,813,523,817,494,813,454,796,428,772,494,772,522,775,545,772,605,769,547,771,524,776,496,772,17,0.0006717538856225504,20.672311801234077,0.9966824571792934,3115.9132903931522,0.35697685354440145,324.0862587514884,12442.980849771342,8.472569922578481,11.321934257862287,0.0006274911710560096,3.077632716871951,-0.4860319575588947,0.9996157186822422,0.0,0.0,9.0,226.0,1075.0,2205.0,3346.0,6256.0,10763.0,11773.0,17980.0,16195.0,11599.0,10288.0,8971.0,9151.0,8428.0,7569.0,6612.0,5713.0,5156.0,6141.0,8534.0,9513.0,10871.0,11925.0,17575.0,23345.0,17268.0,8736.0,3347.0,513.0,0.0,0.0,5.0,255.0,858.0,1948.0,2373.0,3935.0,6691.0,10253.0,11852.0,16682.0,16021.0,13123.0,11021.0,9965.0,9741.0,8210.0,7554.0,6335.0,5870.0,6043.0,7453.0,10180.0,12080.0,13936.0,18325.0,23987.0,15915.0,8055.0,2415.0,2.0,0.0,0.0,3.0,83.0,262.0,390.0,726.0,1164.0,1531.0,2317.0,3947.0,5272.0,6379.0,7204.0,9862.0,9962.0,12019.0,12468.0,10569.0,9193.0,8940.0,8866.0,9210.0,9071.0,9074.0,8408.0,10271.0,13681.0,16659.0,20193.0,32808.0,20551.0
229,512,230,585,238,657,249,726,274,789,315,845,373,886,438,916,511,927,582,912,645,878,699,833,739,776,762,713,771,645,777,578,773,511,280,456,318,417,373,403,429,413,480,436,559,434,606,412,657,404,709,414,742,451,518,478,518,525,519,571,519,620,448,648,481,658,517,667,552,658,585,648,336,490,370,473,404,474,441,498,404,497,369,496,589,497,625,474,657,474,689,491,659,496,625,497,382,722,433,706,481,696,516,703,552,695,599,703,645,720,598,757,554,779,515,785,479,781,431,761,398,725,481,728,516,731,552,727,628,722,552,740,516,745,480,742,170,0.0007823926335598245,21.05407018608164,0.9897827428201538,1030.273355733883,0.30819517868679075,194.46042475595874,4100.03935274946,8.010517063826022,11.043275762963546,0.0006961739362289473,3.20217491855676,-0.4258444549410193,0.9985759316580707,3859.0,3756.0,5758.0,8821.0,12196.0,23355.0,27536.0,27817.0,30092.0,25461.0,16549.0,12687.0,9160.0,6839.0,5479.0,4023.0,3173.0,2098.0,921.0,117.0,7.0,3.0,0.0,0.0,0.0,0.0,0.0,0.0,0.0,0.0,0.0,0.0,1833.0,2734.0,2122.0,2709.0,4557.0,7288.0,9639.0,15255.0,19586.0,21057.0,21969.0,27024.0,25062.0,18470.0,14184.0,11665.0,8689.0,6192.0,4536.0,3268.0,1529.0,318.0,17.0,4.0,0.0,0.0,0.0,0.0,0.0,0.0,0.0,0.0,543.0,1767.0,1425.0,1317.0,1248.0,1565.0,1944.0,2416.0,3659.0,5755.0,7767.0,11297.0,14045.0,16390.0,18478.0,20783.0,23738.0,20873.0,18183.0,15056.0,12783.0,10674.0,8108.0,5634.0,3307.0,847.0,96.0,8.0,1.0,0.0,0.0,0.0
215,529,216,595,223,662,235,731,256,796,298,850,363,888,436,912,514,921,592,909,659,878,711,833,746,774,764,708,772,641,773,576,769,512,269,440,305,405,356,385,410,386,459,404,566,405,611,386,660,386,706,402,735,440,516,466,518,503,521,539,523,578,463,634,492,642,523,647,550,642,575,635,330,491,364,476,399,474,435,491,399,498,364,499,587,493,623,476,656,477,684,492,656,500,622,499,393,722,450,707,493,695,520,702,545,695,584,707,630,724,582,744,546,753,518,756,491,752,447,744,411,725,493,724,520,728,545,724,615,727,545,724,519,727,492,724,171,0.0007453781812728215,76.99275550284301,0.9797564413608878,1901.5547656175559,0.33914612412389733,276.73984079362947,7529.226306967368,8.266442744026284,11.380983040248516,0.0005924545623967249,3.37479663343742,-0.4351558212049008,0.9989827685734103,1131.0,2486.0,4158.0,5431.0,7309.0,6046.0,7257.0,7993.0,9629.0,10508.0,12004.0,14691.0,18186.0,19755.0,24015.0,22009.0,20451.0,20412.0,18342.0,10721.0,4306.0,1594.0,793.0,221.0,38.0,17.0,4.0,1.0,0.0,0.0,0.0,0.0,549.0,1275.0,2735.0,3081.0,5229.0,5993.0,4623.0,5603.0,6082.0,6489.0,7779.0,8428.0,9636.0,11329.0,13280.0,16259.0,17693.0,21146.0,22249.0,20079.0,20961.0,18496.0,14980.0,3898.0,1102.0,416.0,91.0,19.0,7.0,1.0,0.0,0.0,42.0,162.0,626.0,1206.0,1358.0,1361.0,1808.0,2283.0,3914.0,3899.0,3145.0,3151.0,3571.0,4235.0,4397.0,4755.0,5296.0,6044.0,6595.0,8415.0,11359.0,14304.0,15979.0,18463.0,22531.0,21627.0,22096.0,25424.0,22336.0,7379.0,1336.0,411.0
183,433,186,521,195,606,212,686,247,756,303,815,369,864,439,903,510,913,574,895,622,846,666,795,703,738,728,671,744,602,757,530,762,454,260,439,313,419,371,418,428,429,482,454,575,453,621,432,671,417,722,411,755,442,527,499,530,556,533,613,537,670,464,685,496,695,529,707,558,694,584,680,330,487,367,473,406,475,440,501,402,505,362,504,585,499,618,470,656,467,691,480,661,497,622,500,389,734,447,741,492,741,522,748,549,739,582,737,623,726,583,761,552,781,522,788,490,786,446,768,408,738,491,756,522,759,550,753,606,735,550,750,523,758,492,756,172,0.0014898476779040392,11.188186350575196,0.9953716799408356,1208.7209977618168,0.48425195350964684,265.3891568624111,4823.69580469665,8.03020764767802,10.181144050883145,0.00102623660410291,2.5490736444766338,-0.5530478258700722,0.9997696375236341,591.0,1191.0,1461.0,1703.0,2375.0,3293.0,3748.0,5858.0,11603.0,21177.0,22370.0,18339.0,16460.0,14019.0,15153.0,17010.0,20786.0,14236.0,10368.0,6803.0,4084.0,738.0,86.0,43.0,18.0,0.0,0.0,0.0,0.0,0.0,0.0,0.0,283.0,633.0,898.0,998.0,1253.0,1852.0,1908.0,3054.0,3163.0,4020.0,6674.0,13625.0,21602.0,20330.0,16263.0,16680.0,15672.0,14258.0,16078.0,22021.0,13508.0,10962.0,7186.0,527.0,39.0,12.0,11.0,3.0,0.0,0.0,0.0,0.0,78.0,317.0,518.0,584.0,786.0,730.0,769.0,1146.0,1316.0,1363.0,1684.0,2497.0,2766.0,4436.0,6292.0,9737.0,12620.0,15421.0,15667.0,13954.0,16209.0,17144.0,17798.0,18487.0,16223.0,12556.0,12103.0,9432.0,870.0,10.0,0.0,0.0
277,482,271,551,270,626,280,700,304,768,343,827,391,881,442,930,505,949,581,942,655,905,727,855,788,797,830,727,854,646,862,563,864,480,287,412,316,374,363,368,410,384,450,410,534,413,590,393,650,385,709,400,751,438,493,480,488,532,482,583,476,636,425,670,453,678,483,688,520,682,556,677,335,477,362,461,398,465,430,492,396,495,359,493,586,495,615,470,652,470,686,487,656,501,619,502,388,759,424,746,463,737,490,745,523,739,575,755,633,767,576,816,526,834,490,837,460,829,422,803,405,764,463,768,491,773,523,771,614,770,524,789,491,790,462,783,173,0.0004928817875033989,95.31761124796168,0.9736233719150057,1806.799615607425,0.2810475354588548,231.72868431278965,7131.880851181733,8.382203521141088,11.847932386246768,0.00045970529562452966,3.6640616883132067,-0.39743030237450105,0.998416394886412,760.0,4251.0,7532.0,6739.0,13964.0,19888.0,22438.0,27334.0,24286.0,23992.0,19620.0,15882.0,13473.0,10693.0,8849.0,7901.0,7600.0,7896.0,5932.0,3981.0,3076.0,2972.0,2712.0,786.0,582.0,567.0,214.0,59.0,18.0,6.0,0.0,1.0,104.0,1440.0,5497.0,5832.0,3928.0,3507.0,5972.0,9444.0,13267.0,16362.0,16871.0,22256.0,22648.0,22438.0,21869.0,17055.0,13565.0,10742.0,9554.0,9029.0,8541.0,8352.0,5030.0,3589.0,3256.0,2291.0,741.0,582.0,201.0,38.0,2.0,1.0,7.0,426.0,2917.0,5060.0,3945.0,2815.0,2162.0,1899.0,1848.0,2712.0,3703.0,5149.0,8028.0,10191.0,12321.0,14414.0,15459.0,20440.0,19074.0,19257.0,20142.0,17114.0,15078.0,13139.0,13157.0,11648.0,9656.0,6924.0,3995.0,964.0,332.0,28.0
210,492,220,564,233,633,250,701,281,763,330,814,390,852,450,885,514,894,577,879,632,844,688,806,731,757,756,697,769,631,782,563,791,493,266,444,304,409,357,396,412,400,467,415,555,412,607,397,663,394,715,406,752,442,514,477,512,512,510,547,508,585,456,632,483,639,512,645,538,640,565,633,333,489,365,470,402,469,433,494,400,500,363,499,588,493,619,468,655,470,687,488,657,498,620,498,411,725,450,706,488,693,512,700,535,693,574,707,616,722,576,758,540,774,514,776,488,774,451,761,428,727,488,716,512,718,536,716,599,724,538,744,514,747,489,745,174,0.0019379826546279929,19.11098918829208,0.9922355187324132,1231.2032322281575,0.5294974792799577,285.6646836124515,4905.7019397243275,8.037856142176825,10.07530977803561,0.0009821860232215487,2.5152670984992564,-0.5698519369174955,0.9998196137023571,90.0,290.0,1975.0,5110.0,4244.0,3521.0,4585.0,6253.0,9641.0,17876.0,27613.0,28727.0,21455.0,17666.0,15812.0,14476.0,10763.0,7908.0,8363.0,6023.0,5250.0,4470.0,1493.0,29.0,8.0,6.0,2.0,0.0,2.0,0.0,0.0,0.0,0.0,30.0,291.0,1721.0,2473.0,2685.0,3159.0,2905.0,3147.0,3164.0,3709.0,5440.0,7700.0,13589.0,17247.0,29450.0,24439.0,19157.0,18421.0,16141.0,13050.0,10034.0,9338.0,6474.0,5586.0,3435.0,844.0,8.0,8.0,4.0,0.0,2.0,0.0,0.0,11.0,150.0,538.0,905.0,1119.0,1094.0,898.0,1088.0,1709.0,1951.0,2023.0,2090.0,2384.0,2352.0,2725.0,3690.0,5375.0,10631.0,16481.0,24560.0,27596.0,23307.0,22703.0,27300.0,14655.0,12893.0,10007.0,3362.0,39.0,15.0
195,493,195,572,198,653,210,728,245,795,293,849,352,894,419,922,487,929,546,917,585,878,614,820,639,755,657,691,674,627,683,565,681,503,299,439,349,421,401,416,455,426,507,443,586,445,617,429,650,416,683,411,704,430,544,493,549,545,556,597,561,649,491,677,517,685,544,694,569,684,588,668,345,486,379,466,420,467,452,496,415,503,375,503,582,491,608,462,645,459,668,477,648,496,614,499,435,779,479,754,518,739,541,745,562,735,582,745,594,767,580,791,560,803,537,807,510,807,476,796,452,777,515,767,539,768,560,764,583,767,561,765,538,769,515,768,175,0.0010097765883936966,26.87591809219774,0.9947598634503959,2564.656232800684,0.4161475658514271,323.2814709611056,10231.749013110566,8.451456209871804,11.033106847086863,0.0007354450328701383,2.9956523540103457,-0.5204777814696426,0.9997638765323305,783.0,1165.0,1747.0,2331.0,2744.0,2851.0,3340.0,3834.0,4109.0,5430.0,8279.0,13700.0,13695.0,11639.0,8642.0,7305.0,6828.0,6471.0,8012.0,9315.0,13620.0,12862.0,12593.0,12249.0,13116.0,7191.0,2406.0,2052.0,704.0,118.0,0.0,0.0,577.0,630.0,972.0,1562.0,1974.0,2594.0,2715.0,2897.0,3771.0,4247.0,4922.0,5447.0,7857.0,13384.0,11260.0,9516.0,9323.0,6994.0,6381.0,6362.0,7359.0,9721.0,13483.0,14016.0,13439.0,12848.0,13537.0,7300.0,3038.0,911.0,94.0,0.0,15.0,222.0,462.0,468.0,500.0,597.0,639.0,724.0,950.0,1366.0,1610.0,1525.0,1921.0,2289.0,2570.0,2953.0,3404.0,3771.0,4286.0,5941.0,9125.0,12225.0,13512.0,9506.0,7857.0,6370.0,7685.0,10845.0,16476.0,17096.0,17537.0,34684.0
216,486,216,558,225,630,233,703,261,772,309,831,373,880,443,917,515,928,584,915,648,881,709,837,753,780,778,712,788,642,795,569,795,496,269,448,306,411,361,398,415,405,464,426,563,419,609,399,662,394,712,407,744,445,514,482,514,532,514,582,515,634,453,663,482,670,513,678,544,670,573,662,334,488,366,471,403,474,438,500,401,501,365,499,590,498,622,473,657,472,689,488,659,499,624,500,391,732,437,717,481,709,512,716,543,710,587,719,633,731,590,778,546,800,512,804,477,800,434,780,405,735,480,731,512,735,544,731,617,734,545,768,512,771,479,767,176,0.0009243657966191063,22.980584173003667,0.9957106184877224,2680.026084552167,0.4215931638333664,291.67773454912077,10697.12375403566,8.519844520537886,11.053002553568591,0.0007686869090175908,2.9196742985280957,-0.5310130368721238,0.9998074854321305,2417.0,3026.0,3854.0,5232.0,6794.0,7053.0,6853.0,7116.0,7775.0,7719.0,8646.0,10661.0,10474.0,9654.0,10035.0,10896.0,12938.0,14166.0,13431.0,13675.0,12158.0,11237.0,11941.0,12654.0,13488.0,8359.0,3610.0,150.0,17.0,7.0,7.0,1.0,1956.0,2247.0,3123.0,3632.0,4522.0,5979.0,6935.0,6630.0,5856.0,6164.0,7048.0,7292.0,8755.0,10759.0,10430.0,10363.0,11129.0,12196.0,13957.0,15752.0,15131.0,15117.0,12355.0,13015.0,14986.0,13554.0,6532.0,619.0,9.0,0.0,1.0,0.0,320.0,955.0,1115.0,1229.0,1405.0,1470.0,1671.0,1964.0,2282.0,2201.0,2896.0,3991.0,4540.0,4403.0,4611.0,4459.0,4898.0,5805.0,6502.0,8171.0,11272.0,12694.0,12129.0,13553.0,16618.0,21726.0,23307.0,25334.0,28216.0,15434.0,777.0,96.0
84,466,88,568,91,673,117,769,172,847,248,906,336,950,428,981,510,986,570,970,602,919,631,857,654,789,674,717,686,645,688,571,684,501,278,446,332,411,397,390,462,397,522,422,594,426,625,409,660,400,689,405,693,438,558,478,572,534,587,589,602,646,500,677,534,689,568,702,595,693,615,675,350,485,389,468,426,463,454,489,424,498,387,497,576,489,607,466,636,464,651,486,635,498,605,496,414,771,474,764,521,759,553,766,573,759,589,764,603,781,585,806,570,815,547,816,514,813,469,801,433,772,519,777,551,780,571,776,593,780,571,777,550,780,518,775,177,0.0005744366427569034,72.120006898233,0.9775030417337291,1602.8377441688394,0.2587480262259363,212.24016995950146,6339.230969777123,8.176218657111697,11.754829301472789,0.0004039011344941801,3.872235099276468,-0.3639393737234119,0.9970235733614052,2533.0,6605.0,11264.0,13878.0,15839.0,17521.0,17438.0,18148.0,19027.0,19922.0,22203.0,20454.0,18824.0,25161.0,28303.0,18212.0,6960.0,2743.0,464.0,27.0,3.0,2.0,1.0,4.0,1.0,3.0,2.0,1.0,3.0,4.0,2.0,2.0,355.0,2038.0,4333.0,7997.0,10564.0,11979.0,13566.0,14233.0,14801.0,15776.0,16574.0,18033.0,18949.0,20338.0,19760.0,17119.0,22931.0,29923.0,18711.0,6083.0,1367.0,102.0,1.0,4.0,3.0,3.0,3.0,3.0,3.0,2.0,0.0,0.0,71.0,443.0,986.0,2079.0,3433.0,5177.0,6981.0,7868.0,8463.0,9183.0,10404.0,11281.0,12031.0,11789.0,12266.0,12473.0,13221.0,14746.0,15733.0,18191.0,17931.0,14132.0,17456.0,27441.0,21941.0,7237.0,2527.0,62.0,5.0,1.0,2.0,0.0
36,523,46,626,62,730,98,824,166,894,259,942,364,976,466,995,557,1003,628,984,661,930,687,861,707,791,724,723,733,656,716,589,690,525,224,398,284,348,359,330,435,342,502,372,590,385,627,369,664,371,693,393,698,434,559,466,578,508,600,548,624,589,512,648,550,661,588,669,614,662,637,651,316,467,362,445,407,447,444,480,405,486,359,483,571,497,609,473,646,479,666,509,645,517,607,513,424,761,504,728,568,714,595,720,622,716,650,736,646,769,642,800,616,809,587,808,557,804,498,793,447,759,564,743,591,745,617,747,630,765,615,772,589,772,561,769,178,0.0018557486014235951,24.974185183128554,0.989795104265378,1223.987104980446,0.41409320050939363,341.01022954993346,4870.97423473866,7.783636121396328,10.378764471580437,0.0007129993160842322,2.9668123762385106,-0.47132196538722515,0.9990896134080625,33.0,810.0,1316.0,1568.0,1964.0,2064.0,2338.0,2873.0,4157.0,6128.0,7879.0,10417.0,13724.0,18270.0,22779.0,28696.0,44177.0,39106.0,38813.0,36509.0,31651.0,21353.0,11508.0,6615.0,3978.0,2277.0,885.0,270.0,100.0,69.0,31.0,44.0,5.0,150.0,1289.0,1401.0,1579.0,1723.0,1806.0,1945.0,2110.0,2817.0,4006.0,5426.0,6168.0,7550.0,9349.0,12012.0,13677.0,16117.0,21074.0,30415.0,50036.0,51990.0,42573.0,42938.0,21701.0,7620.0,3566.0,1068.0,189.0,54.0,30.0,18.0,0.0,5.0,144.0,647.0,1039.0,1067.0,1178.0,1197.0,1476.0,1537.0,1418.0,1534.0,2151.0,2116.0,2037.0,2325.0,2845.0,3479.0,4470.0,5261.0,6215.0,7911.0,10046.0,11206.0,13740.0,18447.0,29377.0,46751.0,85550.0,68546.0,27009.0,1678.0
253,498,255,571,259,642,267,712,290,778,330,835,381,884,441,924,513,940,590,930,654,894,711,846,756,787,780,717,791,641,798,563,800,484,283,421,308,382,353,365,401,370,444,391,560,385,608,363,661,357,712,372,747,409,502,470,503,508,502,545,503,585,441,633,473,639,506,645,540,638,574,632,332,489,361,469,400,469,434,496,398,505,359,505,588,492,622,464,661,461,692,480,664,499,624,500,396,752,438,728,481,713,507,720,533,711,579,724,627,747,582,796,538,814,509,817,480,814,437,797,417,755,481,754,508,755,534,752,606,750,535,758,508,762,481,759,179,0.0007705257038903971,50.858493257412746,0.9660206521831315,748.4713450500085,0.2585524349877784,163.02945999204073,2943.0268869426154,7.764329649443123,11.212000757002514,0.00041711944752389585,3.662820363006439,-0.3457209556803016,0.9949834396488828,1819.0,3283.0,6350.0,18916.0,52411.0,56964.0,39116.0,26850.0,19034.0,12144.0,8024.0,5100.0,2856.0,1590.0,825.0,459.0,258.0,203.0,155.0,175.0,146.0,83.0,76.0,15.0,16.0,6.0,5.0,4.0,2.0,4.0,6.0,13.0,918.0,2238.0,2764.0,4589.0,7969.0,22269.0,39683.0,43353.0,35461.0,28758.0,21527.0,15568.0,11552.0,8214.0,5475.0,3021.0,1541.0,762.0,369.0,242.0,198.0,186.0,110.0,82.0,22.0,7.0,5.0,4.0,8.0,7.0,4.0,2.0,259.0,462.0,1380.0,1840.0,1423.0,2202.0,4437.0,7494.0,11214.0,16655.0,17567.0,16243.0,13798.0,13826.0,15474.0,15993.0,16801.0,16658.0,17371.0,16196.0,14509.0,12810.0,9797.0,5966.0,3305.0,1582.0,886.0,405.0,168.0,91.0,38.0,58.0
271,465,272,535,281,603,295,670,320,730,356,786,399,840,448,893,511,914,581,906,647,872,703,826,748,767,775,696,789,616,802,534,808,452,289,416,318,388,360,389,400,404,438,426,559,426,606,402,657,392,709,396,753,422,499,488,497,540,495,591,492,641,439,654,466,667,496,678,530,666,563,657,336,484,366,468,404,470,439,500,400,507,361,505,581,500,616,473,656,471,689,488,660,507,619,508,397,718,433,708,471,703,501,711,533,705,585,709,638,720,590,782,537,806,503,808,470,802,432,775,416,725,470,728,500,732,533,730,621,724,536,765,503,767,472,761,18,0.0014399014500611192,19.062024544683574,0.9912796234020316,1093.5680423532622,0.4426372467220001,268.0889931210718,4355.210144868372,7.976417141284449,10.378923268098482,0.0008454707128653546,2.778161536882455,-0.5131703243748114,0.9995662265116223,1678.0,1499.0,1470.0,1524.0,2067.0,3772.0,6915.0,10168.0,14974.0,18702.0,22743.0,25914.0,23130.0,21900.0,16711.0,12537.0,10374.0,6499.0,5034.0,2750.0,1503.0,1104.0,595.0,376.0,7.0,12.0,4.0,4.0,4.0,1.0,1.0,0.0,736.0,1168.0,1383.0,1353.0,1073.0,1267.0,1879.0,2706.0,4177.0,6829.0,8692.0,12620.0,16508.0,19990.0,23465.0,23814.0,21759.0,20516.0,15415.0,13066.0,8199.0,3960.0,1833.0,931.0,463.0,152.0,6.0,10.0,1.0,1.0,0.0,0.0,23.0,279.0,457.0,608.0,847.0,821.0,836.0,893.0,825.0,858.0,974.0,1317.0,1864.0,2324.0,2748.0,3424.0,4633.0,6841.0,7533.0,9490.0,12772.0,15495.0,18681.0,21179.0,24173.0,20298.0,19818.0,20208.0,10997.0,2668.0,70.0,18.0
124,502,129,590,136,679,156,768,202,842,276,897,362,936,452,958,533,959,595,943,627,888,653,827,675,766,695,702,713,640,714,579,704,518,269,437,319,404,385,391,450,400,512,423,586,436,619,417,657,409,692,411,713,438,553,486,564,534,576,582,590,632,499,674,532,682,563,691,588,682,608,669,336,485,374,462,416,462,450,492,411,497,371,496,579,499,612,470,648,470,671,495,649,505,613,504,418,770,479,745,532,730,559,738,581,729,607,744,622,768,603,791,579,806,554,810,526,808,476,794,438,770,529,767,557,768,579,765,607,769,580,765,557,768,530,768,180,0.0014549628884071783,23.958985025612165,0.9915199991355905,1413.3038531619159,0.3683958470010406,331.53401324966364,5629.256427622058,7.851497620635001,10.570707950555379,0.000671499981137113,3.0654146249573224,-0.45823108276271957,0.9989739111353111,449.0,1974.0,2496.0,2604.0,2509.0,2691.0,3876.0,5168.0,5704.0,7237.0,10100.0,15065.0,21099.0,25793.0,35778.0,36504.0,25824.0,22380.0,17795.0,10576.0,6466.0,2719.0,960.0,299.0,152.0,39.0,2.0,1.0,0.0,1.0,3.0,4.0,45.0,788.0,1561.0,1827.0,1872.0,1935.0,1850.0,2059.0,2190.0,2765.0,3309.0,4045.0,4354.0,5309.0,6918.0,9316.0,11702.0,15703.0,18125.0,28496.0,41565.0,33950.0,29339.0,22854.0,10769.0,2824.0,721.0,70.0,2.0,2.0,3.0,0.0,7.0,137.0,637.0,952.0,978.0,1040.0,1023.0,1147.0,1176.0,1175.0,1082.0,1022.0,937.0,1287.0,1589.0,1619.0,1870.0,2347.0,2570.0,2948.0,3705.0,4977.0,5855.0,7070.0,9725.0,12550.0,15967.0,27490.0,44596.0,38453.0,37958.0,32379.0
240,505,245,583,255,660,266,737,290,810,329,874,380,931,440,979,512,993,585,975,650,929,706,872,749,805,774,734,786,655,795,580,802,503,283,451,313,413,361,399,411,405,458,422,565,424,614,404,665,398,715,410,748,448,511,475,510,525,509,576,507,628,451,660,478,670,507,680,539,670,568,662,336,490,366,470,402,470,437,493,401,497,365,499,587,494,621,469,657,468,687,489,658,498,622,498,379,748,424,731,473,725,509,731,548,726,597,732,642,745,601,812,550,847,508,853,468,847,421,811,396,752,472,744,509,748,547,744,627,751,548,805,509,811,471,806,181,0.0009796781882159505,27.97404568558739,0.9889582161669743,1267.076465535185,0.3581115235969116,318.24983801976174,5040.331816455164,8.066034268432208,10.899383005764372,0.0006262122557329616,3.1092662590961977,-0.45844620298332917,0.9991436500805202,631.0,627.0,1091.0,1370.0,1738.0,2702.0,3567.0,5067.0,7049.0,7843.0,10746.0,14242.0,16980.0,20722.0,23112.0,26660.0,24617.0,21782.0,19924.0,15935.0,12365.0,9479.0,6509.0,3175.0,870.0,312.0,57.0,31.0,20.0,12.0,10.0,24.0,192.0,267.0,638.0,746.0,844.0,1007.0,1371.0,2121.0,3122.0,4101.0,5223.0,6080.0,6485.0,9112.0,12312.0,14728.0,17180.0,21383.0,25278.0,25760.0,24469.0,24648.0,21669.0,13558.0,9404.0,5020.0,1546.0,763.0,165.0,29.0,26.0,22.0,8.0,60.0,119.0,207.0,272.0,298.0,387.0,509.0,570.0,602.0,744.0,1332.0,1665.0,2053.0,2764.0,3631.0,3605.0,3941.0,4706.0,6525.0,8986.0,11050.0,12402.0,14227.0,18995.0,25229.0,28128.0,26915.0,32887.0,25017.0,14763.0,6672.0
244,464,248,543,260,624,275,701,291,782,322,852,370,911,428,959,500,974,578,967,654,931,724,880,778,815,811,734,827,648,835,558,836,471,283,442,308,394,359,379,413,389,462,412,539,414,592,386,654,376,716,391,758,434,497,470,495,528,492,587,489,649,443,674,467,687,497,696,527,686,556,677,338,482,364,463,403,462,439,488,402,498,362,499,578,487,615,463,655,462,686,481,656,498,616,498,401,767,438,757,471,751,500,760,529,751,572,758,617,767,572,799,529,812,497,815,466,811,436,798,417,770,469,772,499,777,529,773,600,770,528,772,498,777,468,773,182,0.0003788879204784705,31.51115171584876,0.9959792508663259,3918.904071062952,0.3044611167639723,243.6345359037282,15644.105132535928,8.823937189851875,11.946431454682102,0.0004933020534000557,3.4200220297824333,-0.47362679855108014,0.9996680398255099,2970.0,8502.0,13907.0,13522.0,12289.0,12119.0,12909.0,13936.0,13683.0,13550.0,13687.0,13040.0,11707.0,10395.0,10541.0,10624.0,11469.0,12158.0,11259.0,11086.0,9649.0,9675.0,8644.0,6377.0,4220.0,2342.0,1427.0,743.0,694.0,15.0,3.0,1.0,2187.0,6424.0,11084.0,11739.0,10642.0,9963.0,10140.0,10449.0,10630.0,11182.0,11671.0,11255.0,11692.0,11232.0,11125.0,10184.0,10416.0,10333.0,10602.0,11087.0,11959.0,10951.0,10953.0,10883.0,10008.0,8026.0,5759.0,2915.0,1307.0,342.0,2.0,1.0,2064.0,4218.0,5176.0,7007.0,7847.0,7081.0,6463.0,6246.0,6495.0,7224.0,7334.0,7289.0,7283.0,7672.0,8022.0,8224.0,7773.0,7496.0,7726.0,7968.0,8745.0,9008.0,8692.0,8516.0,9349.0,10924.0,11898.0,12860.0,12730.0,10901.0,13338.0,23574.0
281,492,280,558,290,627,304,692,324,757,357,817,395,871,438,919,499,932,566,924,631,886,690,833,741,773,777,706,798,633,813,553,819,477,288,440,312,405,358,400,405,407,449,424,536,423,592,402,649,393,708,396,757,427,491,477,488,527,483,578,478,630,434,666,460,674,489,682,521,672,552,664,337,485,364,470,399,468,431,490,398,497,362,499,584,487,619,466,656,465,687,480,657,494,619,494,395,761,427,748,462,736,491,746,520,735,566,744,613,753,569,795,524,815,492,818,461,814,428,795,412,765,462,764,491,768,521,763,594,759,522,765,492,770,462,766,183,0.0006210821245709235,50.02819638185375,0.9934006814443479,3791.775238407144,0.3124615350162859,210.03368613134046,15117.072757246719,8.62994763125017,11.8463638432598,0.0004739672025377272,3.5632040411915575,-0.44895379709718924,0.9994205561880849,45663.0,10848.0,9273.0,9655.0,10212.0,11102.0,11562.0,11649.0,11403.0,10352.0,9550.0,10194.0,10322.0,10037.0,9497.0,9420.0,8691.0,5560.0,4151.0,2523.0,579.0,132.0,106.0,74.0,32.0,13.0,5.0,3.0,0.0,3.0,4.0,16.0,31052.0,10513.0,7159.0,6097.0,6008.0,6039.0,6381.0,7061.0,7646.0,8098.0,8269.0,8553.0,9138.0,9182.0,9534.0,8875.0,8871.0,8871.0,10377.0,10250.0,10449.0,10453.0,6525.0,4299.0,2299.0,478.0,84.0,48.0,5.0,5.0,2.0,10.0,11004.0,7487.0,4504.0,4012.0,4370.0,4306.0,4054.0,3843.0,3743.0,3878.0,4196.0,4390.0,4204.0,4622.0,4799.0,5392.0,5722.0,5895.0,6443.0,7119.0,8449.0,8964.0,9268.0,9448.0,10015.0,9838.0,10808.0,12344.0,15800.0,15496.0,6668.0,1550.0
249,515,250,585,253,651,260,718,282,781,322,835,376,882,439,922,508,937,579,925,647,888,709,844,759,788,787,720,801,646,810,575,815,502,277,445,308,406,360,397,410,407,457,428,553,425,603,405,656,394,712,402,752,437,503,480,502,529,502,577,500,627,444,652,473,660,503,668,537,659,570,652,336,490,368,473,403,474,436,496,401,498,366,498,587,496,622,473,657,472,690,487,658,497,622,497,379,720,423,706,470,700,506,707,545,701,597,708,648,717,599,779,547,807,505,811,466,805,420,775,396,724,470,722,506,727,545,722,632,723,545,770,506,775,468,770,184,0.0009487061784292056,25.704822855866524,0.9882784787307224,1096.7729632641672,0.339950043338898,236.5998248882294,4361.3870302008,7.976314141434215,10.894071259530863,0.0005953623099446717,3.138940367719563,-0.4397365686387351,0.9988045453397492,2734.0,2804.0,3242.0,4361.0,5945.0,9235.0,16551.0,26245.0,25699.0,29558.0,30477.0,28002.0,26610.0,14522.0,7029.0,3372.0,1716.0,1118.0,932.0,821.0,1011.0,869.0,204.0,52.0,16.0,8.0,14.0,12.0,8.0,7.0,2.0,1.0,1082.0,1909.0,2037.0,2204.0,2904.0,3941.0,4895.0,7266.0,10392.0,15443.0,19505.0,19822.0,23801.0,22745.0,25740.0,28634.0,27006.0,12723.0,4604.0,1673.0,1067.0,813.0,762.0,877.0,893.0,371.0,26.0,17.0,12.0,6.0,4.0,3.0,148.0,366.0,676.0,1090.0,1258.0,1306.0,1177.0,1328.0,1511.0,1655.0,2197.0,3531.0,4444.0,5356.0,5558.0,7110.0,9587.0,12942.0,14928.0,16278.0,16529.0,17604.0,18857.0,21928.0,26179.0,27022.0,14161.0,5714.0,2243.0,452.0,29.0,13.0
256,511,258,582,268,651,281,720,297,785,325,848,370,900,432,937,507,952,586,940,656,905,711,857,748,796,767,730,781,659,793,589,800,516,297,440,329,408,376,396,424,401,470,419,550,418,597,398,651,394,702,409,739,443,508,473,506,522,503,571,501,621,447,659,473,670,503,679,535,670,566,659,340,490,371,472,404,473,439,494,403,495,369,496,587,494,620,473,653,473,685,489,654,496,620,495,407,762,437,728,474,713,505,721,538,713,581,729,619,762,584,801,541,822,506,827,471,822,436,801,424,761,474,746,506,749,539,746,603,761,539,776,505,781,473,776,185,0.0013600692626497375,17.03413917713616,0.9923696284322983,1116.1329766849913,0.417070684687666,254.33032922697674,4447.497767562811,8.024309276666429,10.579993349765637,0.0008056301164661242,2.8562142414750613,-0.4947199603204323,0.9994665500322922,129.0,576.0,1700.0,2416.0,2723.0,3786.0,6467.0,9789.0,11744.0,14946.0,30278.0,31164.0,29493.0,22546.0,14539.0,12518.0,10109.0,8489.0,8892.0,6760.0,4339.0,3669.0,1717.0,912.0,824.0,559.0,169.0,19.0,0.0,0.0,0.0,0.0,23.0,205.0,1225.0,1950.0,1840.0,2119.0,3306.0,5214.0,5487.0,7470.0,9172.0,10858.0,15600.0,31135.0,31444.0,29259.0,22268.0,14984.0,12532.0,9391.0,8820.0,7121.0,5122.0,2362.0,1093.0,828.0,374.0,63.0,7.0,0.0,0.0,0.0,0.0,13.0,273.0,979.0,1064.0,1039.0,1083.0,1205.0,1467.0,1945.0,2502.0,2699.0,3308.0,5275.0,8073.0,9619.0,11902.0,16471.0,30321.0,25471.0,27811.0,24840.0,15666.0,12789.0,11081.0,8946.0,8197.0,4716.0,1723.0,712.0,80.0,2.0
235,517,239,584,250,652,262,722,278,792,317,855,367,912,433,957,516,971,601,958,671,915,728,858,769,792,786,718,798,645,804,575,808,504,265,468,296,421,351,402,410,402,466,418,543,417,601,401,660,401,718,420,756,463,506,470,506,519,506,567,505,618,445,658,475,670,507,681,541,670,572,658,329,490,359,468,395,468,432,490,395,495,359,496,585,489,622,466,659,465,690,486,660,493,623,492,391,750,433,732,473,724,508,733,543,724,586,732,632,746,588,773,546,787,509,791,473,786,435,771,408,751,472,749,508,754,544,749,615,748,544,753,509,758,474,752,186,0.000751785906910033,80.89360128171298,0.9750781751511077,1622.8671633257427,0.32350246089160845,278.74211548643126,6410.575052021228,8.263671571049322,11.347340031362647,0.000589262606326651,3.3285274625379646,-0.43941767884779875,0.9990451937371088,221.0,1074.0,2134.0,3202.0,4470.0,4707.0,5238.0,6649.0,8476.0,10652.0,11474.0,13692.0,16468.0,21909.0,25814.0,26864.0,27145.0,18402.0,14467.0,10507.0,6826.0,5762.0,5012.0,4150.0,2276.0,1785.0,1307.0,974.0,435.0,20.0,0.0,0.0,136.0,1080.0,1905.0,1922.0,2579.0,3807.0,3953.0,4272.0,4967.0,6045.0,8590.0,9269.0,10566.0,12684.0,14417.0,16767.0,23597.0,28607.0,32222.0,24651.0,16101.0,10261.0,6910.0,6886.0,3857.0,2681.0,1731.0,1258.0,387.0,4.0,0.0,0.0,26.0,437.0,1184.0,1385.0,1449.0,1301.0,1370.0,1533.0,2354.0,2752.0,2860.0,2969.0,3294.0,4976.0,5584.0,6937.0,8981.0,10397.0,11663.0,14285.0,18506.0,25162.0,29267.0,26843.0,20713.0,17310.0,12184.0,9705.0,7208.0,4266.0,2761.0,2450.0
222,515,228,589,235,660,244,732,268,800,309,858,366,906,434,941,508,952,580,941,639,903,690,856,731,795,753,729,765,656,771,584,774,513,267,482,296,426,355,399,422,394,485,411,543,417,601,402,662,403,718,425,743,477,515,470,518,508,520,547,524,589,451,638,485,645,520,654,551,644,582,636,333,494,366,478,399,476,436,493,400,495,366,497,585,493,619,477,650,480,680,495,649,497,618,495,388,737,432,710,479,702,518,709,555,702,597,710,637,738,598,777,555,793,515,798,475,794,429,776,407,736,478,723,516,726,554,722,621,737,555,759,516,764,478,758,187,0.0010737000849244584,36.68078790038303,0.9864957887909699,1358.0914780312419,0.35804326842024004,156.6702370513083,5395.685124224587,7.940838585665717,10.986626507864923,0.0005703250522574164,3.3079838180605288,-0.419121065770661,0.998378330112618,2.0,23.0,830.0,6262.0,20966.0,32870.0,37711.0,35209.0,28592.0,24324.0,13875.0,8267.0,6369.0,5515.0,4519.0,3300.0,3268.0,3420.0,3371.0,2776.0,1905.0,1307.0,740.0,420.0,245.0,145.0,94.0,50.0,32.0,13.0,4.0,2.0,2.0,203.0,1284.0,9510.0,20803.0,26616.0,31976.0,33143.0,32044.0,22254.0,13683.0,11525.0,7736.0,4837.0,4359.0,4053.0,3139.0,2756.0,2965.0,3386.0,3627.0,2854.0,1731.0,900.0,455.0,268.0,157.0,83.0,45.0,21.0,11.0,0.0,0.0,2.0,292.0,2553.0,10735.0,13794.0,15757.0,19038.0,18311.0,20171.0,23232.0,21409.0,20412.0,17955.0,10363.0,7830.0,6120.0,5987.0,3949.0,3416.0,3014.0,2621.0,2721.0,2848.0,3662.0,4156.0,3410.0,1664.0,689.0,192.0,74.0,49.0
272,502,269,577,279,650,296,721,322,790,365,850,413,903,464,949,528,962,597,949,662,914,723,870,775,816,810,746,828,668,835,585,833,504,289,429,322,401,367,395,413,404,452,426,540,421,590,400,647,394,703,402,751,426,497,491,497,540,496,590,495,641,442,679,469,689,498,697,531,689,561,681,334,486,364,464,402,467,434,501,398,503,360,500,584,502,620,469,660,467,698,489,664,503,623,505,403,767,436,743,474,730,502,740,533,732,583,746,633,769,586,817,538,837,504,840,473,835,438,814,420,768,474,757,503,761,534,759,617,769,536,794,504,798,474,793,188,0.0022621671386758627,28.03992746951245,0.9934035972665836,2126.1513236371347,0.47716135864709175,289.11273139065366,8476.565367078976,8.093240619784197,10.422935811993916,0.0009055693002293124,2.8397524844980575,-0.5326613924037867,0.9997131618651739,1014.0,3236.0,5312.0,6247.0,5827.0,4939.0,4763.0,4551.0,5033.0,5269.0,5355.0,6941.0,9175.0,10452.0,12928.0,14710.0,20458.0,24326.0,26146.0,25844.0,19680.0,13234.0,7464.0,4197.0,2313.0,1644.0,925.0,529.0,4.0,0.0,0.0,0.0,738.0,2003.0,3958.0,4612.0,4959.0,4753.0,4896.0,5041.0,4832.0,4674.0,5641.0,5827.0,5859.0,6370.0,7090.0,8762.0,11238.0,13805.0,21383.0,30096.0,32786.0,37090.0,13529.0,6671.0,2839.0,1619.0,1101.0,344.0,0.0,0.0,0.0,0.0,189.0,536.0,753.0,1602.0,2608.0,2930.0,2760.0,3117.0,3827.0,3328.0,3243.0,3227.0,3359.0,3386.0,3480.0,3241.0,3445.0,3815.0,4664.0,6202.0,8676.0,12927.0,16639.0,25282.0,40557.0,49331.0,31687.0,4902.0,1919.0,880.0,4.0,0.0
227,505,235,584,244,658,256,732,281,800,321,862,374,914,438,958,515,971,592,954,657,910,713,857,758,793,785,724,801,651,812,576,822,498,278,459,308,417,360,400,414,403,464,421,556,421,611,405,668,399,724,416,754,458,511,476,509,528,507,580,505,634,448,664,476,675,507,685,539,674,568,662,338,491,368,472,402,471,436,493,402,497,368,498,590,492,626,470,660,469,690,487,660,495,627,495,387,750,429,740,475,733,509,740,543,733,591,738,639,750,594,796,548,820,512,825,475,821,430,798,402,753,475,750,510,755,545,749,624,753,546,788,511,793,476,789,189,0.0007117376066645409,52.674537309372624,0.976492374224172,1120.387486165952,0.31612888879133216,242.0093643294015,4428.875407354442,8.054537866248605,11.17329878463929,0.0005550210494660907,3.318344830216578,-0.4182589003472557,0.9984719375654638,279.0,464.0,1334.0,3166.0,4978.0,6940.0,9422.0,10957.0,16248.0,19972.0,19565.0,20894.0,24701.0,26527.0,24558.0,22060.0,18970.0,12943.0,8756.0,4873.0,2737.0,1001.0,147.0,21.0,17.0,10.0,17.0,12.0,15.0,13.0,2.0,2.0,214.0,305.0,565.0,1657.0,3209.0,4219.0,6194.0,8236.0,9496.0,12522.0,18139.0,20203.0,20502.0,21772.0,23344.0,22964.0,22456.0,21245.0,18029.0,13055.0,8086.0,4008.0,1025.0,55.0,27.0,16.0,9.0,18.0,13.0,11.0,6.0,1.0,49.0,98.0,231.0,328.0,464.0,889.0,1357.0,1703.0,2251.0,3243.0,4184.0,5191.0,6748.0,9242.0,13381.0,17663.0,18506.0,20254.0,20826.0,19785.0,19515.0,20719.0,21522.0,19308.0,16232.0,11749.0,5363.0,739.0,38.0,7.0,12.0,4.0
236,476,240,549,252,622,265,694,287,765,324,828,377,881,439,924,509,939,579,926,643,886,697,834,734,772,759,703,775,630,789,557,797,481,277,425,313,398,361,392,407,402,451,423,571,423,618,401,667,395,718,403,755,436,512,475,511,527,510,578,509,631,457,659,483,668,510,677,537,669,563,661,337,485,367,463,405,467,436,496,400,502,363,501,587,495,619,468,657,465,688,487,659,501,623,502,388,731,437,724,480,720,511,727,543,721,587,725,638,731,591,782,545,802,511,806,478,800,435,778,408,740,479,738,511,741,543,739,619,738,544,768,512,770,480,766,19,0.0009928073142596548,27.668850786335558,0.9851249400474632,930.118799997651,0.3338631158190237,284.03143116725795,3692.806349204253,7.848293917853898,10.77115889114262,0.0006057769161463475,3.1739511139891925,-0.42837817823721885,0.9984649611063967,30.0,380.0,949.0,1193.0,1416.0,1956.0,2622.0,4377.0,10283.0,16098.0,18080.0,22122.0,24367.0,25455.0,23930.0,23670.0,20927.0,15542.0,10602.0,6198.0,3253.0,1022.0,143.0,87.0,50.0,37.0,11.0,5.0,5.0,2.0,1.0,4.0,29.0,197.0,727.0,904.0,963.0,1244.0,1635.0,2248.0,2844.0,4150.0,6501.0,11171.0,15124.0,17466.0,22524.0,24067.0,25105.0,24231.0,27604.0,24459.0,12724.0,5552.0,2489.0,631.0,146.0,46.0,18.0,8.0,5.0,4.0,0.0,1.0,11.0,28.0,107.0,234.0,542.0,647.0,773.0,787.0,964.0,1019.0,1111.0,1080.0,1330.0,1523.0,1813.0,2457.0,4130.0,6058.0,8314.0,10944.0,13018.0,15385.0,17355.0,22555.0,23104.0,23973.0,24831.0,22204.0,20642.0,7391.0,430.0,57.0
161,485,161,577,164,669,174,757,208,837,272,906,353,954,440,988,528,997,605,979,664,927,712,863,746,790,764,714,772,637,772,562,767,486,267,462,311,423,370,409,430,416,486,435,566,436,613,420,664,411,712,419,742,454,531,478,536,536,543,595,549,655,464,680,499,692,537,703,569,692,596,678,338,486,371,465,408,465,442,491,406,495,369,496,587,490,619,464,655,465,683,485,656,495,620,494,391,767,445,756,497,749,532,757,565,747,603,753,635,762,604,811,568,838,532,845,494,841,442,816,409,771,496,768,532,772,565,766,618,767,566,799,531,807,496,803,190,0.0004966736732213628,33.03047298479559,0.989415150638218,1560.2897414730523,0.2697407555977565,274.8913581004061,6208.12849290745,8.302753149322484,11.590787473837759,0.0005110097151093858,3.4447853661345316,-0.414012311918527,0.9987018199998282,425.0,1407.0,2000.0,3215.0,3594.0,4617.0,7466.0,11163.0,14298.0,17383.0,21121.0,24898.0,23295.0,20969.0,22301.0,24044.0,22345.0,18729.0,14510.0,9537.0,7642.0,6700.0,5479.0,3936.0,1854.0,507.0,10.0,0.0,0.0,0.0,0.0,0.0,215.0,647.0,1202.0,1700.0,2438.0,2820.0,3983.0,5591.0,7220.0,9949.0,13184.0,15155.0,18896.0,22786.0,23779.0,20841.0,20822.0,22184.0,22680.0,22690.0,17531.0,9585.0,7232.0,8011.0,5996.0,4456.0,1768.0,84.0,0.0,0.0,0.0,0.0,6.0,50.0,284.0,620.0,662.0,755.0,1067.0,1611.0,1995.0,2702.0,3211.0,3509.0,4216.0,5075.0,6079.0,8008.0,11546.0,14705.0,17391.0,20305.0,21231.0,20256.0,20587.0,19394.0,21836.0,22047.0,18372.0,13401.0,8578.0,10099.0,9877.0,3970.0
237,519,241,588,249,654,256,723,278,788,318,844,372,890,433,929,505,940,579,930,644,896,704,854,750,800,776,734,785,663,796,594,808,522,273,457,302,416,354,399,407,404,457,423,564,424,619,400,677,394,733,414,765,461,508,475,506,523,504,568,502,615,450,648,476,657,505,666,534,657,563,649,337,492,368,471,404,471,437,495,402,496,367,497,590,496,624,472,660,472,691,492,661,499,625,498,371,723,424,710,471,707,506,713,542,707,593,712,648,725,595,770,543,790,505,793,467,790,420,771,391,727,471,726,506,730,542,727,630,729,542,765,505,767,469,765,191,0.0012745357199634897,24.429692768513814,0.9844548320903581,786.1756012649744,0.3383406085603342,243.33216980994632,3120.2727122913857,7.72781742483749,10.628057214655227,0.0005979294877074988,3.131904017611311,-0.42183047098057125,0.9981243630131853,332.0,1512.0,2511.0,3351.0,5128.0,8120.0,9157.0,11722.0,23095.0,40773.0,44811.0,35085.0,25235.0,15312.0,8313.0,4421.0,2714.0,1721.0,1091.0,723.0,413.0,172.0,93.0,61.0,29.0,21.0,17.0,13.0,12.0,12.0,6.0,5.0,35.0,392.0,1075.0,1079.0,1852.0,2751.0,4171.0,6370.0,8944.0,8899.0,11297.0,18789.0,29240.0,42431.0,39836.0,28482.0,18158.0,9480.0,5356.0,2972.0,1513.0,1036.0,658.0,657.0,261.0,101.0,49.0,36.0,16.0,11.0,12.0,22.0,1.0,37.0,163.0,412.0,617.0,620.0,673.0,924.0,1630.0,2355.0,2789.0,3511.0,4787.0,5236.0,5775.0,5407.0,6775.0,7768.0,10636.0,15097.0,20417.0,28174.0,33009.0,28852.0,24824.0,18288.0,11213.0,4768.0,947.0,171.0,55.0,50.0
222,502,225,575,232,645,245,717,271,785,318,845,375,898,440,941,517,954,591,940,651,893,700,835,737,770,759,703,771,633,776,566,780,496,274,458,305,414,358,395,414,399,466,419,563,419,611,400,663,392,715,405,746,446,514,478,515,530,516,580,517,631,453,658,485,668,517,679,548,669,577,659,337,490,366,470,400,472,432,495,398,499,364,499,593,494,623,471,658,470,688,489,660,499,626,498,382,732,433,724,479,720,515,729,550,722,596,728,641,736,596,786,550,811,512,815,474,809,429,784,399,739,478,741,515,746,551,743,623,741,549,773,513,778,476,772,192,0.0008500344683280568,127.117275134873,0.9298210660663067,905.7099840483161,0.2815004774901669,307.63565436120473,3495.722661058364,7.812858300731687,11.165831459429281,0.0004710144123226667,3.595199054808499,-0.36558450551599686,0.9962027222597876,651.0,520.0,700.0,1103.0,1293.0,1780.0,2452.0,3636.0,6233.0,9375.0,12451.0,14363.0,17911.0,25056.0,29176.0,26977.0,23893.0,22957.0,18563.0,10850.0,5830.0,3260.0,2556.0,1670.0,1079.0,683.0,371.0,76.0,43.0,30.0,59.0,24.0,168.0,212.0,320.0,515.0,658.0,959.0,1356.0,1569.0,1766.0,1856.0,2459.0,3411.0,4717.0,7016.0,11676.0,18770.0,26827.0,29940.0,32217.0,29914.0,26338.0,19070.0,10629.0,4729.0,2868.0,2259.0,1681.0,1023.0,480.0,110.0,49.0,59.0,15.0,29.0,45.0,87.0,213.0,357.0,561.0,874.0,1090.0,1048.0,844.0,851.0,904.0,1007.0,1246.0,1617.0,2308.0,3282.0,5031.0,9020.0,14068.0,19544.0,25550.0,31360.0,30518.0,29849.0,24065.0,16322.0,10794.0,5965.0,3379.0,3778.0
197,527,202,603,208,675,219,751,247,818,297,874,365,914,439,945,514,958,588,948,656,917,712,870,749,809,770,742,780,669,787,597,790,522,269,440,304,398,358,380,416,387,469,412,566,413,615,388,669,382,719,398,746,444,517,465,517,510,518,554,518,600,462,653,489,661,518,667,545,662,572,655,337,491,366,469,401,467,435,490,401,496,365,499,591,490,623,468,659,468,686,489,659,498,623,497,400,765,445,753,485,739,515,748,541,740,580,752,624,765,583,796,542,810,514,813,483,810,443,796,417,768,485,766,515,770,542,766,608,766,541,772,514,776,485,772,193,0.0009475226004211353,15.177068726387855,0.9916545323633088,909.3943959756039,0.3635107094296672,187.75452890080362,3622.4005151760284,7.923457540215315,10.646804497358612,0.0006695636235860912,2.905827847300026,-0.4633194298659273,0.999082676065333,1937.0,3868.0,8324.0,11392.0,16831.0,26968.0,27366.0,30681.0,33450.0,31019.0,28878.0,22440.0,13334.0,9833.0,6507.0,2204.0,243.0,33.0,16.0,5.0,2.0,5.0,2.0,1.0,1.0,2.0,2.0,1.0,2.0,1.0,2.0,2.0,266.0,2131.0,2741.0,5501.0,8624.0,11556.0,18101.0,23151.0,23569.0,24376.0,29329.0,28309.0,28758.0,24793.0,18785.0,11424.0,8259.0,4519.0,1081.0,52.0,5.0,4.0,3.0,2.0,2.0,0.0,3.0,1.0,2.0,1.0,1.0,3.0,2.0,132.0,775.0,1014.0,1510.0,2137.0,2571.0,4487.0,9060.0,12004.0,12680.0,15344.0,17655.0,15700.0,17584.0,20980.0,22589.0,21051.0,21728.0,22032.0,18406.0,13769.0,8702.0,7964.0,4601.0,820.0,39.0,7.0,3.0,2.0,1.0,3.0
229,488,238,560,248,629,262,699,292,761,344,809,398,847,455,881,516,891,576,879,633,845,687,807,737,757,767,693,779,620,785,552,791,479,271,447,305,403,360,388,419,396,473,417,555,418,605,397,661,391,714,405,749,444,515,487,515,524,514,560,515,598,449,632,482,640,513,647,545,640,577,634,334,490,368,475,404,476,435,501,401,501,366,498,590,503,622,477,658,476,694,491,662,500,626,504,398,712,440,689,483,679,511,687,542,682,585,694,623,718,583,761,539,781,507,784,477,779,436,756,414,713,482,700,511,705,541,703,606,719,538,747,508,751,479,745,194,0.0015299023729616488,20.762803603471916,0.9926243697332754,1407.4526352805074,0.4345668819186876,245.08242714208282,5609.047737518546,8.07008863951882,10.641486737886918,0.0007550076798590718,2.9019357409605795,-0.4962192665699238,0.9994924002289818,23.0,574.0,2763.0,2927.0,3371.0,7564.0,17573.0,26037.0,36561.0,37039.0,23103.0,13954.0,9321.0,5729.0,4554.0,4154.0,3846.0,3644.0,3069.0,2422.0,1628.0,1563.0,1467.0,1553.0,1219.0,862.0,552.0,282.0,245.0,146.0,20.0,0.0,3.0,267.0,1715.0,2330.0,1484.0,1638.0,2059.0,4967.0,9856.0,17125.0,21738.0,27457.0,28195.0,25226.0,15928.0,12255.0,7670.0,4795.0,4417.0,4048.0,4367.0,4150.0,3558.0,2541.0,2385.0,2130.0,2163.0,1769.0,892.0,388.0,229.0,20.0,0.0,0.0,73.0,1184.0,1535.0,1069.0,793.0,693.0,653.0,723.0,767.0,788.0,1166.0,1824.0,3136.0,6724.0,10139.0,14648.0,18756.0,22316.0,25518.0,25832.0,16324.0,15654.0,10180.0,5390.0,5020.0,5093.0,6091.0,5015.0,5098.0,5563.0
214,483,220,564,230,643,242,726,266,803,308,871,362,932,427,980,501,995,577,984,647,944,708,889,757,824,789,747,803,663,810,578,816,493,265,449,290,402,344,382,401,388,456,408,557,406,613,385,672,382,729,402,759,449,504,469,503,523,503,576,501,632,442,658,471,669,503,680,536,670,568,660,329,487,359,468,395,467,433,490,395,497,357,498,587,489,622,467,660,468,691,489,659,499,621,496,382,739,427,734,471,730,506,735,538,731,583,736,631,746,584,786,538,802,504,806,467,801,424,781,401,745,470,748,506,752,538,749,613,750,537,768,505,770,470,765,195,0.0008693697704079822,22.693177971217306,0.9894823134546087,1078.9186071585304,0.3286083839229431,228.25321007424873,4292.981250662902,7.935359508798606,10.89864812308812,0.0007298442612668869,3.2331053612328273,-0.42962413206571126,0.9985953724450122,1.0,190.0,2861.0,7672.0,12840.0,15992.0,17306.0,18950.0,20641.0,25092.0,30035.0,32049.0,30937.0,30026.0,23579.0,14141.0,5683.0,981.0,3.0,2.0,3.0,0.0,1.0,1.0,0.0,0.0,0.0,0.0,0.0,0.0,0.0,0.0,0.0,20.0,188.0,1988.0,4192.0,7143.0,10251.0,13170.0,14371.0,15564.0,16308.0,19355.0,23489.0,26649.0,25099.0,26206.0,31389.0,27247.0,19493.0,6770.0,76.0,12.0,4.0,2.0,0.0,0.0,0.0,0.0,0.0,0.0,0.0,0.0,0.0,0.0,5.0,22.0,217.0,1846.0,3439.0,4589.0,5984.0,6607.0,8066.0,9693.0,10808.0,12216.0,13277.0,14231.0,15999.0,19970.0,20090.0,20320.0,22419.0,25774.0,25924.0,20763.0,17298.0,9068.0,361.0,0.0,0.0,0.0,0.0,0.0
288,517,286,582,290,647,300,712,314,780,341,842,380,895,427,936,495,951,575,948,655,921,730,880,786,822,823,748,840,669,845,586,848,503,298,458,320,418,364,404,412,410,462,422,526,417,586,398,646,384,707,398,754,437,487,464,480,507,472,549,464,594,434,646,455,652,480,658,511,651,542,645,342,496,366,475,401,470,436,488,402,498,368,503,583,481,616,461,653,462,686,480,655,492,618,490,401,761,426,735,457,718,483,727,512,719,556,736,605,764,556,779,514,786,483,788,455,786,427,778,417,760,457,749,485,752,514,750,587,762,512,748,483,750,456,746,196,0.0010172111749011715,15.513543897957117,0.9951614020620048,1603.7560936351356,0.42139516929218745,305.05096221863505,6399.510830642597,8.257012085933066,10.733600273181796,0.0007617881832689846,2.795472587556816,-0.5215782215433963,0.999712447663097,389.0,757.0,2166.0,3912.0,4807.0,6549.0,10293.0,15507.0,18263.0,18393.0,17031.0,28237.0,28247.0,20824.0,17782.0,14285.0,13022.0,10865.0,10064.0,8096.0,4856.0,1784.0,853.0,128.0,61.0,65.0,64.0,51.0,24.0,44.0,61.0,11.0,127.0,317.0,487.0,1042.0,1853.0,2646.0,2870.0,3204.0,4616.0,6327.0,7357.0,9959.0,12124.0,13854.0,14584.0,12610.0,14718.0,23453.0,24450.0,19734.0,18902.0,16175.0,14607.0,11223.0,10573.0,7060.0,2195.0,281.0,30.0,44.0,50.0,19.0,34.0,120.0,185.0,297.0,411.0,541.0,638.0,702.0,754.0,925.0,1426.0,1462.0,1632.0,2832.0,3178.0,3093.0,3950.0,5486.0,7034.0,7362.0,7624.0,8698.0,10892.0,13095.0,14612.0,18666.0,20446.0,21151.0,20406.0,17146.0,15378.0,47315.0
203,528,209,600,215,673,227,747,249,814,293,871,352,915,423,948,503,958,584,952,652,923,711,882,755,829,782,760,792,684,796,606,799,531,273,451,301,397,358,374,419,375,473,399,556,400,609,378,668,376,722,401,746,454,513,466,514,509,515,551,516,596,454,650,483,658,513,663,544,658,574,653,335,492,365,471,403,469,438,494,402,502,364,503,587,493,620,470,656,470,685,491,657,502,620,500,406,766,449,745,484,732,512,740,540,732,578,745,622,769,578,785,542,790,513,791,483,789,450,782,423,764,484,757,511,761,540,759,607,767,541,762,513,764,485,761,197,0.0007435731176722907,30.590043390478463,0.9912314845599829,1744.2944259523947,0.3225159772552258,235.25377597249638,6946.587660419094,8.180827408357029,11.17826217097023,0.0006604976989786416,3.2062262641961743,-0.44468715777290807,0.9990686115685569,38.0,235.0,1131.0,3116.0,5788.0,12960.0,28443.0,36094.0,34749.0,27676.0,17173.0,11188.0,9833.0,9660.0,11083.0,11420.0,12490.0,16276.0,15678.0,9497.0,3975.0,2752.0,1224.0,577.0,145.0,11.0,0.0,0.0,0.0,0.0,0.0,0.0,3.0,68.0,583.0,1346.0,3260.0,4623.0,6271.0,11370.0,23011.0,29831.0,31051.0,27682.0,20616.0,13447.0,9325.0,7837.0,9040.0,11148.0,11354.0,11782.0,15288.0,16817.0,11135.0,4700.0,1331.0,286.0,7.0,0.0,0.0,0.0,0.0,0.0,0.0,0.0,0.0,125.0,872.0,1578.0,1993.0,2358.0,2651.0,4180.0,6757.0,11964.0,14913.0,20784.0,24750.0,24066.0,24184.0,19966.0,8920.0,7001.0,7659.0,8624.0,10369.0,12174.0,12241.0,13059.0,15183.0,17796.0,7887.0,1063.0,95.0,0.0
221,513,222,588,230,660,239,734,261,803,303,864,365,907,438,937,518,947,596,934,663,896,720,846,757,783,773,714,781,646,787,580,783,512,273,433,314,402,366,390,419,395,468,416,567,416,612,396,661,386,710,398,745,434,518,474,521,520,522,565,524,612,463,649,491,658,521,667,550,659,577,651,335,491,367,474,400,474,437,494,400,497,366,497,590,496,625,476,658,476,689,493,659,499,626,499,377,730,431,709,485,700,524,708,560,701,607,711,655,730,607,773,560,792,521,795,481,791,428,772,393,733,484,721,523,726,560,723,638,733,559,763,521,766,482,762,198,0.0009480063568460543,22.823099912935973,0.9913545924974672,1319.9631872413438,0.35605987888793506,284.6031900913898,5257.0296490524015,8.076587941318929,10.902191388548339,0.0007220644748166811,3.125818785101888,-0.46020016458599455,0.9991806275881657,204.0,827.0,2414.0,3689.0,5588.0,8262.0,12230.0,17448.0,21612.0,22583.0,23831.0,22684.0,19607.0,20542.0,17529.0,13904.0,13523.0,11422.0,8979.0,6332.0,4042.0,1441.0,421.0,129.0,44.0,0.0,0.0,0.0,0.0,0.0,0.0,0.0,251.0,484.0,1505.0,2022.0,2277.0,2328.0,2965.0,4443.0,6134.0,7196.0,10485.0,11886.0,12467.0,16352.0,20675.0,24266.0,21639.0,20449.0,22702.0,21007.0,17582.0,14869.0,9234.0,4915.0,805.0,342.0,7.0,0.0,0.0,0.0,0.0,0.0,0.0,91.0,520.0,1136.0,1204.0,919.0,921.0,882.0,1026.0,1172.0,1336.0,1534.0,1673.0,1798.0,2289.0,3082.0,3616.0,4038.0,5177.0,6419.0,7364.0,9750.0,11839.0,16529.0,25304.0,27871.0,30729.0,38348.0,36593.0,15885.0,236.0,6.0
71,512,81,609,96,699,131,784,195,853,277,908,370,951,459,981,540,982,596,955,633,891,671,829,702,760,723,691,737,624,734,557,716,497,250,428,300,391,360,368,427,363,486,385,592,389,623,366,660,355,694,357,712,389,551,470,566,524,583,575,600,627,502,669,540,677,576,686,603,676,623,660,329,498,371,473,414,467,445,497,410,509,369,509,584,491,622,460,660,453,683,475,663,495,624,497,383,760,461,741,528,727,563,729,585,723,617,728,632,742,612,809,582,839,556,846,519,845,454,825,400,762,529,748,563,748,586,743,616,750,581,797,557,807,521,810,199,0.0011253786575762838,26.90557901469458,0.9934094422839088,2041.9759025853891,0.3762099030515736,304.3011742965422,8140.9980313268425,8.112990288856178,10.91141145877589,0.0006443637149105187,3.0927684003457867,-0.4670687246383536,0.9992881219364129,889.0,8740.0,6861.0,4118.0,2614.0,2287.0,2155.0,2315.0,2627.0,3286.0,4422.0,6455.0,10461.0,15401.0,19178.0,24041.0,29964.0,30650.0,37493.0,35320.0,23472.0,16265.0,11149.0,6113.0,3248.0,2258.0,1131.0,569.0,389.0,160.0,40.0,38.0,21.0,3153.0,7679.0,5990.0,4112.0,2649.0,2411.0,2503.0,2706.0,2908.0,3535.0,4665.0,6943.0,9377.0,11760.0,15780.0,19889.0,24169.0,31302.0,33218.0,39430.0,30076.0,26046.0,12648.0,5272.0,2663.0,1821.0,1006.0,238.0,83.0,36.0,20.0,0.0,4.0,733.0,1818.0,3848.0,4734.0,3873.0,3476.0,2917.0,2545.0,2527.0,2317.0,2313.0,2283.0,2507.0,2918.0,3823.0,4847.0,6567.0,8427.0,11315.0,13847.0,16073.0,19261.0,23595.0,26719.0,32817.0,45309.0,40939.0,16753.0,4142.0,862.0
236,499,239,569,245,640,254,713,275,783,312,846,365,899,431,942,504,960,580,948,652,908,716,854,763,789,787,715,798,638,808,562,813,483,284,426,317,395,364,385,413,389,460,406,562,406,610,387,663,384,712,394,750,427,509,471,507,511,505,551,502,593,450,633,476,643,505,650,537,643,567,634,334,487,366,469,403,469,440,493,401,498,364,499,587,490,621,467,659,467,691,486,660,497,622,497,387,734,422,696,470,682,507,688,543,684,593,699,632,740,597,806,544,837,504,841,462,834,416,802,399,736,469,706,507,709,543,709,618,742,542,792,504,795,465,789,2,0.0005469115020224405,33.354464686266176,0.9908456496067912,1821.697727978587,0.30662213015473905,228.40545392267595,7253.4364472280795,8.425106274972695,11.56141642322934,0.0005361945843821446,3.3155941997795235,-0.4438935269725828,0.9992301097595677,3359.0,4330.0,5626.0,8783.0,10722.0,14589.0,20725.0,26753.0,26765.0,23394.0,19999.0,16668.0,14538.0,12969.0,10994.0,9652.0,7033.0,6249.0,5229.0,3868.0,2946.0,2587.0,1820.0,1858.0,1298.0,1220.0,475.0,135.0,138.0,72.0,39.0,13.0,486.0,3221.0,3751.0,3979.0,5188.0,8363.0,9256.0,10938.0,14682.0,20327.0,24380.0,23325.0,20851.0,20191.0,17251.0,15035.0,11815.0,9692.0,9722.0,7881.0,6462.0,4889.0,3686.0,2755.0,2293.0,1803.0,1386.0,740.0,245.0,201.0,44.0,8.0,26.0,432.0,1055.0,1671.0,2277.0,2180.0,2262.0,2353.0,2815.0,3859.0,5418.0,6845.0,7556.0,9478.0,10717.0,13458.0,18218.0,18558.0,19346.0,17931.0,18447.0,16602.0,14241.0,10549.0,9754.0,9724.0,10998.0,10551.0,8722.0,5626.0,2768.0,409.0
242,427,248,504,256,583,267,660,289,732,329,795,381,853,442,905,510,922,585,911,650,866,706,810,752,745,776,670,789,591,799,507,804,424,281,424,316,399,364,401,410,413,454,436,555,438,601,418,653,403,708,404,749,434,503,489,504,538,503,588,503,638,440,648,472,659,505,671,541,660,576,651,335,484,366,471,405,472,440,497,402,505,362,503,582,500,617,476,656,473,691,486,660,505,621,507,388,715,429,705,472,699,509,706,543,699,589,707,635,717,591,783,544,810,506,814,466,808,425,778,406,721,471,724,508,727,543,725,619,723,543,762,507,768,469,763,20,0.0007504520858769108,29.06592465498854,0.9929462073399735,2060.3302070801356,0.34650436634508736,218.70905241497968,8212.25490366556,8.33015055511907,11.263918167552198,0.0005936570289495185,3.1707253255760257,-0.4645784290633687,0.9993915735137837,607.0,1875.0,4525.0,18781.0,29332.0,26889.0,15990.0,11932.0,9412.0,8005.0,6738.0,6473.0,8389.0,8907.0,9079.0,10342.0,11749.0,10594.0,7504.0,4393.0,3221.0,2065.0,1244.0,923.0,547.0,454.0,336.0,261.0,249.0,77.0,21.0,16.0,220.0,818.0,1567.0,2199.0,4351.0,11519.0,23067.0,24234.0,21223.0,12368.0,10113.0,9136.0,9384.0,7697.0,7572.0,7782.0,9725.0,10293.0,12285.0,12874.0,9060.0,5223.0,3233.0,1966.0,1117.0,695.0,538.0,370.0,156.0,100.0,40.0,5.0,14.0,301.0,521.0,685.0,816.0,856.0,1135.0,1965.0,3248.0,6051.0,8579.0,13191.0,13997.0,15158.0,17405.0,11701.0,9685.0,8604.0,8381.0,9112.0,8924.0,8673.0,9104.0,11280.0,12747.0,15219.0,11563.0,8058.0,3254.0,573.0,113.0,17.0
180,552,186,627,194,701,212,772,245,834,296,882,360,921,433,948,516,958,596,953,664,928,722,885,765,829,792,758,801,685,805,606,805,529,253,463,286,406,350,379,417,383,481,405,547,409,608,385,674,381,732,409,757,470,515,463,520,500,524,536,528,576,461,627,491,634,522,639,550,635,577,630,336,491,368,474,400,471,433,486,401,491,368,494,589,487,623,474,655,478,680,496,653,496,621,493,407,742,450,716,490,704,520,709,550,703,585,717,620,745,585,757,553,759,522,760,491,759,452,754,422,740,489,730,520,732,550,729,606,742,552,729,522,730,491,728,200,0.0002622377717409832,235.86593693143647,0.9397795339102142,1958.541324081887,0.18268358249927963,286.28339025477806,7598.299359396107,8.388640570749464,12.84993326130797,0.00022936255939859504,4.673791007133158,-0.26578957123984487,0.9894451959377958,374.0,1261.0,1996.0,3261.0,5521.0,7305.0,8741.0,9800.0,11138.0,14171.0,16661.0,18480.0,20339.0,23596.0,25781.0,25253.0,24280.0,21881.0,16709.0,13319.0,9852.0,6970.0,3746.0,1735.0,976.0,453.0,263.0,111.0,42.0,20.0,8.0,17.0,120.0,386.0,1314.0,1970.0,2979.0,4393.0,5607.0,6893.0,8192.0,8892.0,10995.0,13204.0,14226.0,15688.0,17191.0,18113.0,21114.0,21969.0,21380.0,21109.0,20707.0,18234.0,14048.0,12777.0,7932.0,2919.0,1133.0,402.0,106.0,30.0,19.0,18.0,16.0,43.0,170.0,453.0,803.0,1253.0,1817.0,2539.0,3060.0,3695.0,4674.0,5452.0,6237.0,6885.0,7729.0,8606.0,9435.0,10493.0,11020.0,10746.0,11899.0,12540.0,12551.0,12913.0,13738.0,14696.0,16854.0,16759.0,16189.0,15461.0,23001.0,32333.0
237,488,240,562,244,633,252,704,271,771,309,832,364,881,429,920,508,931,587,921,653,883,711,835,755,778,778,711,787,638,791,567,795,494,282,465,312,425,364,412,417,419,469,436,551,436,602,416,657,408,712,418,746,459,507,475,506,522,505,567,504,616,443,650,473,657,506,666,540,657,572,651,337,491,366,472,400,470,434,492,400,499,365,501,590,491,622,469,656,469,685,488,657,499,622,497,389,738,434,731,475,726,507,734,538,726,582,732,631,737,583,769,540,783,507,786,474,784,434,769,407,742,475,749,507,754,539,749,612,742,538,745,507,751,475,746,201,0.0006018723890859124,40.22806159995323,0.9733671521671692,755.3049695620684,0.22729296780491365,208.60430704753296,2980.991816648311,7.804065061798291,11.338748233716764,0.0004098621345879384,3.6511739862170427,-0.3362029867503686,0.9943480477387494,64.0,570.0,1563.0,3321.0,4770.0,7589.0,15804.0,24965.0,31952.0,32519.0,28819.0,24534.0,20255.0,14567.0,9642.0,5729.0,3455.0,2273.0,1182.0,660.0,252.0,106.0,63.0,45.0,31.0,4.0,4.0,8.0,5.0,4.0,2.0,1.0,17.0,231.0,814.0,1598.0,3221.0,3840.0,4969.0,9802.0,16899.0,22337.0,28130.0,30469.0,30101.0,26888.0,20927.0,13551.0,9129.0,5646.0,3089.0,1726.0,843.0,305.0,100.0,78.0,25.0,11.0,5.0,5.0,1.0,1.0,0.0,0.0,3.0,43.0,262.0,714.0,1019.0,1370.0,1930.0,2233.0,2520.0,3867.0,6939.0,9656.0,11129.0,14629.0,18100.0,21467.0,22408.0,23127.0,23339.0,18987.0,13521.0,11423.0,8926.0,7588.0,5569.0,2904.0,859.0,177.0,48.0,0.0,1.0,0.0
249,510,251,580,262,645,274,711,295,771,331,822,381,866,439,905,507,918,575,907,640,872,696,832,738,781,764,722,780,657,795,590,803,519,279,438,316,402,367,393,419,402,464,426,567,427,611,401,663,391,715,402,752,437,509,478,507,531,506,584,504,638,449,661,476,670,505,681,536,672,566,663,335,489,366,469,399,471,435,498,399,499,364,499,590,499,623,472,657,472,689,490,658,500,624,500,385,724,431,719,474,714,505,721,536,716,584,722,637,727,585,764,537,780,504,783,471,778,429,761,402,729,473,744,504,749,536,746,620,733,536,745,504,747,473,743,202,0.0012106269083513531,34.311064347025514,0.9808388585638818,895.5872643634893,0.2902837679968263,300.254241368122,3548.0379931069365,7.562730615659222,10.716245600638723,0.0005437349973238851,3.419077397413282,-0.3694300078497699,0.9957519732847977,17.0,147.0,622.0,1031.0,1356.0,1678.0,1918.0,2400.0,2870.0,3046.0,3567.0,4661.0,6923.0,9071.0,14115.0,19539.0,24708.0,33501.0,38054.0,31167.0,17101.0,5546.0,2152.0,526.0,113.0,25.0,6.0,1.0,0.0,0.0,0.0,0.0,16.0,102.0,376.0,800.0,1197.0,1601.0,1858.0,2202.0,2494.0,2966.0,3409.0,3912.0,4743.0,6560.0,8912.0,13073.0,18807.0,24239.0,34266.0,41830.0,34834.0,13724.0,3085.0,744.0,94.0,15.0,1.0,1.0,0.0,0.0,0.0,0.0,4.0,13.0,29.0,225.0,482.0,659.0,847.0,1049.0,1255.0,1509.0,1622.0,1853.0,2085.0,2301.0,2515.0,2634.0,2919.0,3714.0,5403.0,8537.0,13780.0,20527.0,26333.0,31261.0,38140.0,33132.0,18490.0,4323.0,200.0,10.0,8.0,2.0
138,469,140,562,148,653,171,740,216,817,282,878,361,921,444,952,522,957,586,938,627,885,663,824,695,759,715,691,728,623,731,554,723,487,254,449,313,421,379,415,444,426,505,448,577,449,619,431,665,418,708,414,734,441,542,492,549,542,557,591,565,641,479,682,513,689,549,697,578,688,603,673,328,484,366,467,407,467,443,496,404,503,363,501,585,494,619,466,656,463,684,481,659,498,622,499,405,767,461,759,511,750,543,757,570,747,598,753,621,764,596,789,569,807,541,812,508,811,460,800,424,770,510,773,542,775,569,769,608,767,569,769,542,776,510,775,203,0.000991231580466379,10.899632490059227,0.9960732130052732,1387.8059568027247,0.3804010734112506,162.63697663742096,5540.324194720834,8.099080096102771,10.705056260054556,0.0008134612012245609,2.809451673288972,-0.49291031819705977,0.99949766774885,46.0,2526.0,8416.0,13405.0,27930.0,37395.0,36954.0,28814.0,23508.0,16155.0,10792.0,9086.0,7252.0,6070.0,5661.0,4406.0,2972.0,2667.0,2421.0,1303.0,942.0,1079.0,867.0,563.0,419.0,228.0,2.0,0.0,0.0,0.0,0.0,0.0,0.0,943.0,5357.0,10993.0,16610.0,28398.0,30622.0,30884.0,24597.0,21554.0,16690.0,12020.0,9229.0,8781.0,6547.0,5673.0,5693.0,4491.0,2814.0,3015.0,2340.0,1130.0,1349.0,1058.0,675.0,372.0,44.0,0.0,0.0,0.0,0.0,0.0,0.0,17.0,1374.0,3261.0,5528.0,6716.0,7846.0,14987.0,17469.0,21599.0,23190.0,19717.0,17453.0,15202.0,14967.0,12858.0,11286.0,9342.0,8274.0,7376.0,5733.0,5489.0,5504.0,4435.0,3627.0,3429.0,2056.0,1660.0,1340.0,144.0,0.0,0.0
283,481,279,550,282,620,289,688,306,754,339,818,384,874,436,921,500,938,570,929,632,889,684,837,726,775,754,708,770,638,781,566,784,491,301,433,330,402,375,394,420,402,461,420,549,423,601,404,656,395,712,411,749,448,504,478,501,532,497,587,493,643,447,666,472,677,499,687,529,678,557,668,343,483,370,465,406,467,439,492,403,496,368,495,582,492,615,468,652,469,684,486,654,498,616,497,402,757,434,745,471,735,501,744,530,735,574,748,618,760,578,808,536,830,503,833,470,826,434,801,420,760,471,763,501,767,531,763,600,763,534,782,503,786,472,780,204,0.0010405744603341283,22.96131052028681,0.9922924128992098,1490.1799187517845,0.39674048513931887,282.563775480068,5937.758364486839,8.195330916867976,10.814961831725142,0.0007832959246347761,2.9978228368097186,-0.4976641340685184,0.9995709309261412,223.0,890.0,2072.0,3420.0,3909.0,3927.0,4285.0,5422.0,6905.0,9307.0,10398.0,12721.0,18431.0,17017.0,19525.0,19171.0,18344.0,18094.0,15309.0,9845.0,8352.0,5052.0,1713.0,838.0,771.0,316.0,1.0,1.0,0.0,0.0,0.0,0.0,70.0,253.0,758.0,1573.0,2519.0,2996.0,3145.0,3469.0,3964.0,4935.0,5705.0,7428.0,9839.0,10876.0,13326.0,17701.0,15886.0,18097.0,19528.0,20847.0,19005.0,14124.0,10423.0,6434.0,2140.0,878.0,340.0,0.0,0.0,0.0,0.0,0.0,2.0,13.0,60.0,220.0,552.0,1118.0,1398.0,1692.0,1899.0,2236.0,2446.0,2545.0,3007.0,3327.0,4090.0,5281.0,6576.0,9033.0,11009.0,14672.0,15152.0,14870.0,15964.0,15291.0,16895.0,20877.0,18500.0,13512.0,10833.0,2533.0,651.0,5.0
235,476,239,555,249,634,258,707,277,772,318,831,373,877,436,917,508,931,585,920,653,878,708,827,747,765,768,695,780,623,795,553,802,477,274,450,314,410,372,404,430,413,487,432,539,436,595,418,654,410,712,419,755,455,510,479,508,536,505,594,504,652,446,663,475,676,505,689,539,677,571,665,335,483,367,467,402,468,434,493,400,493,365,493,593,494,625,470,662,470,693,486,663,495,628,495,394,739,436,728,478,719,508,728,543,720,590,728,632,740,591,776,545,801,508,805,475,800,434,777,412,744,478,750,509,754,544,750,613,744,543,755,507,759,476,754,205,0.0006815774259797615,41.85533716637373,0.9948195343306109,4039.5700045276835,0.3488778589288998,260.2497383144797,16116.424680944376,8.558769606079043,11.603165189265377,0.0005630961134427494,3.336994087027106,-0.46601412261656305,0.999516950415268,134.0,1256.0,4564.0,7790.0,13881.0,16458.0,21200.0,23986.0,16764.0,12234.0,6935.0,5529.0,4876.0,4406.0,4508.0,5135.0,6353.0,8002.0,9117.0,8890.0,7709.0,8971.0,9032.0,7277.0,5866.0,4995.0,3125.0,1417.0,798.0,639.0,360.0,100.0,33.0,463.0,2060.0,4260.0,5842.0,10203.0,14122.0,14835.0,20955.0,19728.0,17907.0,8724.0,5860.0,4182.0,3910.0,3748.0,3843.0,4096.0,4225.0,4973.0,5767.0,6699.0,8230.0,9018.0,8359.0,10232.0,10412.0,8710.0,6606.0,2745.0,1109.0,451.0,0.0,19.0,370.0,1059.0,1555.0,1443.0,1972.0,2618.0,3304.0,4695.0,6113.0,11002.0,17458.0,16702.0,15119.0,14867.0,14011.0,5210.0,3467.0,3587.0,3379.0,3430.0,3673.0,3980.0,4200.0,4781.0,5747.0,7073.0,9179.0,10405.0,16277.0,35612.0
226,507,236,582,251,654,263,728,291,794,336,850,394,894,454,929,520,939,583,926,640,887,692,842,732,787,757,723,768,653,776,584,778,510,275,442,315,412,367,404,419,413,467,433,565,433,608,413,653,405,700,410,736,436,516,481,516,535,517,587,518,640,461,662,488,671,517,681,545,671,570,662,336,492,367,470,403,471,435,499,401,500,365,500,590,499,622,472,658,469,687,490,660,499,625,500,383,732,433,716,482,712,516,719,550,713,596,717,642,730,599,787,552,809,515,812,479,809,429,785,399,734,482,730,516,735,549,731,626,733,551,780,516,783,480,780,206,0.002031140737795171,21.831706463419835,0.9837689868814226,672.8946358394969,0.4085351162060971,309.62134474020945,2669.746836894541,7.522194103051284,10.112692316594512,0.000720724871319784,2.9392728171204934,-0.45064116003666005,0.9984685450009977,29.0,430.0,580.0,548.0,599.0,727.0,917.0,1116.0,1489.0,2270.0,3839.0,6491.0,8211.0,13288.0,24352.0,38369.0,43753.0,29001.0,22455.0,14784.0,7208.0,4179.0,2454.0,1374.0,915.0,425.0,125.0,72.0,42.0,29.0,22.0,37.0,0.0,33.0,310.0,382.0,822.0,934.0,749.0,689.0,845.0,1352.0,2117.0,3059.0,4740.0,7313.0,9325.0,13257.0,20622.0,32582.0,45304.0,33865.0,25457.0,15102.0,5670.0,2600.0,1240.0,852.0,620.0,136.0,67.0,39.0,24.0,23.0,0.0,0.0,8.0,46.0,135.0,233.0,498.0,663.0,717.0,842.0,1009.0,920.0,800.0,888.0,1325.0,1987.0,2654.0,3945.0,5084.0,6517.0,8590.0,13207.0,20384.0,30817.0,38350.0,36093.0,28398.0,20687.0,4872.0,343.0,63.0,55.0
163,501,166,583,174,665,193,746,236,814,301,867,378,905,458,930,531,932,589,909,629,861,666,811,693,755,712,693,726,633,728,570,721,510,269,442,316,412,374,398,434,406,490,429,582,434,621,415,663,408,701,412,724,439,541,488,546,537,554,587,562,638,488,669,517,680,547,689,572,679,594,665,333,488,369,465,409,468,446,499,406,504,365,503,586,499,618,467,656,467,682,490,659,504,622,504,409,750,465,730,514,719,542,726,568,717,597,725,621,743,598,775,572,794,543,800,512,798,464,781,429,751,512,750,541,751,568,746,603,746,571,754,543,758,514,756,207,0.0010057765112313263,22.48268518543165,0.9940323174105872,1884.3004998349816,0.4260284450417038,297.8736788468643,7514.7193141544885,8.354535875304267,10.89901621382691,0.0008158093008094065,2.917866002124815,-0.5186834132472788,0.9997285048768949,155.0,1029.0,2016.0,2184.0,2805.0,3014.0,3878.0,5291.0,7021.0,7331.0,6782.0,8885.0,10119.0,11462.0,12443.0,16290.0,17029.0,19077.0,20107.0,16610.0,15220.0,15824.0,10827.0,10044.0,6681.0,3962.0,2564.0,446.0,0.0,0.0,0.0,0.0,75.0,615.0,1872.0,1971.0,2257.0,2467.0,2730.0,3380.0,4662.0,6374.0,7460.0,7476.0,8624.0,10387.0,10963.0,12527.0,14309.0,17451.0,17238.0,17090.0,20156.0,17235.0,16206.0,12842.0,12100.0,5657.0,3168.0,1789.0,15.0,0.0,0.0,0.0,22.0,205.0,514.0,1263.0,1318.0,1095.0,1317.0,1554.0,1614.0,1954.0,2188.0,2488.0,3128.0,4111.0,4784.0,5936.0,6705.0,7600.0,10220.0,11240.0,12043.0,14452.0,20248.0,18390.0,21400.0,21457.0,22660.0,17211.0,14319.0,6111.0,1548.0,1.0
237,504,238,580,243,656,252,733,270,805,306,867,362,914,427,951,507,966,592,957,672,921,738,871,783,806,803,730,808,651,814,574,818,497,276,447,304,406,356,390,413,397,465,418,552,422,599,396,654,385,709,397,742,437,508,480,506,523,503,565,500,610,437,646,469,659,504,669,541,660,576,648,339,488,368,474,399,474,438,491,401,492,368,492,582,491,619,474,651,474,682,487,651,493,618,492,396,740,433,713,472,702,502,710,534,703,582,717,630,744,585,774,537,786,502,789,470,784,434,769,414,739,472,730,502,733,535,731,613,745,536,753,503,754,473,750,208,0.00039884168709028564,46.36910633715286,0.9918586919734121,2847.9874251342458,0.27457599367801855,230.14904151790296,11345.58059419982,8.63272116351203,12.038108405630991,0.00044727156898318994,3.6036292461845134,-0.4241493219291098,0.9991578049653371,1002.0,5196.0,8352.0,10935.0,14468.0,15744.0,12640.0,12932.0,19511.0,21521.0,21317.0,20455.0,18134.0,13421.0,11878.0,10606.0,10867.0,9932.0,8360.0,6838.0,5419.0,3900.0,4223.0,3453.0,1557.0,739.0,191.0,69.0,10.0,4.0,0.0,0.0,399.0,3943.0,6830.0,8752.0,11588.0,12934.0,11015.0,8800.0,9894.0,14723.0,17172.0,22104.0,22929.0,20778.0,12865.0,8341.0,7710.0,8226.0,8666.0,9376.0,9725.0,8686.0,7428.0,5930.0,4752.0,4596.0,3486.0,1674.0,333.0,15.0,4.0,0.0,13.0,741.0,3519.0,4214.0,5570.0,5900.0,7212.0,8591.0,8428.0,5804.0,5426.0,5965.0,5810.0,7607.0,9538.0,12084.0,15887.0,17785.0,17564.0,15800.0,12869.0,7962.0,6143.0,5872.0,6147.0,7148.0,8488.0,9648.0,9502.0,9208.0,10685.0,16544.0
187,484,189,563,200,642,217,722,251,794,308,852,379,897,457,923,530,927,594,907,651,867,702,817,734,758,750,691,763,625,768,555,761,488,272,435,316,404,370,391,426,399,476,423,568,422,607,402,651,393,693,399,723,430,527,483,529,528,533,574,536,621,472,664,501,671,529,676,555,670,577,660,335,488,368,467,406,470,440,501,404,503,365,501,587,500,619,469,655,467,684,488,658,501,623,503,394,737,449,725,496,716,523,723,549,716,586,725,626,738,588,771,554,785,525,789,495,787,448,772,410,742,495,748,523,750,550,747,609,742,552,750,524,752,496,750,209,0.0010530141904292287,24.43297188010196,0.992091978917551,1545.1439769617518,0.4239248422869346,332.85067359934976,6156.142935966902,8.20549101024121,10.728754130772753,0.0007681886454280524,2.8580577965282146,-0.5118632370776961,0.9996508435973287,14.0,23.0,127.0,448.0,998.0,1628.0,2091.0,2366.0,2739.0,3490.0,5089.0,8126.0,9444.0,10975.0,11856.0,12163.0,13209.0,14435.0,15618.0,16794.0,16548.0,15845.0,17215.0,14447.0,13646.0,13744.0,12231.0,7521.0,3740.0,164.0,1.0,6.0,0.0,6.0,101.0,266.0,848.0,1194.0,1501.0,1959.0,2330.0,2405.0,2853.0,3306.0,4753.0,7661.0,10678.0,13536.0,12821.0,14113.0,14599.0,16700.0,18429.0,18666.0,18312.0,19951.0,16740.0,16189.0,15534.0,8017.0,3259.0,12.0,1.0,1.0,0.0,1.0,4.0,33.0,244.0,646.0,889.0,1143.0,1201.0,1397.0,1667.0,1670.0,1697.0,1794.0,2230.0,3548.0,5449.0,7440.0,10773.0,12479.0,12408.0,14378.0,16694.0,20744.0,24895.0,24661.0,25107.0,23019.0,21941.0,8286.0,300.0,3.0
155,540,158,623,169,712,197,797,249,864,316,912,390,947,468,964,534,962,579,936,604,877,628,814,654,752,676,687,688,625,683,563,666,506,290,430,335,404,388,389,443,389,490,409,583,409,608,391,635,382,660,384,673,406,548,477,561,526,577,575,593,624,505,672,537,678,567,683,591,675,610,662,347,491,385,475,420,471,449,493,420,499,385,500,577,490,607,467,633,465,649,481,635,493,607,493,416,768,484,749,540,733,566,739,587,731,608,742,615,759,602,789,583,808,560,814,532,813,478,801,433,769,537,768,563,767,585,765,603,763,584,765,563,768,537,769,21,0.0017699698091940997,23.1491720606926,0.9965703114847634,3376.056969188613,0.46680702174646027,347.34905281388797,13481.078704693726,8.233042533579798,10.543211829687504,0.0008239466079149162,2.885335367759999,-0.5442668274328526,0.9997866277539149,170.0,2294.0,5366.0,7600.0,6637.0,4931.0,4095.0,3580.0,3067.0,3045.0,3413.0,3302.0,3523.0,3680.0,4260.0,5416.0,7724.0,11586.0,14848.0,19387.0,21745.0,20174.0,17086.0,16377.0,17019.0,12872.0,12082.0,4451.0,975.0,23.0,0.0,0.0,12.0,481.0,2506.0,4628.0,6957.0,5909.0,4398.0,3602.0,3549.0,3012.0,2535.0,2272.0,2414.0,3006.0,3600.0,3561.0,3760.0,4110.0,5406.0,7279.0,10536.0,17323.0,23086.0,23969.0,21517.0,19188.0,18469.0,19510.0,12201.0,1869.0,63.0,0.0,0.0,18.0,175.0,670.0,1208.0,2910.0,4043.0,5184.0,4404.0,3408.0,2969.0,2798.0,2683.0,2439.0,2163.0,1844.0,1566.0,1629.0,2227.0,2728.0,3060.0,3114.0,3326.0,3900.0,4896.0,6961.0,10550.0,16991.0,28673.0,30848.0,25180.0,58163.0
218,501,221,578,228,651,239,725,260,796,299,860,353,913,420,955,502,972,583,961,649,924,700,870,738,804,761,732,774,657,781,583,783,506,269,468,304,420,365,403,429,403,488,419,541,423,598,406,658,404,717,421,751,469,515,470,517,522,520,575,522,631,448,663,483,675,519,689,552,676,582,662,334,487,366,468,401,467,435,491,400,494,365,495,587,490,622,468,656,469,685,488,656,495,621,494,392,758,433,743,477,736,514,745,549,738,590,746,632,759,589,792,549,810,512,814,474,809,432,791,411,760,476,762,513,767,549,763,615,761,549,773,513,777,476,772,210,0.0006145856849072096,37.38809195706384,0.9910168816132203,2080.842376728085,0.28942528153213654,193.6147176247362,8285.981414955277,8.31595648093306,11.623977693406427,0.00047173721290127925,3.4933524522995256,-0.41257963175250856,0.9986958952615149,1067.0,5515.0,8449.0,14079.0,20096.0,27572.0,32922.0,34885.0,26836.0,17854.0,9851.0,6388.0,6250.0,5540.0,4684.0,5284.0,5995.0,6474.0,5234.0,3994.0,3179.0,2465.0,1908.0,902.0,512.0,355.0,267.0,242.0,183.0,123.0,160.0,261.0,276.0,2707.0,5004.0,6261.0,9830.0,14572.0,18628.0,22509.0,26874.0,28012.0,25389.0,19926.0,11965.0,7871.0,6270.0,6159.0,4954.0,4342.0,4637.0,5371.0,6044.0,6486.0,5320.0,3858.0,2469.0,1275.0,720.0,489.0,409.0,286.0,224.0,389.0,5.0,147.0,1638.0,2650.0,2549.0,3338.0,3809.0,5894.0,8161.0,10579.0,14862.0,21711.0,22873.0,22802.0,22532.0,21946.0,18907.0,11451.0,7156.0,4861.0,4186.0,3734.0,3444.0,3231.0,3827.0,4220.0,5043.0,6502.0,6390.0,5060.0,3354.0,2664.0
283,494,279,563,287,635,303,705,328,771,364,833,405,888,449,940,513,959,588,952,665,916,737,869,798,812,843,744,865,664,872,578,875,489,289,429,314,394,357,388,401,400,439,426,541,422,593,401,651,396,708,411,754,442,485,488,478,548,470,606,462,665,426,688,449,702,478,712,513,701,548,691,340,480,368,458,407,461,441,496,402,499,364,496,578,499,614,468,655,468,694,490,658,504,617,505,402,756,431,749,464,744,491,752,523,745,580,752,642,763,586,819,530,839,496,841,466,835,433,812,420,765,465,766,492,771,524,767,625,766,528,800,495,800,467,793,211,0.0013353998100726274,18.770917909048542,0.9925752402956695,1264.5728063313727,0.4267249381958733,236.26307166289166,5039.520307416424,7.986427295925754,10.47745342479638,0.0007556943578617642,2.836476057593174,-0.5013964178785056,0.9995016930613797,439.0,3589.0,7585.0,8727.0,8320.0,8724.0,22843.0,29243.0,29320.0,31293.0,30997.0,27237.0,28407.0,15598.0,4245.0,2058.0,745.0,381.0,126.0,39.0,3.0,1.0,0.0,4.0,4.0,1.0,1.0,2.0,0.0,1.0,4.0,2.0,95.0,878.0,2786.0,5114.0,6377.0,6191.0,6261.0,6932.0,9444.0,15934.0,20456.0,21297.0,19709.0,21138.0,21943.0,25783.0,27263.0,27987.0,10754.0,2729.0,581.0,187.0,81.0,3.0,1.0,4.0,1.0,2.0,1.0,0.0,2.0,5.0,3.0,22.0,305.0,746.0,1380.0,2399.0,3113.0,4106.0,3868.0,3899.0,3883.0,3751.0,3707.0,4077.0,4878.0,7021.0,11048.0,13246.0,12115.0,13432.0,13793.0,14465.0,15124.0,15970.0,22096.0,28374.0,27208.0,19566.0,6150.0,185.0,3.0,6.0
237,506,237,581,245,656,256,729,276,800,314,864,370,916,434,956,509,970,587,959,659,922,720,872,765,809,787,736,799,661,807,587,809,509,278,455,310,415,363,405,415,417,468,431,542,428,597,413,654,405,711,419,751,456,502,472,500,525,498,577,495,632,443,671,470,681,500,691,532,680,563,669,333,486,364,466,402,465,437,492,400,495,363,496,583,490,620,465,658,466,691,486,658,496,620,494,393,766,431,752,471,742,503,750,536,741,582,750,630,762,583,790,540,808,506,812,472,809,434,794,410,769,471,771,504,774,538,770,611,765,538,772,505,777,472,773,212,0.0007194519501768456,26.74394407674707,0.991403144066639,1555.4862504257262,0.28819896806937073,277.4302932781093,6195.201057626142,8.214347912603046,11.383825276717996,0.0005161787850391626,3.352832615428071,-0.42347978250979085,0.9987785325315699,84.0,503.0,1215.0,2268.0,3296.0,3969.0,4296.0,5129.0,7947.0,14018.0,26407.0,37199.0,22145.0,15741.0,15731.0,14867.0,13107.0,12206.0,12614.0,11350.0,9054.0,8570.0,7008.0,4645.0,3303.0,2167.0,1004.0,318.0,76.0,30.0,1.0,0.0,1.0,99.0,577.0,1022.0,1544.0,2477.0,3216.0,3588.0,4981.0,6357.0,8409.0,11121.0,20392.0,35571.0,32683.0,17576.0,11192.0,11129.0,13297.0,13639.0,12677.0,13252.0,11775.0,8701.0,6854.0,4555.0,2455.0,927.0,175.0,26.0,0.0,0.0,2.0,61.0,126.0,153.0,411.0,606.0,660.0,936.0,1290.0,2014.0,2394.0,2471.0,3092.0,4162.0,5165.0,6688.0,9468.0,17227.0,26593.0,32856.0,22090.0,12790.0,10547.0,11659.0,12858.0,14042.0,14000.0,13203.0,12276.0,10423.0,6833.0,3172.0
227,501,229,575,235,651,241,724,264,791,309,847,370,890,439,925,511,937,582,925,649,887,709,843,754,785,778,718,787,645,792,575,791,504,276,438,317,408,369,400,420,411,465,436,570,432,613,408,661,396,711,402,750,434,513,486,512,535,511,584,510,634,453,662,481,671,512,680,543,671,573,662,333,493,368,473,406,474,442,504,403,508,365,507,584,504,620,474,658,471,692,490,662,505,624,508,378,732,432,718,483,710,517,715,553,709,600,714,654,728,603,781,555,804,517,810,480,807,429,785,393,735,482,732,517,734,553,730,637,733,553,771,517,775,481,773,213,0.0008623904540296563,17.459299069157296,0.9943621953316555,1548.5484201409863,0.39228726507955186,243.52916500349988,6176.734381494785,8.279038854800572,10.912181973456384,0.0007967753620471074,2.875347727178001,-0.5015214593430817,0.9996206534208172,46.0,418.0,3103.0,4678.0,7042.0,7996.0,9093.0,10947.0,16613.0,15555.0,15853.0,18764.0,17948.0,16414.0,15210.0,14480.0,13181.0,12387.0,11731.0,9105.0,6729.0,6465.0,5228.0,3870.0,1786.0,303.0,2.0,0.0,0.0,0.0,0.0,0.0,64.0,717.0,2651.0,3548.0,4629.0,5588.0,6177.0,7661.0,8804.0,10108.0,16219.0,16952.0,17748.0,21567.0,18419.0,17625.0,16735.0,16628.0,14585.0,11718.0,9393.0,6555.0,5522.0,3804.0,1513.0,12.0,3.0,2.0,0.0,0.0,0.0,0.0,0.0,383.0,1575.0,2236.0,2183.0,2595.0,2585.0,2767.0,2719.0,2742.0,2887.0,3740.0,4830.0,5856.0,6878.0,10168.0,15602.0,17200.0,17407.0,22959.0,23008.0,22517.0,22626.0,18645.0,13350.0,9460.0,6828.0,1198.0,1.0,0.0,0.0,2.0
253,481,254,548,260,614,272,685,291,754,324,814,374,865,431,907,498,926,575,917,651,885,724,846,779,789,811,721,831,646,842,567,852,486,273,426,302,389,350,374,400,382,445,403,554,405,606,381,663,373,716,388,759,420,497,474,493,520,489,563,485,608,442,655,466,663,491,669,521,664,551,656,334,488,366,471,402,471,436,496,401,502,363,501,584,493,619,471,656,469,690,485,657,499,619,500,391,731,432,726,467,718,495,724,524,719,570,727,626,732,571,768,526,781,496,783,467,779,432,763,410,737,467,742,495,744,524,741,607,737,525,750,496,751,468,748,214,0.0016934372147935617,8.259574996087338,0.9951375903906466,849.3456916749642,0.4664756381665885,200.78548636944288,3389.123191703771,7.852059724648235,10.057379057294355,0.0010142028348467031,2.5068245126095485,-0.5329040802882458,0.9996234328148867,2902.0,2473.0,3072.0,4469.0,7637.0,12467.0,17821.0,29935.0,39704.0,35540.0,32497.0,26753.0,19064.0,9462.0,4630.0,3429.0,2253.0,1326.0,1032.0,1227.0,678.0,274.0,203.0,52.0,11.0,1.0,0.0,0.0,0.0,0.0,0.0,0.0,1457.0,2116.0,2353.0,2594.0,3391.0,4575.0,9123.0,14273.0,20294.0,29873.0,32679.0,29469.0,29808.0,28337.0,20767.0,11118.0,4548.0,3374.0,2278.0,1642.0,1149.0,1077.0,1193.0,920.0,259.0,183.0,56.0,6.0,0.0,0.0,0.0,0.0,173.0,677.0,718.0,811.0,887.0,813.0,794.0,1167.0,1927.0,3581.0,6025.0,8942.0,12418.0,18261.0,28458.0,29570.0,27694.0,26153.0,23339.0,20107.0,13680.0,12122.0,7847.0,3944.0,3243.0,2435.0,1203.0,1426.0,302.0,176.0,19.0,0.0
215,493,218,575,221,654,226,738,249,819,294,886,357,943,427,990,510,1007,595,996,674,959,745,904,797,834,827,750,834,661,835,574,836,483,266,460,291,411,347,396,404,404,459,424,544,424,601,401,661,392,722,404,762,449,498,475,496,525,492,575,489,628,440,659,467,670,496,679,528,670,560,661,331,488,362,468,399,468,435,494,397,498,360,497,585,492,619,468,656,467,688,487,658,497,621,497,388,746,429,732,468,726,503,733,536,727,585,735,637,750,587,789,539,802,504,805,468,800,429,785,407,750,468,745,503,750,536,747,618,751,537,775,504,776,468,771,215,0.0008006092366952489,37.43391502999687,0.9725832213235064,682.8542305877027,0.2564905156603811,257.1659511546661,2693.9830073208323,7.656474059965101,11.040740589226896,0.00044338106444017695,3.550263198982049,-0.34398737335107105,0.9944583589179443,271.0,757.0,1197.0,1988.0,2815.0,3703.0,6327.0,11039.0,18595.0,25728.0,33428.0,38010.0,40966.0,42932.0,38515.0,24031.0,10647.0,4607.0,2605.0,1221.0,582.0,186.0,55.0,30.0,11.0,5.0,3.0,4.0,3.0,3.0,6.0,3.0,123.0,365.0,696.0,856.0,1303.0,1860.0,2543.0,4116.0,6295.0,9482.0,14182.0,22619.0,31699.0,38577.0,40965.0,42273.0,42058.0,30118.0,12673.0,4676.0,1935.0,615.0,138.0,54.0,27.0,4.0,8.0,5.0,4.0,2.0,1.0,1.0,5.0,74.0,185.0,261.0,421.0,522.0,679.0,809.0,933.0,1007.0,1082.0,1505.0,2387.0,3674.0,5421.0,8058.0,10945.0,14269.0,19451.0,24314.0,26579.0,29736.0,32974.0,35104.0,28896.0,23354.0,19541.0,13955.0,3792.0,305.0,29.0,6.0
155,513,163,601,178,693,203,783,249,861,315,925,392,968,474,996,551,1004,619,986,660,929,698,863,725,794,742,722,753,652,747,581,731,515,257,405,302,372,358,354,416,360,465,391,594,400,626,379,666,373,701,384,725,416,539,471,548,519,558,568,568,617,490,662,520,673,552,683,577,673,597,661,330,486,364,460,404,461,446,492,402,500,362,500,583,496,616,469,655,470,681,498,655,509,618,505,376,760,441,737,507,726,545,732,575,726,616,737,645,762,617,832,578,864,544,869,504,864,438,828,390,765,507,750,545,753,575,751,628,767,575,822,544,827,505,823,216,0.0007601255728967285,42.12121415281284,0.9914999115600047,2478.414507850697,0.3681257148131711,318.65627711915647,9871.536817249977,8.499915153600725,11.397094577430433,0.0005991221325985104,3.2619909966058227,-0.48124939628491764,0.9995916857502818,472.0,1731.0,2834.0,3586.0,4422.0,5946.0,6883.0,8153.0,9697.0,13124.0,12985.0,12524.0,14708.0,17018.0,16400.0,15964.0,16142.0,16449.0,17298.0,19217.0,18627.0,16136.0,12480.0,10685.0,9750.0,8857.0,7371.0,2101.0,343.0,73.0,24.0,15.0,193.0,1119.0,2553.0,3284.0,3521.0,3704.0,5174.0,6373.0,6243.0,6495.0,7421.0,8730.0,10516.0,12178.0,11264.0,12639.0,14106.0,14224.0,14910.0,16357.0,16245.0,17917.0,19955.0,22029.0,19185.0,13480.0,11886.0,13156.0,6696.0,418.0,28.0,16.0,5.0,40.0,466.0,982.0,1152.0,1267.0,1262.0,1593.0,2005.0,2122.0,2548.0,2572.0,3177.0,3409.0,4010.0,4641.0,5432.0,6417.0,7663.0,8923.0,10788.0,12408.0,12311.0,13867.0,15063.0,17176.0,18931.0,23712.0,34312.0,31679.0,24141.0,27941.0
210,473,220,552,232,629,242,704,267,771,313,829,371,879,435,918,502,932,570,923,635,889,698,843,744,786,769,719,782,645,794,567,806,486,267,447,307,422,359,417,411,423,458,444,561,445,607,425,659,416,713,421,754,452,514,487,513,540,512,592,510,646,447,666,477,677,509,688,542,678,574,668,326,489,361,472,398,476,436,503,396,501,359,499,583,503,619,476,656,476,692,493,658,501,621,502,370,718,423,715,476,713,511,722,549,715,600,717,656,721,600,784,549,809,510,812,471,807,420,780,384,723,474,730,510,736,548,732,640,726,549,777,510,780,474,773,217,0.001037482356962644,22.344164466921782,0.9951130849468006,2285.9668815814384,0.4150207976740046,324.98896464751397,9121.523361858839,8.371310795575774,10.985008631550865,0.000705003124045811,2.9669174733993335,-0.5110289157293565,0.9997049466879111,82.0,447.0,827.0,1145.0,1565.0,1804.0,1987.0,2150.0,3381.0,5436.0,8201.0,9815.0,12552.0,18048.0,22898.0,20497.0,18888.0,12913.0,10443.0,9261.0,8610.0,7023.0,6313.0,5201.0,5174.0,5075.0,4944.0,5544.0,6092.0,8511.0,6965.0,3809.0,143.0,283.0,668.0,968.0,1211.0,1532.0,1847.0,2173.0,2119.0,2591.0,4053.0,6037.0,8384.0,11981.0,14710.0,21670.0,25644.0,23047.0,15822.0,8731.0,8575.0,7316.0,6407.0,6118.0,6234.0,5095.0,5300.0,5242.0,5150.0,6733.0,11232.0,8585.0,0.0,69.0,221.0,266.0,500.0,614.0,651.0,673.0,760.0,846.0,1192.0,1279.0,1195.0,1267.0,1547.0,2093.0,2456.0,3496.0,5261.0,9450.0,16194.0,23203.0,23023.0,20533.0,20990.0,16012.0,11217.0,9806.0,9501.0,8220.0,8750.0,34316.0
226,477,239,550,247,619,255,690,279,753,325,802,384,845,442,885,501,900,562,888,621,847,681,806,732,757,762,694,781,624,798,552,813,476,262,448,289,406,339,388,394,389,448,403,565,403,620,390,677,389,731,405,765,444,507,479,506,515,505,551,504,588,456,637,481,639,506,640,532,638,558,635,331,491,364,467,406,466,438,498,404,508,361,507,582,497,615,465,657,465,691,488,660,505,617,505,411,731,448,714,486,700,508,705,529,700,570,713,606,728,572,777,532,800,507,803,483,800,445,780,431,733,486,720,508,722,530,719,587,730,531,764,508,767,485,764,218,0.002477759005117753,15.501732231242087,0.9918199595587285,947.7565492398417,0.5008106266633152,345.67161798518225,3775.524464728118,7.747388220590257,9.87217269023536,0.0009059859360133662,2.6104402424039965,-0.5383858764208641,0.9996158715748055,0.0,0.0,1.0,39.0,451.0,720.0,892.0,1002.0,1503.0,2229.0,3549.0,4457.0,5927.0,7623.0,10226.0,13850.0,16722.0,18070.0,28015.0,32349.0,29852.0,24151.0,15189.0,6604.0,3077.0,918.0,246.0,89.0,12.0,1.0,2.0,25.0,2.0,2.0,11.0,46.0,369.0,578.0,634.0,946.0,1041.0,1416.0,2466.0,3182.0,4155.0,4746.0,5443.0,6960.0,8442.0,11468.0,14704.0,15464.0,19725.0,30771.0,35649.0,30201.0,16772.0,8250.0,3804.0,500.0,22.0,16.0,6.0,0.0,0.0,0.0,0.0,0.0,3.0,119.0,395.0,488.0,521.0,714.0,830.0,1012.0,862.0,727.0,680.0,1069.0,1950.0,2829.0,3832.0,4365.0,5833.0,8329.0,10251.0,12412.0,17254.0,23901.0,29266.0,35833.0,31920.0,22495.0,8936.0,965.0
134,478,144,569,161,659,185,748,233,822,301,879,377,921,456,950,524,950,579,925,618,866,657,808,690,747,716,682,736,617,739,553,733,489,254,443,307,417,365,408,425,415,481,437,598,436,633,416,671,404,706,399,732,419,543,488,553,546,564,604,574,662,483,680,517,690,552,701,581,689,601,672,328,493,363,474,402,475,437,500,400,507,361,506,589,494,618,466,655,463,685,476,661,493,625,497,370,740,437,734,499,732,534,737,562,729,592,726,618,725,592,790,563,824,531,832,494,832,431,806,385,745,498,749,533,751,562,744,600,736,562,786,531,796,496,796,219,0.001260079562910861,23.69591185186047,0.9883552282990894,1017.6674121245505,0.388020339639423,256.5517005074615,4046.9737366463414,7.907651982541719,10.607497210012449,0.0006768561793562923,3.0190798385302147,-0.4657294509681786,0.9991187244593149,101.0,675.0,2242.0,3822.0,5217.0,5446.0,5542.0,6150.0,6805.0,9526.0,14050.0,20089.0,19515.0,21790.0,26444.0,30925.0,23926.0,15691.0,11833.0,9604.0,7307.0,2547.0,283.0,152.0,27.0,8.0,5.0,2.0,0.0,2.0,0.0,10.0,1.0,34.0,448.0,1268.0,2403.0,3087.0,4850.0,6230.0,7087.0,8609.0,10509.0,12375.0,15767.0,21231.0,23833.0,27455.0,32357.0,27965.0,16824.0,12913.0,9743.0,3820.0,800.0,73.0,22.0,9.0,10.0,1.0,1.0,1.0,1.0,9.0,1.0,5.0,51.0,231.0,416.0,608.0,889.0,1533.0,2476.0,2725.0,4040.0,5293.0,5580.0,5701.0,5727.0,6029.0,8185.0,11544.0,18613.0,21808.0,25128.0,31928.0,32945.0,21840.0,17427.0,12859.0,5875.0,253.0,15.0,1.0,4.0,6.0
184,479,187,561,199,643,214,723,242,802,293,873,361,932,437,978,519,992,595,975,659,924,714,867,755,800,775,722,785,644,794,562,796,480,255,461,302,429,363,422,425,428,482,448,568,449,615,427,668,419,719,422,757,452,518,488,519,543,519,599,520,656,450,680,481,692,517,703,551,691,581,678,331,487,365,471,402,471,437,494,400,494,364,493,591,492,625,469,660,468,692,484,661,491,626,491,376,755,427,747,476,741,513,749,550,740,598,746,642,759,601,812,555,841,515,847,475,841,425,812,394,761,476,765,513,770,551,764,626,763,553,799,514,805,476,798,22,0.0007354895104258387,24.169715936706922,0.9949006740096811,2370.169703362034,0.3491799203595495,323.2904481156632,9456.509097511436,8.399661289103562,11.279406730214754,0.0006319139994468148,3.139681073039901,-0.476455278925983,0.9995177532969034,648.0,1762.0,2880.0,3748.0,4733.0,4876.0,6886.0,12030.0,17839.0,12513.0,9846.0,9888.0,10657.0,11052.0,11986.0,13127.0,16792.0,20474.0,19017.0,14967.0,14295.0,12989.0,13144.0,11789.0,8646.0,4308.0,1700.0,416.0,7.0,0.0,0.0,0.0,306.0,336.0,1027.0,1813.0,2214.0,3001.0,3678.0,4150.0,4734.0,6974.0,12160.0,14230.0,10908.0,8348.0,9359.0,9743.0,10702.0,11344.0,12003.0,13752.0,16427.0,21756.0,21865.0,17087.0,17298.0,16522.0,13336.0,6177.0,1510.0,254.0,1.0,0.0,0.0,29.0,110.0,171.0,531.0,707.0,725.0,775.0,938.0,1168.0,1400.0,2020.0,2809.0,3353.0,5294.0,7572.0,8591.0,6797.0,7374.0,5988.0,5658.0,5830.0,7036.0,7711.0,8966.0,10370.0,12014.0,14854.0,22332.0,27183.0,23614.0,71095.0
296,496,292,567,297,640,309,711,330,782,360,849,399,905,442,954,504,969,578,958,657,926,738,887,805,833,850,764,869,681,876,594,879,505,302,433,328,403,370,402,414,412,455,431,517,428,576,407,639,399,703,410,752,445,483,479,475,525,467,572,458,621,429,669,450,677,475,681,505,676,537,669,345,483,369,465,404,466,437,492,402,498,368,498,577,492,608,465,648,469,686,488,649,498,611,497,411,775,429,749,455,733,480,741,508,731,553,746,601,772,558,809,518,829,488,833,459,828,434,807,429,773,457,762,482,764,510,759,582,771,514,784,485,788,459,783,220,0.0011344631127275593,31.666129358614967,0.9932104241135359,2332.129051453132,0.4124143041657827,298.36055217516633,9296.850076453888,8.38725132822341,11.072754327761126,0.0006939596354680712,3.0312303212547667,-0.5022363023498906,0.9996696815398717,174.0,1041.0,1468.0,1674.0,2238.0,3090.0,3920.0,3835.0,4312.0,6019.0,11493.0,16608.0,24240.0,39462.0,25960.0,12718.0,8456.0,7286.0,6074.0,5762.0,6899.0,7049.0,5963.0,6984.0,9126.0,10915.0,10091.0,8257.0,8487.0,3655.0,524.0,150.0,224.0,805.0,1245.0,1409.0,1947.0,2246.0,2947.0,3864.0,3811.0,4372.0,4972.0,6889.0,9609.0,17043.0,21752.0,34008.0,25481.0,19811.0,11466.0,8177.0,6500.0,7020.0,7169.0,5613.0,5583.0,8888.0,12013.0,12089.0,9299.0,6363.0,1200.0,115.0,36.0,350.0,664.0,853.0,924.0,1099.0,1471.0,1834.0,1893.0,2182.0,2570.0,2657.0,3010.0,3371.0,4124.0,5961.0,9670.0,19275.0,23259.0,31672.0,24721.0,20814.0,12453.0,8443.0,7757.0,8104.0,8469.0,8858.0,15472.0,15733.0,12128.0,4103.0
192,511,194,591,200,672,207,757,234,834,286,903,352,957,434,999,520,1012,600,994,671,946,732,887,778,820,800,744,807,664,811,584,810,504,258,452,296,407,354,384,415,386,470,407,558,405,609,383,667,377,723,397,759,441,518,472,518,528,518,583,517,641,447,671,481,681,518,691,554,681,585,671,329,488,366,474,401,475,437,494,401,492,366,490,591,495,628,475,663,475,697,490,663,492,629,493,354,762,410,732,472,720,516,728,562,721,620,732,667,761,623,829,567,863,517,868,469,863,407,831,370,764,471,753,516,758,563,753,649,763,564,817,516,822,470,817,221,0.0008104576117479576,16.315572123477068,0.9944501361599638,1470.2206576557392,0.36522056639238154,273.18979882035666,5864.567058499484,8.26065205872918,10.993797433724069,0.0006583818044014827,2.9696785302359494,-0.4864180392959101,0.9995205226072759,1696.0,2240.0,2139.0,2601.0,3859.0,6818.0,12297.0,17417.0,24969.0,27862.0,29763.0,30942.0,28308.0,26752.0,23454.0,20951.0,17194.0,13443.0,7948.0,4832.0,3284.0,2618.0,1300.0,946.0,778.0,687.0,753.0,361.0,108.0,59.0,41.0,0.0,663.0,2025.0,1657.0,1418.0,1591.0,2316.0,3232.0,4272.0,6369.0,10478.0,13241.0,16514.0,20977.0,24886.0,26966.0,27240.0,24806.0,23769.0,23490.0,22354.0,16876.0,14844.0,10223.0,6843.0,3758.0,1343.0,1016.0,983.0,1351.0,673.0,166.0,80.0,41.0,770.0,1035.0,1098.0,986.0,898.0,1000.0,1185.0,1479.0,1796.0,2271.0,2551.0,3261.0,4384.0,6891.0,8306.0,11024.0,14723.0,16781.0,19883.0,25292.0,25517.0,24919.0,22355.0,24018.0,23542.0,21709.0,19764.0,15136.0,9614.0,3855.0,336.0
165,429,172,517,187,604,208,687,248,761,303,827,366,878,435,917,500,922,557,905,603,857,648,801,687,736,718,668,740,597,753,525,757,449,252,420,308,403,369,407,426,423,479,449,577,448,618,424,662,405,706,390,744,405,529,489,532,552,536,614,539,676,465,689,495,700,528,711,557,698,580,681,329,489,365,481,403,481,436,495,399,505,362,505,588,488,619,470,654,470,685,475,658,493,623,494,392,756,445,757,491,752,520,759,547,748,574,748,606,746,576,790,549,813,520,820,488,820,442,804,412,763,489,773,520,774,547,767,587,756,548,767,520,775,490,774,222,0.0008700954170902308,26.773488079498247,0.9940719461765519,2258.6772834092662,0.3731244577142546,311.0281124550278,9007.935645557547,8.380142746480809,11.155663510384091,0.0006926937090492149,3.08834693605558,-0.4891333060269649,0.9995941815470202,384.0,1999.0,3985.0,5823.0,6472.0,7063.0,7581.0,7793.0,9072.0,8954.0,9287.0,11668.0,12751.0,13876.0,15262.0,15593.0,15848.0,17859.0,15052.0,10442.0,9304.0,7037.0,3564.0,1993.0,1325.0,171.0,6.0,0.0,0.0,0.0,0.0,0.0,17.0,356.0,948.0,2105.0,2678.0,3413.0,4339.0,4112.0,4498.0,5416.0,5835.0,6014.0,6534.0,7258.0,8448.0,8416.0,9778.0,11824.0,11698.0,14027.0,16908.0,18438.0,20338.0,17772.0,12824.0,9663.0,4637.0,1810.0,60.0,0.0,0.0,0.0,0.0,23.0,211.0,473.0,759.0,1490.0,1558.0,1628.0,1710.0,2042.0,2273.0,2443.0,2665.0,3019.0,3427.0,4178.0,4547.0,4415.0,4574.0,5106.0,6270.0,6325.0,7370.0,8450.0,10071.0,12345.0,14680.0,18288.0,22086.0,27075.0,20985.0,19678.0
276,505,273,571,275,637,284,703,298,768,323,827,369,874,427,914,496,929,572,921,647,892,716,853,767,798,797,731,814,658,827,584,835,507,299,426,326,397,368,390,411,400,449,420,559,418,606,394,659,387,711,398,749,428,501,480,496,528,490,574,484,623,442,658,464,668,490,675,520,670,550,663,344,489,371,473,403,474,437,495,403,499,370,500,587,495,621,473,654,473,684,490,654,499,621,499,404,750,440,737,470,730,495,738,522,732,563,742,614,755,562,774,522,779,493,780,467,775,439,766,420,749,469,752,495,755,522,754,597,755,522,753,494,753,469,750,223,0.0011237598062776501,30.5264302170032,0.9862067662905444,1106.6068632537026,0.3997245129994873,259.73031151902006,4395.9010227978215,7.954451253517563,10.64181443613192,0.0007607067981576944,2.9759674352553116,-0.4711469686558201,0.9991903632911237,1838.0,1931.0,2594.0,3284.0,5259.0,7314.0,11258.0,16869.0,20100.0,17895.0,16813.0,17149.0,15990.0,15204.0,16263.0,17010.0,19589.0,18607.0,12668.0,4667.0,692.0,174.0,18.0,8.0,3.0,1.0,2.0,1.0,1.0,2.0,0.0,0.0,344.0,1122.0,1119.0,1953.0,2595.0,2959.0,3687.0,6043.0,6821.0,10708.0,15412.0,21660.0,20416.0,19717.0,20262.0,17612.0,18258.0,16887.0,22034.0,20324.0,11520.0,1538.0,163.0,18.0,14.0,10.0,5.0,0.0,1.0,2.0,0.0,0.0,4.0,28.0,110.0,194.0,323.0,523.0,804.0,1203.0,1151.0,1324.0,1839.0,2107.0,1869.0,2049.0,2436.0,3694.0,5217.0,7247.0,10881.0,14782.0,19247.0,23905.0,23476.0,25273.0,24665.0,25598.0,26921.0,14721.0,1577.0,34.0,1.0,1.0
220,467,224,537,237,611,248,685,268,757,308,819,367,869,437,908,510,920,582,908,650,870,706,821,744,760,764,690,777,617,792,545,801,469,273,420,318,398,370,398,421,407,471,429,568,431,614,408,663,398,714,400,754,427,516,485,517,533,518,581,519,629,468,663,491,672,517,680,541,673,564,663,334,486,367,465,406,468,438,498,401,504,362,503,586,500,618,469,660,467,693,488,663,505,622,506,405,744,450,727,490,718,518,728,545,719,581,726,620,743,582,777,545,791,516,794,485,791,447,775,424,747,488,751,518,753,545,753,605,747,545,750,517,752,487,748,224,0.0013470495522080988,61.90185623000627,0.9848915445720396,2048.8650055803973,0.3970600137422319,337.875853142487,8133.558166091574,8.169953067727658,11.052599466166182,0.0006239047414262056,3.3081513754225607,-0.4607588967461632,0.9992723598388489,415.0,945.0,1261.0,1413.0,1557.0,1896.0,2472.0,3290.0,4227.0,9345.0,15216.0,9890.0,8385.0,8222.0,8297.0,10244.0,11186.0,11063.0,10667.0,11640.0,16743.0,21449.0,23183.0,16701.0,11354.0,9666.0,3275.0,336.0,37.0,8.0,6.0,11.0,220.0,782.0,1087.0,1141.0,1124.0,1213.0,1504.0,2101.0,2726.0,3215.0,3939.0,4704.0,8863.0,14662.0,9499.0,7698.0,7706.0,7335.0,8796.0,10302.0,11262.0,11642.0,13657.0,20207.0,28343.0,24879.0,16727.0,7856.0,1154.0,46.0,5.0,5.0,41.0,149.0,535.0,718.0,634.0,642.0,632.0,632.0,741.0,877.0,1000.0,1203.0,1636.0,2070.0,2171.0,2423.0,3104.0,5785.0,10126.0,10153.0,7074.0,6431.0,7263.0,8071.0,11068.0,13419.0,14958.0,18597.0,38038.0,50137.0,13233.0,839.0
233,493,230,570,238,644,248,719,268,790,309,853,365,904,430,945,506,960,583,948,658,914,723,866,770,802,793,728,803,651,813,575,815,496,266,449,307,416,360,409,412,420,461,440,553,438,607,419,663,411,718,423,760,454,506,481,504,538,502,594,501,653,445,677,472,689,503,699,536,689,565,678,330,489,362,466,399,468,436,496,397,499,360,499,587,497,623,468,660,468,693,490,661,500,624,500,378,749,426,744,471,740,505,747,539,740,589,743,644,745,590,781,541,801,505,807,470,802,426,784,396,753,471,767,504,771,540,766,626,750,540,766,505,771,471,767,225,0.0008617453861802106,19.798307925033875,0.9918346048507327,1212.5564705707384,0.34571899907088777,271.01868725555045,4830.4275743579165,8.057885138825558,10.896137205094275,0.0007501382098482769,3.069049739460942,-0.45710205362258827,0.9991105402009532,393.0,1620.0,3055.0,5159.0,6218.0,7037.0,9554.0,17357.0,23824.0,21379.0,21411.0,22826.0,22878.0,19492.0,17567.0,16346.0,14414.0,9875.0,8180.0,5650.0,3122.0,578.0,9.0,0.0,1.0,0.0,0.0,0.0,0.0,0.0,0.0,0.0,5.0,148.0,1047.0,1653.0,2366.0,3168.0,4053.0,4550.0,5095.0,6248.0,8984.0,13605.0,17785.0,20258.0,18292.0,21309.0,25784.0,23786.0,21477.0,19320.0,15623.0,13217.0,8005.0,2045.0,121.0,1.0,0.0,0.0,0.0,0.0,0.0,0.0,3.0,31.0,124.0,310.0,713.0,808.0,1003.0,1462.0,1623.0,1902.0,2037.0,2230.0,2465.0,2549.0,3031.0,4581.0,6449.0,9122.0,12046.0,17460.0,19599.0,19313.0,23656.0,26542.0,25626.0,22105.0,21675.0,21631.0,7739.0,110.0,0.0,0.0
232,495,243,564,258,629,270,695,292,757,331,803,391,835,454,858,520,869,585,859,649,835,710,805,753,761,780,701,797,634,814,565,827,492,264,449,298,409,352,394,407,399,460,417,555,416,611,399,670,394,726,409,765,446,509,475,509,510,510,543,510,578,459,626,485,632,511,636,537,632,562,627,331,489,364,469,402,468,436,496,400,502,361,502,587,495,622,468,660,470,695,490,662,501,623,501,412,722,454,696,491,678,515,683,539,678,578,694,621,717,579,736,542,744,516,746,490,745,454,738,431,720,490,709,515,709,539,708,602,715,540,712,516,713,491,712,226,0.0051422336655073345,20.517166487911734,0.9871584672603909,798.7224238400995,0.5560368747765243,367.2121573891043,3174.372528872409,7.301544422761151,9.218377807158358,0.0010718922113250565,2.5544012280353803,-0.5412069676425314,0.9994034852710966,2.0,26.0,200.0,339.0,494.0,558.0,574.0,677.0,638.0,696.0,787.0,967.0,1104.0,1119.0,1411.0,1703.0,2116.0,3454.0,4741.0,6670.0,12129.0,27266.0,47131.0,38654.0,18010.0,10468.0,12102.0,8954.0,8411.0,6813.0,2164.0,0.0,2.0,37.0,220.0,478.0,598.0,656.0,664.0,714.0,820.0,858.0,929.0,985.0,1102.0,1315.0,1701.0,2356.0,3496.0,3833.0,4274.0,6353.0,11898.0,27925.0,57147.0,41566.0,20344.0,9901.0,6332.0,6157.0,5957.0,1760.0,0.0,0.0,7.0,22.0,79.0,255.0,454.0,498.0,521.0,607.0,672.0,617.0,475.0,329.0,270.0,364.0,456.0,549.0,863.0,1235.0,1561.0,1778.0,2852.0,4723.0,9225.0,16562.0,45731.0,65349.0,40581.0,15069.0,8260.0,414.0,0.0,0.0
253,509,252,581,255,650,259,722,277,792,310,851,362,898,420,934,489,948,570,942,652,920,729,885,789,834,827,764,844,687,855,609,866,526,280,437,309,402,356,395,402,404,447,421,554,418,610,400,667,397,724,409,768,442,497,477,492,522,486,566,479,613,437,649,460,659,486,668,517,660,548,652,335,487,364,466,401,466,437,491,399,497,363,497,588,491,623,467,661,468,697,489,662,498,623,497,386,741,424,726,461,717,491,724,522,719,573,728,632,742,574,771,523,781,490,782,458,777,423,768,406,744,461,745,491,748,523,746,611,745,522,746,490,746,460,744,227,0.001273257128829545,21.657811863546865,0.9874307558117803,861.7472767889367,0.3450282535523888,281.03924897985087,3425.331295292184,7.664540405881046,10.525949471923283,0.0006188861053121862,3.092501585657101,-0.42241476403762274,0.998058104826341,77.0,532.0,1084.0,1234.0,1353.0,2328.0,4585.0,9053.0,9666.0,10548.0,13013.0,16800.0,19041.0,24113.0,30292.0,33059.0,44017.0,35873.0,12693.0,4856.0,1021.0,330.0,157.0,78.0,39.0,13.0,6.0,2.0,4.0,1.0,4.0,13.0,1.0,152.0,676.0,1123.0,1249.0,1420.0,1829.0,2806.0,4816.0,9230.0,11062.0,11003.0,13109.0,17031.0,19158.0,26124.0,34239.0,40767.0,47546.0,25073.0,6378.0,740.0,185.0,103.0,39.0,6.0,7.0,4.0,5.0,3.0,0.0,1.0,3.0,22.0,126.0,292.0,625.0,588.0,550.0,781.0,811.0,890.0,1010.0,1205.0,1557.0,2251.0,3255.0,4965.0,9015.0,8790.0,8956.0,11178.0,13649.0,18833.0,22159.0,26079.0,30383.0,34913.0,36880.0,25240.0,10348.0,482.0,44.0,5.0
264,478,261,551,266,625,277,700,300,773,339,839,383,902,428,966,493,990,567,978,642,934,712,879,772,812,813,739,829,654,839,567,842,480,276,435,307,406,354,407,399,422,441,445,547,445,600,422,655,414,710,419,759,443,489,497,485,556,482,616,478,677,429,693,454,707,484,720,520,707,555,696,331,480,364,462,403,466,434,499,396,500,358,496,583,503,617,473,657,472,691,493,659,506,620,507,375,739,419,745,462,748,496,758,534,749,594,746,657,746,598,818,537,852,495,856,458,849,416,816,397,752,461,767,494,773,533,768,640,752,536,814,496,817,461,809,228,0.0017060415688569912,22.5271867362533,0.9907351893523366,1216.7032848873723,0.45788892939199144,335.414075985935,4844.285952813258,7.95941832943739,10.301505067397297,0.0008203950843813869,2.7817161037353384,-0.520762864802887,0.9996077957935019,200.0,567.0,702.0,1030.0,1577.0,2399.0,2741.0,3255.0,3981.0,4973.0,6282.0,7077.0,10009.0,12366.0,16447.0,19710.0,22706.0,21463.0,18789.0,21854.0,23663.0,19177.0,14855.0,9047.0,7376.0,2810.0,1463.0,448.0,50.0,20.0,11.0,5.0,144.0,169.0,487.0,620.0,676.0,777.0,1018.0,1452.0,2131.0,2951.0,3532.0,4321.0,5667.0,7360.0,8362.0,9628.0,12668.0,18538.0,21511.0,24882.0,24943.0,25222.0,28995.0,24567.0,14866.0,7657.0,2251.0,1177.0,441.0,27.0,8.0,5.0,16.0,48.0,84.0,204.0,318.0,454.0,446.0,532.0,648.0,726.0,692.0,943.0,1316.0,1707.0,2134.0,2143.0,2560.0,2872.0,3391.0,4415.0,5787.0,7280.0,8686.0,12778.0,18041.0,19598.0,26272.0,34250.0,44895.0,39182.0,14104.0,531.0
284,480,279,550,287,620,303,693,322,767,352,835,395,896,446,944,517,963,600,955,681,920,757,873,819,810,859,735,874,650,874,567,870,483,297,418,327,390,370,383,415,392,459,411,542,405,593,391,647,385,702,395,751,418,498,475,495,515,490,555,485,596,436,642,462,653,493,661,529,653,564,644,339,481,366,466,401,468,439,493,400,497,364,496,587,493,616,469,652,471,692,486,656,497,619,498,406,759,429,722,467,703,495,709,524,704,579,722,634,758,584,805,533,823,500,825,469,821,434,799,427,760,467,750,495,750,525,749,614,758,530,766,500,767,471,764,229,0.0006274949483872088,27.19519209558381,0.9852568243428816,922.3061837175537,0.2547616862841536,225.12953852771767,3662.029542774624,7.926338594698715,11.229487512457018,0.0005133869165714052,3.4249149138281374,-0.3803738512064118,0.9971860857724779,0.0,100.0,893.0,2651.0,5183.0,8067.0,15040.0,25010.0,34901.0,37591.0,33958.0,30818.0,26138.0,20006.0,14069.0,8662.0,5787.0,3177.0,1589.0,813.0,257.0,125.0,111.0,93.0,27.0,4.0,1.0,0.0,0.0,0.0,0.0,0.0,0.0,96.0,738.0,2046.0,4058.0,4981.0,5522.0,9324.0,12246.0,16089.0,22759.0,27431.0,32790.0,34656.0,29231.0,22687.0,18645.0,13419.0,9320.0,5234.0,2441.0,880.0,243.0,114.0,103.0,17.0,1.0,0.0,0.0,0.0,0.0,0.0,0.0,51.0,377.0,853.0,1850.0,3003.0,3033.0,3053.0,3230.0,3985.0,5320.0,6817.0,8342.0,9517.0,11287.0,16022.0,19908.0,22128.0,25206.0,25582.0,24127.0,22931.0,18094.0,15129.0,13119.0,8479.0,2906.0,584.0,109.0,26.0,3.0,0.0
282,540,277,605,276,674,281,744,298,813,327,874,369,929,419,973,492,987,576,981,655,951,727,907,787,851,826,782,845,707,854,629,862,551,301,462,319,415,362,392,413,389,461,403,527,402,589,382,655,383,717,409,756,458,488,460,482,495,473,530,465,567,426,640,451,646,479,650,512,645,546,640,345,497,368,474,399,471,436,490,402,495,370,499,584,484,616,463,651,466,685,486,650,488,615,487,388,770,419,738,454,717,482,724,512,715,567,733,625,764,572,803,520,820,487,823,455,819,421,802,408,770,455,746,483,747,514,744,604,766,518,777,486,779,456,777,23,0.0007126233364943943,30.593664727711285,0.9896344035162837,1475.8592301988665,0.3175126892592259,294.542380309562,5872.84325606775,8.16985758174026,11.200085235345835,0.0005884538162600487,3.2487036452655826,-0.4388316508101123,0.9989748448166932,3446.0,2396.0,2268.0,3907.0,6425.0,7858.0,10924.0,14830.0,16689.0,16578.0,18201.0,18909.0,18659.0,19204.0,19604.0,23167.0,24540.0,19361.0,15876.0,10933.0,6731.0,3541.0,825.0,71.0,48.0,45.0,31.0,18.0,7.0,1.0,0.0,0.0,1102.0,1359.0,1849.0,1564.0,1553.0,1795.0,2545.0,4238.0,5428.0,6224.0,8584.0,11541.0,15779.0,16629.0,18241.0,20265.0,20578.0,20090.0,21668.0,23638.0,26833.0,23662.0,14902.0,8635.0,5455.0,791.0,80.0,47.0,18.0,0.0,0.0,0.0,1.0,39.0,296.0,385.0,500.0,552.0,723.0,849.0,916.0,942.0,1087.0,1202.0,1419.0,1799.0,3123.0,3828.0,4512.0,5924.0,7612.0,9043.0,12863.0,14698.0,16051.0,19449.0,22016.0,23852.0,28042.0,30569.0,32486.0,22904.0,13526.0,3885.0
197,478,203,561,213,640,231,718,264,791,317,852,379,905,442,950,514,959,584,944,637,894,691,841,736,779,759,708,771,633,781,557,786,478,257,465,297,423,358,411,417,417,475,436,554,437,609,418,664,410,719,422,752,465,516,489,519,546,522,604,524,663,458,678,489,689,522,702,553,690,582,678,333,489,364,469,404,470,437,497,401,503,363,503,587,495,620,468,658,467,686,487,660,501,623,501,386,737,434,739,483,738,519,747,554,739,596,741,635,738,597,792,556,818,519,823,480,818,432,792,405,746,482,754,519,761,554,756,617,746,555,781,518,787,481,781,230,0.0004650905154413711,70.11634565417656,0.9736356106274107,1330.053118046446,0.22522241905872503,262.65166442257566,5250.096126531604,8.117306566106524,11.851732035130249,0.0003482856912106837,3.95886779414474,-0.3370462058634676,0.9955617334489593,479.0,844.0,1907.0,3588.0,5288.0,6846.0,8944.0,11501.0,14377.0,17917.0,20391.0,22357.0,22274.0,22469.0,21863.0,22549.0,18545.0,12019.0,7262.0,3163.0,1261.0,355.0,76.0,13.0,15.0,2.0,7.0,2.0,5.0,7.0,5.0,5.0,213.0,331.0,549.0,1091.0,2048.0,3238.0,4262.0,5709.0,6791.0,8490.0,10751.0,12908.0,15234.0,18354.0,21039.0,20185.0,19748.0,20230.0,21120.0,22695.0,17753.0,9616.0,2872.0,767.0,289.0,27.0,5.0,5.0,7.0,4.0,4.0,1.0,7.0,50.0,150.0,323.0,466.0,811.0,1448.0,2147.0,2661.0,3423.0,4234.0,4967.0,5395.0,6207.0,7421.0,8899.0,10311.0,11445.0,12728.0,13885.0,16117.0,17954.0,18565.0,17548.0,17252.0,16785.0,20454.0,17188.0,7043.0,435.0,15.0,2.0
214,451,221,533,234,614,247,690,277,757,329,813,385,864,446,911,514,925,580,909,639,862,695,812,744,755,774,688,788,611,799,531,806,445,263,435,315,412,370,416,423,428,470,451,555,447,605,425,658,413,713,414,759,436,514,498,515,563,516,627,517,691,452,695,483,708,516,722,548,708,577,693,333,484,369,468,408,472,440,504,404,508,364,504,586,504,617,471,656,466,690,481,662,502,624,507,384,730,435,742,483,745,516,753,550,743,598,739,643,725,598,778,552,809,516,815,481,811,434,783,402,740,483,765,516,770,550,763,627,735,550,771,516,779,483,774,231,0.0009414757009403054,16.149246449326554,0.9955822801348387,1827.7989236379153,0.4266877892177955,262.7301778890143,7295.046448102326,8.370736915140037,10.863046713391848,0.0008490287660754556,2.7775140345500504,-0.5268119049992387,0.9997612380426071,81.0,1176.0,1840.0,2445.0,3673.0,6364.0,8181.0,9400.0,12697.0,17931.0,21951.0,16280.0,14384.0,13729.0,10692.0,9408.0,8426.0,8984.0,8790.0,8127.0,8851.0,8822.0,7501.0,5273.0,4204.0,3508.0,1017.0,275.0,12.0,0.0,0.0,0.0,73.0,647.0,1469.0,2270.0,2597.0,4139.0,6376.0,7825.0,9556.0,12585.0,18254.0,22253.0,17307.0,14480.0,13205.0,11010.0,8798.0,9131.0,9795.0,9393.0,8713.0,9016.0,7685.0,6718.0,4944.0,4039.0,1534.0,209.0,1.0,0.0,0.0,0.0,0.0,46.0,386.0,388.0,763.0,712.0,722.0,813.0,897.0,1147.0,1288.0,1815.0,2419.0,3059.0,4297.0,5969.0,8236.0,11013.0,15069.0,21815.0,24147.0,19478.0,14631.0,11098.0,9925.0,11174.0,9691.0,10839.0,13810.0,11114.0,5578.0,1683.0
254,447,261,521,268,594,282,665,310,729,354,785,406,831,460,869,516,885,577,875,637,842,695,799,745,746,780,679,800,603,815,526,822,446,283,405,315,376,362,374,409,386,457,401,553,399,607,384,659,373,715,375,756,404,507,478,506,519,506,559,506,600,455,646,482,652,507,656,533,653,561,650,339,476,369,464,407,466,436,491,403,501,365,499,587,492,617,466,657,465,692,478,662,499,621,502,430,746,461,721,489,702,510,710,531,703,566,725,598,752,568,789,535,801,512,801,487,797,460,781,449,746,489,735,511,737,532,737,582,750,533,754,511,754,489,752,232,0.0013342340782455833,32.55021879914436,0.9929427482246003,2306.34287040825,0.4754172020218959,322.6133247583209,9192.82126283387,8.325209874533524,10.7508264990993,0.0008122051599620337,2.8431443804933023,-0.5346221583306643,0.9997841443285589,234.0,1454.0,2033.0,1664.0,1254.0,2135.0,4023.0,5778.0,7101.0,16783.0,12184.0,10034.0,10270.0,10363.0,10931.0,10502.0,10713.0,12882.0,13463.0,15173.0,17984.0,15881.0,13249.0,10198.0,3559.0,526.0,490.0,490.0,209.0,10.0,6.0,2.0,102.0,1033.0,1630.0,1738.0,1147.0,1095.0,1511.0,2325.0,3951.0,4641.0,6422.0,11941.0,11257.0,7890.0,8338.0,8727.0,9066.0,9849.0,10145.0,9881.0,10925.0,13667.0,12340.0,17076.0,19328.0,17935.0,14066.0,3371.0,162.0,10.0,1.0,8.0,4.0,37.0,264.0,775.0,687.0,841.0,989.0,687.0,496.0,739.0,1059.0,1547.0,2626.0,2945.0,3478.0,4416.0,5222.0,6194.0,9251.0,7933.0,7302.0,7242.0,7831.0,8435.0,9031.0,10453.0,10305.0,14111.0,15806.0,22325.0,28076.0,30471.0
246,496,249,579,252,661,258,744,277,822,314,894,366,954,430,996,511,1004,597,994,677,956,748,902,802,831,835,748,849,658,862,566,875,470,282,477,312,429,369,414,427,420,482,440,529,439,590,423,658,419,728,436,781,476,501,475,497,536,492,595,486,659,434,674,463,691,496,704,533,691,567,676,336,491,365,473,398,471,434,489,398,494,365,496,594,487,628,470,662,472,697,490,661,494,626,492,388,767,429,762,468,755,502,761,537,752,583,755,640,761,586,795,542,815,506,822,470,818,431,802,406,771,467,772,502,775,538,769,622,764,542,783,507,789,472,786,233,0.00033454058206800944,102.67286575560297,0.9809968580493424,2701.4304881352346,0.2536663709428869,269.2756819352138,10703.049086785344,8.658834032516982,12.405319699305833,0.0003771905919401561,3.9507585917982864,-0.3817238320442422,0.9983929806080788,26.0,515.0,2172.0,3240.0,5244.0,7307.0,8052.0,7931.0,10357.0,14328.0,18521.0,24360.0,27139.0,18977.0,15134.0,13907.0,12313.0,11354.0,11737.0,11827.0,11202.0,10288.0,10341.0,10003.0,9014.0,6316.0,4597.0,3238.0,2182.0,1375.0,1001.0,143.0,138.0,1693.0,3392.0,4481.0,5087.0,5382.0,6433.0,6850.0,8293.0,10900.0,14346.0,18178.0,21566.0,25180.0,18129.0,13919.0,12587.0,11773.0,11109.0,10932.0,11292.0,11281.0,10167.0,9788.0,9606.0,8941.0,8160.0,6162.0,4555.0,2181.0,1106.0,534.0,55.0,1136.0,2678.0,2955.0,2445.0,2264.0,2324.0,2752.0,3329.0,4512.0,4890.0,5538.0,7028.0,9859.0,13865.0,15452.0,15953.0,18995.0,20833.0,18174.0,14517.0,14019.0,14030.0,13100.0,12737.0,11599.0,10801.0,10107.0,10401.0,10966.0,9553.0,7274.0
257,513,253,580,255,649,262,714,281,778,319,832,373,875,436,915,511,933,587,924,662,894,728,849,777,792,809,727,822,655,826,581,827,510,286,440,316,398,370,389,423,403,470,431,538,423,589,394,649,383,708,395,747,436,504,483,501,528,497,569,493,614,434,651,465,663,499,672,535,663,571,655,344,493,371,480,402,480,436,497,403,501,371,502,591,495,624,476,658,476,691,488,660,499,625,499,399,748,437,728,472,714,499,722,528,716,572,732,622,756,573,792,529,805,497,806,467,801,434,788,417,750,471,750,499,754,528,753,603,755,527,756,497,756,470,752,234,0.0004924170119431011,72.90760136795448,0.9838311119432925,2254.4249491618048,0.28750061551515993,264.78357177966564,8944.792195279297,8.44525017117195,11.832037145063076,0.0004671105940340645,3.598263286045188,-0.4122676253434466,0.9987614622023225,836.0,2830.0,6945.0,8231.0,7613.0,7878.0,10111.0,15915.0,17265.0,14520.0,16247.0,20201.0,23600.0,23197.0,21101.0,15830.0,12490.0,9224.0,7117.0,5108.0,2515.0,782.0,357.0,231.0,155.0,131.0,106.0,75.0,44.0,29.0,23.0,11.0,112.0,1490.0,4098.0,6313.0,5803.0,5263.0,5616.0,6236.0,9458.0,11722.0,10755.0,10151.0,10196.0,10753.0,12377.0,14000.0,15778.0,18056.0,21204.0,20202.0,16651.0,13308.0,9871.0,6861.0,3131.0,687.0,222.0,161.0,122.0,56.0,23.0,42.0,0.0,136.0,813.0,1630.0,2745.0,3011.0,2978.0,3023.0,3112.0,3088.0,3674.0,5153.0,6689.0,6643.0,6403.0,5625.0,6301.0,7344.0,8131.0,9108.0,8877.0,9119.0,10062.0,11415.0,14664.0,18063.0,21322.0,23277.0,20263.0,14765.0,9289.0,3995.0
347,507,331,569,327,637,346,704,374,770,405,833,433,898,461,959,507,986,574,988,654,962,738,921,816,870,877,798,910,713,927,614,934,520,344,402,356,371,385,364,417,370,445,388,515,384,573,358,642,357,705,381,754,425,478,480,463,525,446,570,426,615,415,661,434,673,455,681,483,676,514,672,377,481,394,460,422,466,450,496,420,497,391,494,572,493,596,466,633,467,677,484,636,496,600,499,423,767,420,740,437,725,458,732,483,727,543,747,612,777,554,833,502,853,474,855,451,848,434,816,436,770,443,751,462,753,487,752,596,779,496,816,470,815,449,808,235,0.0009762444177670634,35.13122524681873,0.9922829622202317,2277.004464923857,0.42369333980194945,322.03496248806385,9072.886634448601,8.484410687900297,11.200315213382769,0.0006835809642465412,3.177158768790367,-0.5050203530484443,0.9997146224994546,1181.0,1946.0,3826.0,6095.0,7574.0,8213.0,8362.0,8281.0,8961.0,10905.0,10668.0,11332.0,11698.0,14248.0,14365.0,13676.0,15743.0,20968.0,17175.0,14207.0,13464.0,12709.0,10461.0,7962.0,8130.0,7697.0,8355.0,7222.0,2270.0,483.0,5.0,0.0,162.0,711.0,1269.0,1454.0,2007.0,3101.0,4381.0,5366.0,6101.0,6955.0,7613.0,8093.0,8383.0,10280.0,12181.0,12188.0,16249.0,17750.0,16229.0,18420.0,22107.0,20855.0,16503.0,17041.0,11901.0,9021.0,9821.0,9450.0,9135.0,3124.0,331.0,0.0,9.0,45.0,142.0,324.0,463.0,547.0,754.0,983.0,1199.0,1587.0,2214.0,2986.0,3498.0,3744.0,3735.0,4079.0,4832.0,5555.0,6567.0,6825.0,6989.0,8763.0,13297.0,15069.0,16475.0,17131.0,16571.0,23051.0,26730.0,30272.0,29699.0,34047.0
281,482,279,554,283,627,290,701,306,775,336,841,379,900,429,950,495,967,575,963,656,929,734,882,796,821,836,744,854,658,859,568,861,481,289,436,308,402,353,396,398,407,442,426,530,429,588,406,650,395,713,405,765,438,485,478,480,528,474,579,469,632,431,672,453,682,480,689,512,682,545,675,337,480,361,461,397,461,432,489,396,497,359,496,580,490,614,464,653,464,688,484,655,499,615,498,397,768,428,761,460,757,488,766,518,759,566,766,621,773,566,803,520,813,487,813,456,808,427,793,411,770,459,775,488,782,519,779,606,775,518,781,487,783,458,776,236,0.0004063273414779434,50.75451070286725,0.98961918937126,2444.8332045374414,0.27704980269157237,204.25167133926274,9728.578307446895,8.47194763906614,11.931739623061546,0.00046049339694220374,3.6512886618110008,-0.4044730707790748,0.998714592548479,1012.0,9156.0,16394.0,25230.0,29262.0,24139.0,20451.0,17423.0,14103.0,12247.0,10767.0,9570.0,9592.0,10484.0,13685.0,13100.0,12352.0,9808.0,5234.0,2587.0,1000.0,243.0,84.0,35.0,9.0,3.0,4.0,5.0,0.0,1.0,0.0,0.0,153.0,3255.0,8077.0,11311.0,16982.0,19129.0,22505.0,20388.0,17685.0,14958.0,13066.0,11828.0,10762.0,10109.0,9652.0,9119.0,9267.0,11056.0,13336.0,12395.0,11773.0,7230.0,2986.0,744.0,161.0,40.0,5.0,5.0,2.0,1.0,0.0,0.0,3.0,119.0,1760.0,3668.0,3884.0,5218.0,7529.0,9265.0,8735.0,9400.0,12321.0,13167.0,12203.0,11477.0,10320.0,10964.0,11113.0,9841.0,9602.0,9091.0,8753.0,8459.0,9108.0,9121.0,9006.0,9994.0,12193.0,13642.0,12972.0,10280.0,4072.0,700.0
251,495,250,574,252,651,262,728,283,801,321,868,372,924,433,970,507,988,586,976,663,939,732,889,789,825,822,752,839,672,850,587,856,497,273,435,306,401,358,399,408,413,453,435,542,435,594,412,652,402,713,411,762,444,497,479,493,532,487,586,482,641,434,674,461,685,492,695,528,686,564,676,328,487,361,467,399,468,438,497,398,498,360,497,584,495,621,468,659,468,698,488,661,496,622,497,377,749,418,739,464,733,500,741,536,734,595,741,656,751,598,814,540,845,500,850,461,844,417,812,393,754,464,757,500,762,536,758,639,755,538,805,500,809,463,803,237,0.0007032771062164642,24.086752836086,0.9935107886727627,1855.8321891470778,0.35431952995395277,318.14426427162266,7399.242003752181,8.386550914229966,11.253605828622735,0.0006274849574453553,3.125507044961415,-0.4771791615013721,0.9995190170658489,297.0,481.0,1146.0,1917.0,2297.0,3181.0,4496.0,6348.0,8900.0,8872.0,8320.0,8844.0,11569.0,16307.0,16391.0,16743.0,15222.0,14332.0,17334.0,18756.0,17817.0,14663.0,12628.0,10369.0,9969.0,8580.0,9229.0,9316.0,4889.0,1329.0,287.0,0.0,474.0,329.0,519.0,899.0,1644.0,2142.0,2524.0,3163.0,4665.0,5941.0,8093.0,9484.0,8504.0,9647.0,11845.0,15357.0,17348.0,19084.0,18213.0,16978.0,19234.0,22029.0,20556.0,16029.0,12124.0,10691.0,10124.0,9603.0,2940.0,641.0,5.0,0.0,85.0,377.0,410.0,364.0,564.0,579.0,703.0,784.0,1031.0,1208.0,1466.0,1604.0,1611.0,2099.0,3236.0,4375.0,6140.0,8295.0,9594.0,10890.0,13598.0,15765.0,17962.0,20898.0,26880.0,27846.0,24091.0,21702.0,21180.0,20178.0,12820.0,2494.0
183,527,186,605,194,678,204,753,232,824,283,888,356,931,441,957,523,969,601,955,666,917,718,862,750,795,766,722,774,651,778,580,772,507,268,453,305,412,360,391,418,395,471,413,571,416,616,397,666,392,712,410,737,448,526,471,531,522,536,573,541,627,468,664,501,672,535,679,564,672,589,663,335,491,368,472,401,471,436,493,401,495,368,496,591,492,623,470,655,470,685,488,656,492,624,492,387,754,442,736,492,727,525,736,556,727,597,736,636,753,598,785,560,805,526,809,491,805,441,787,403,754,492,754,526,758,557,754,618,754,557,766,525,770,491,767,238,0.0010780558423474544,16.907234111668792,0.9924858393185902,1125.2308442774302,0.38507353975392294,297.9081275790241,4484.016142998025,7.99051488287819,10.620350432841116,0.000809075642817344,2.9395317921934963,-0.48144370548509313,0.999323505354465,329.0,963.0,1449.0,2031.0,2219.0,2220.0,2590.0,3644.0,5983.0,9383.0,13810.0,20624.0,27492.0,27769.0,28553.0,30061.0,26270.0,21597.0,17551.0,14378.0,11236.0,7988.0,2089.0,60.0,7.0,0.0,0.0,0.0,0.0,0.0,0.0,0.0,292.0,383.0,771.0,1540.0,2192.0,2502.0,2694.0,2526.0,3121.0,4765.0,7540.0,10642.0,14848.0,21179.0,25558.0,29483.0,31271.0,29201.0,23802.0,20320.0,18522.0,12536.0,9787.0,4072.0,742.0,7.0,0.0,0.0,0.0,0.0,0.0,0.0,8.0,29.0,104.0,174.0,328.0,495.0,580.0,713.0,858.0,878.0,1016.0,1032.0,1133.0,1360.0,1638.0,1950.0,2275.0,3358.0,4799.0,6819.0,10032.0,13131.0,16104.0,20435.0,22856.0,26625.0,26246.0,24197.0,22456.0,18832.0,18608.0,31227.0
276,503,269,569,269,636,278,706,289,777,314,841,356,900,406,953,474,973,558,966,649,937,738,896,813,837,862,765,890,681,906,596,920,508,283,436,307,402,350,392,397,399,438,421,545,414,601,390,663,386,723,401,773,434,482,479,473,532,461,584,450,638,419,667,440,681,467,693,504,680,541,667,332,490,362,468,399,468,435,495,397,500,361,500,585,495,622,468,661,466,697,486,662,498,623,499,375,744,406,729,444,724,479,730,519,724,582,729,656,747,586,794,521,817,479,821,442,815,406,791,393,748,444,744,479,748,518,745,638,749,520,785,480,787,444,781,239,0.0009718812450041356,25.490182090056486,0.9910601966778525,1425.9440650139177,0.3758724022372232,325.30630226723224,5678.286077965644,8.132348722923197,10.874772388748614,0.0006572567103188029,3.0497004635769893,-0.4759993630351568,0.9993755144701557,365.0,603.0,1083.0,1987.0,2398.0,2609.0,3558.0,5798.0,8442.0,9218.0,12908.0,18088.0,21377.0,21753.0,19115.0,19182.0,21589.0,22874.0,20183.0,21860.0,20460.0,15473.0,12524.0,8745.0,4845.0,1332.0,116.0,2.0,1.0,1.0,1.0,2.0,213.0,281.0,511.0,847.0,1057.0,1388.0,2003.0,2369.0,2531.0,3235.0,4809.0,6684.0,7584.0,9798.0,13771.0,18568.0,19994.0,21116.0,19909.0,20762.0,23235.0,23563.0,24348.0,26869.0,21866.0,14439.0,5799.0,932.0,9.0,0.0,0.0,2.0,4.0,68.0,174.0,194.0,272.0,388.0,505.0,675.0,700.0,826.0,1003.0,1371.0,1504.0,1941.0,2548.0,3233.0,4132.0,5378.0,7020.0,8294.0,12950.0,16851.0,16667.0,18931.0,20946.0,21732.0,25546.0,28769.0,37149.0,35212.0,20230.0,3279.0
260,521,262,592,267,662,274,733,291,802,323,861,373,908,431,947,506,960,585,952,657,919,724,878,770,820,801,750,816,675,823,600,830,521,284,462,308,423,356,406,409,407,457,422,548,420,603,404,664,401,721,420,758,462,496,474,492,518,487,563,481,609,437,650,462,660,489,667,521,659,552,650,338,488,365,468,399,468,432,491,398,497,365,500,588,490,621,467,657,469,687,489,657,500,620,498,403,762,435,750,466,743,494,751,522,742,565,750,613,764,566,775,525,779,495,780,466,779,436,777,419,763,466,760,494,763,524,758,595,763,524,758,494,760,467,757,24,0.000800058986936885,38.346418060635685,0.9647407744608307,543.936311048677,0.23532061427084824,254.90130900567505,2137.3988261340583,7.496818177994149,10.965891150328467,0.0004054120369386824,3.592735542277301,-0.3165380877076307,0.9911792235931016,0.0,5.0,58.0,359.0,1160.0,3647.0,7605.0,9133.0,15042.0,26222.0,36623.0,44058.0,42673.0,33739.0,21015.0,10252.0,4187.0,1582.0,756.0,388.0,167.0,78.0,55.0,32.0,18.0,12.0,8.0,10.0,3.0,1.0,4.0,12.0,0.0,0.0,7.0,54.0,370.0,998.0,1791.0,4310.0,7276.0,7678.0,10986.0,17612.0,26507.0,35865.0,41817.0,40942.0,31851.0,18062.0,7809.0,3014.0,1163.0,436.0,151.0,75.0,50.0,23.0,16.0,11.0,13.0,8.0,3.0,6.0,0.0,0.0,0.0,3.0,24.0,150.0,243.0,315.0,654.0,993.0,1143.0,1313.0,2420.0,4775.0,6272.0,6046.0,7033.0,10164.0,14554.0,18646.0,23820.0,28628.0,32339.0,36377.0,29797.0,17896.0,10168.0,3726.0,1012.0,264.0,80.0,49.0
276,501,270,567,269,633,276,701,287,768,313,829,353,884,402,933,474,949,560,942,648,913,736,879,811,829,856,760,877,681,881,594,886,507,286,450,302,410,344,394,390,398,436,415,545,411,600,390,660,386,717,404,761,438,483,476,476,519,468,562,460,607,421,650,445,659,474,666,509,657,545,647,332,494,359,472,396,471,432,494,394,504,357,506,586,489,618,466,657,466,693,486,659,499,620,498,392,756,418,736,450,725,479,732,509,723,558,732,612,746,559,775,510,791,477,796,447,794,418,784,407,757,450,753,479,756,510,752,594,748,509,753,478,757,448,754,240,0.0006923549462205581,17.17492713903117,0.9911744339337127,973.1050280451409,0.30266795808263536,160.6441538463793,3875.245185041531,7.9723208555287375,10.92197982096129,0.000555154316272364,3.0979795728631534,-0.4345841021868565,0.9987384686491116,1030.0,6069.0,13476.0,20615.0,31692.0,45311.0,48356.0,40168.0,32044.0,24405.0,10391.0,5081.0,2067.0,649.0,105.0,43.0,29.0,29.0,8.0,13.0,6.0,11.0,4.0,6.0,7.0,2.0,3.0,0.0,2.0,0.0,0.0,2.0,363.0,3433.0,7756.0,12096.0,14691.0,18868.0,24755.0,29166.0,28886.0,30217.0,27156.0,23032.0,19388.0,15561.0,10766.0,8552.0,5012.0,1633.0,246.0,24.0,7.0,2.0,3.0,2.0,5.0,0.0,0.0,2.0,0.0,0.0,0.0,2.0,14.0,543.0,2745.0,5124.0,7518.0,8334.0,10357.0,13280.0,15093.0,16993.0,17913.0,16936.0,18460.0,20064.0,19874.0,16794.0,15651.0,14621.0,13268.0,10971.0,9630.0,8951.0,8732.0,6041.0,2892.0,810.0,11.0,2.0,0.0,0.0,0.0,2.0
229,511,232,586,245,660,258,735,283,803,325,863,383,908,452,946,525,960,597,943,657,900,707,846,739,783,754,713,761,642,766,572,761,501,280,434,319,405,369,394,419,401,467,422,571,422,614,402,661,393,706,402,736,436,522,480,523,534,525,588,526,644,462,669,491,680,523,690,552,680,579,670,337,488,369,467,405,469,440,496,404,502,367,502,587,498,619,469,655,468,684,489,658,502,623,503,390,752,442,738,489,731,521,738,554,731,597,738,639,750,599,793,557,815,522,820,487,815,440,792,409,757,488,755,522,759,554,756,620,755,555,776,522,779,488,776,241,0.001474228117305987,18.828895990145675,0.9926805880249172,1286.4481604612865,0.4413577716475436,321.0389821407607,5126.963745854999,8.0280333579619,10.44565221135862,0.0008220317992753292,2.8448532676902816,-0.5146982021118395,0.9995976408155229,191.0,521.0,1233.0,1525.0,2083.0,2769.0,3768.0,4710.0,5640.0,7112.0,11581.0,15788.0,18079.0,19287.0,19141.0,22464.0,26464.0,25789.0,19695.0,16135.0,9102.0,5770.0,3557.0,615.0,31.0,7.0,4.0,1.0,0.0,0.0,0.0,0.0,86.0,138.0,384.0,772.0,1037.0,1255.0,1646.0,2091.0,2942.0,3750.0,4453.0,4746.0,5865.0,7127.0,10914.0,14245.0,16852.0,17818.0,17667.0,19773.0,29260.0,27069.0,21715.0,15369.0,9908.0,5787.0,385.0,6.0,2.0,0.0,0.0,0.0,0.0,8.0,56.0,120.0,143.0,367.0,578.0,683.0,804.0,920.0,1005.0,1325.0,1375.0,1432.0,1862.0,2105.0,2731.0,3420.0,4332.0,5436.0,7082.0,9714.0,12780.0,15340.0,17339.0,18691.0,22388.0,30733.0,26815.0,23554.0,17681.0,12243.0
241,505,237,582,241,657,250,733,274,805,315,868,372,920,435,962,512,976,592,963,662,924,724,875,772,813,798,741,806,661,813,582,814,502,278,448,310,411,359,404,407,417,451,440,555,439,605,416,659,405,713,413,751,447,502,489,501,550,499,609,497,671,439,690,467,704,501,715,537,703,569,691,336,490,367,467,403,467,437,499,402,500,365,500,585,499,621,469,659,466,691,489,661,500,623,501,376,754,425,754,473,752,506,761,541,753,594,754,650,753,596,807,543,832,506,836,470,831,422,806,393,759,473,770,506,775,541,770,633,759,542,802,506,806,471,801,242,0.002002442893797766,11.798458462456088,0.9894740089223205,560.5304825026296,0.41236375461963587,235.09254512195696,2230.323471548054,7.400005535408985,9.859483963106587,0.0011436330724194407,2.7502380397781985,-0.46064667867948583,0.998471178781038,725.0,2123.0,3638.0,4267.0,6068.0,10370.0,15209.0,18937.0,28511.0,36892.0,28677.0,26024.0,23800.0,18220.0,15499.0,14603.0,8761.0,1385.0,231.0,0.0,0.0,0.0,0.0,0.0,0.0,0.0,0.0,0.0,0.0,0.0,0.0,0.0,289.0,287.0,833.0,1669.0,2557.0,3559.0,3990.0,5731.0,8079.0,12979.0,18574.0,26716.0,39277.0,49337.0,38578.0,27915.0,18507.0,4118.0,902.0,43.0,0.0,0.0,0.0,0.0,0.0,0.0,0.0,0.0,0.0,0.0,0.0,0.0,23.0,59.0,116.0,248.0,549.0,717.0,850.0,1133.0,1432.0,1957.0,1915.0,1858.0,2115.0,2657.0,3395.0,4203.0,5852.0,9586.0,15032.0,22652.0,37954.0,53768.0,48523.0,34220.0,12074.0,1045.0,7.0,0.0,0.0,0.0,0.0,0.0
233,458,245,535,258,608,270,680,298,746,345,802,399,851,454,896,515,909,579,896,646,854,710,810,763,755,793,686,805,608,819,532,831,452,260,447,292,410,345,400,400,406,450,425,552,426,612,409,671,404,730,412,771,450,504,489,504,534,504,579,504,624,451,653,477,658,504,666,533,658,562,655,331,488,365,470,404,472,433,501,400,504,361,501,586,501,616,474,657,473,691,491,660,503,620,506,388,712,434,709,479,704,508,710,538,705,589,711,640,713,593,776,543,802,509,804,478,800,432,771,408,720,479,722,508,726,539,723,622,721,540,770,509,772,479,766,243,0.0015645309214713352,25.92039863884022,0.9899550721610932,1290.7091060132816,0.4099330740773984,336.5305495229391,5136.916025414292,7.900221938773507,10.485982573890682,0.0007086288738807867,3.001713014928269,-0.4812630833747603,0.9992774574786546,30.0,552.0,1382.0,909.0,957.0,998.0,1097.0,1160.0,1295.0,1703.0,2715.0,3750.0,5114.0,6547.0,8509.0,9415.0,12840.0,16486.0,20500.0,21363.0,24182.0,24618.0,24788.0,18871.0,10442.0,4344.0,1127.0,166.0,76.0,62.0,12.0,18.0,8.0,284.0,1259.0,1044.0,793.0,776.0,843.0,1047.0,1146.0,1379.0,2322.0,3970.0,4895.0,5711.0,6649.0,7375.0,8209.0,10724.0,13999.0,18723.0,21296.0,25469.0,28030.0,28729.0,20373.0,8771.0,1995.0,165.0,31.0,4.0,6.0,3.0,0.0,52.0,617.0,815.0,571.0,608.0,632.0,607.0,557.0,584.0,759.0,882.0,1149.0,1354.0,2095.0,2947.0,3583.0,4010.0,4778.0,5983.0,6892.0,9629.0,12671.0,16858.0,20840.0,24876.0,33473.0,30645.0,21129.0,13382.0,3002.0,48.0
280,522,275,584,273,647,275,714,289,778,323,829,371,866,431,890,500,896,569,887,639,865,708,837,765,795,797,735,808,669,816,603,826,534,293,460,322,422,370,405,418,413,465,433,549,426,602,405,658,399,714,416,753,454,502,474,497,504,491,534,484,565,438,613,464,618,491,625,521,617,552,612,337,498,367,484,401,483,435,499,400,502,367,502,585,496,620,478,653,480,688,492,655,498,621,498,373,709,413,670,461,655,493,663,527,657,585,674,643,705,585,754,529,771,491,773,458,770,412,756,388,708,461,678,493,680,528,677,626,706,529,743,493,744,460,742,244,0.0008276660356307203,25.409026976928363,0.9940891563662851,2149.574878018868,0.37709273346935834,256.47726518107714,8572.890485098527,8.367495584226319,11.153189627662595,0.0006443373917496199,3.0768947711387438,-0.4872998047557916,0.999577768976367,361.0,1490.0,2018.0,2624.0,3451.0,4328.0,5525.0,7271.0,10807.0,17507.0,21639.0,16975.0,13006.0,10345.0,10838.0,9767.0,9486.0,9928.0,11914.0,17030.0,15836.0,11647.0,5408.0,3082.0,1227.0,527.0,258.0,52.0,37.0,25.0,7.0,6.0,402.0,1718.0,2338.0,2942.0,3043.0,3558.0,4490.0,5466.0,7536.0,10982.0,17596.0,24800.0,17972.0,11329.0,7813.0,9197.0,8631.0,8146.0,8667.0,8840.0,10201.0,15345.0,16426.0,9279.0,6078.0,956.0,452.0,92.0,71.0,41.0,10.0,5.0,69.0,852.0,1351.0,1262.0,1362.0,1399.0,1620.0,1737.0,2025.0,2590.0,3646.0,5641.0,8114.0,10133.0,14311.0,18749.0,14421.0,12150.0,9987.0,8363.0,9927.0,9940.0,9512.0,10094.0,9954.0,12076.0,15377.0,14994.0,11211.0,1531.0,18.0,6.0
283,510,274,576,272,645,279,717,288,787,313,854,354,912,403,961,475,981,564,976,660,955,747,917,818,856,862,780,881,694,893,605,898,517,290,439,313,404,356,395,403,397,447,416,534,416,592,391,657,385,721,399,773,437,482,473,473,514,463,557,452,601,426,659,445,670,470,678,504,670,539,659,334,495,362,469,401,468,438,498,399,502,362,503,585,495,623,463,665,463,703,488,666,498,625,498,381,760,411,733,450,721,484,727,518,720,582,732,652,764,585,814,522,833,484,835,449,830,412,808,400,762,451,752,484,754,518,752,634,766,521,792,485,793,450,788,245,0.0007796601617425276,22.488734312909678,0.9941964242899065,1937.7550400277796,0.3916757907231891,296.8220146515466,7728.531425798199,8.420348884143227,11.088209162384747,0.0007007055727108577,2.960749878116235,-0.5064382704477631,0.9996954934919167,151.0,491.0,1594.0,4081.0,5478.0,5682.0,5630.0,6924.0,9099.0,13187.0,15929.0,17907.0,20668.0,20115.0,19731.0,17630.0,16929.0,18687.0,19586.0,17931.0,14471.0,11965.0,9586.0,9046.0,8810.0,7167.0,3742.0,888.0,464.0,59.0,9.0,0.0,158.0,283.0,580.0,1540.0,3696.0,4629.0,5412.0,5865.0,5345.0,6149.0,7202.0,10638.0,15793.0,16009.0,20908.0,20899.0,19996.0,18291.0,16260.0,17954.0,21422.0,19736.0,17510.0,12772.0,10078.0,10237.0,8559.0,4699.0,894.0,111.0,12.0,0.0,2.0,12.0,112.0,306.0,523.0,1127.0,2057.0,2490.0,2766.0,3020.0,3427.0,3108.0,2905.0,3373.0,4005.0,4413.0,6218.0,11004.0,14185.0,16219.0,21602.0,21893.0,20245.0,20071.0,19946.0,24612.0,25285.0,20643.0,18405.0,17365.0,11498.0,800.0
222,490,226,558,238,625,254,690,280,753,322,811,379,860,444,897,514,910,582,896,639,856,686,807,721,752,745,692,759,627,765,565,764,499,276,440,316,409,369,400,422,408,469,429,570,430,616,410,665,402,715,412,746,444,521,490,524,539,528,587,530,635,464,659,494,668,526,678,555,668,580,659,333,493,363,475,399,475,433,498,399,501,364,501,594,500,626,476,661,476,689,493,662,503,627,503,399,723,447,709,493,701,523,707,553,701,592,706,627,719,591,756,555,774,522,778,490,775,446,758,417,726,492,735,523,737,553,734,610,723,553,733,523,737,491,734,246,0.0009792457229456273,90.56513040696144,0.9754250153497894,1842.5140385178602,0.3595354851860455,306.84763559577345,7279.491023664468,8.213099201878073,11.257720733129295,0.0005822681379454731,3.4038924828969064,-0.4410782708665012,0.9990188867657949,208.0,1043.0,1883.0,2454.0,2993.0,3294.0,3666.0,3949.0,4664.0,5722.0,7110.0,8601.0,9333.0,9898.0,10695.0,12780.0,15861.0,20630.0,21276.0,18011.0,16269.0,12280.0,10429.0,6737.0,3020.0,1696.0,348.0,128.0,108.0,45.0,23.0,19.0,81.0,530.0,1430.0,1756.0,2641.0,2884.0,2836.0,2923.0,3267.0,3868.0,4857.0,5741.0,6883.0,8303.0,9210.0,9111.0,9673.0,11037.0,14028.0,18478.0,22204.0,21513.0,19988.0,15040.0,11060.0,4001.0,1435.0,273.0,81.0,24.0,10.0,7.0,32.0,253.0,729.0,1051.0,1314.0,1491.0,1384.0,1355.0,1592.0,1618.0,1743.0,1969.0,2130.0,2363.0,2740.0,3334.0,4055.0,4786.0,5664.0,7946.0,8616.0,9206.0,10397.0,14826.0,19889.0,23987.0,28191.0,27110.0,19406.0,5541.0,422.0,33.0
217,478,221,559,233,639,247,717,275,787,324,846,382,898,446,941,513,958,582,943,649,899,711,848,760,784,786,712,797,634,805,555,807,475,271,437,310,403,364,393,418,401,468,421,556,426,605,404,659,397,714,406,754,439,510,482,511,533,511,583,512,636,451,668,479,677,510,685,542,677,572,668,333,488,366,468,401,470,435,498,399,497,363,495,587,499,620,471,655,470,688,488,657,496,622,498,384,739,431,725,478,719,512,725,546,718,596,724,644,736,599,792,550,821,513,826,477,821,431,794,399,743,478,741,511,745,546,741,630,739,549,781,514,786,479,781,247,0.002201306733046189,19.039713078373566,0.9900923145084788,960.8498221633381,0.4749975342702143,341.9157113697033,3824.3595755749775,7.651898454599525,9.92622229061093,0.0009632798650475167,2.7205439021407622,-0.5090535539592465,0.9993527277708967,28.0,154.0,274.0,870.0,1165.0,1130.0,1248.0,1308.0,1686.0,1796.0,2425.0,3251.0,4663.0,6447.0,8866.0,12993.0,19308.0,20221.0,21367.0,23845.0,23731.0,23046.0,20851.0,21037.0,19635.0,11879.0,3391.0,689.0,10.0,0.0,0.0,0.0,42.0,126.0,220.0,655.0,1070.0,1188.0,1071.0,1191.0,1303.0,1475.0,1640.0,2246.0,2756.0,3222.0,4438.0,6615.0,9767.0,15001.0,23405.0,27328.0,28144.0,32296.0,29047.0,30264.0,24710.0,6084.0,1854.0,156.0,0.0,0.0,0.0,0.0,0.0,10.0,62.0,232.0,620.0,795.0,859.0,806.0,717.0,552.0,713.0,735.0,925.0,1072.0,1177.0,1332.0,1552.0,1890.0,2089.0,2628.0,3911.0,6429.0,11507.0,22550.0,40147.0,45355.0,50076.0,42028.0,16105.0,438.0,2.0,0.0
265,491,261,558,259,625,262,697,273,771,306,841,352,904,410,962,485,985,571,978,655,945,730,897,794,834,831,760,850,679,859,596,865,509,284,453,304,408,352,389,405,388,453,407,541,410,596,386,661,386,723,411,765,459,489,470,483,523,475,575,467,629,423,660,447,675,477,688,516,677,554,663,336,490,365,474,398,474,436,492,398,497,364,497,583,493,621,474,657,475,691,493,655,498,619,497,370,733,407,723,450,719,490,727,531,719,591,724,658,740,594,795,534,818,491,822,447,816,407,790,386,739,448,739,490,744,530,740,642,743,533,783,492,786,449,779,248,0.0006146906417544032,23.29524828426519,0.9920890162414714,1472.301837859829,0.3088669960595022,282.2704858474043,5865.912103155002,8.274489231043686,11.3196166259052,0.0005617684918700388,3.226926157045407,-0.4447776159123489,0.9991442019831823,512.0,968.0,1555.0,2377.0,2616.0,3557.0,5591.0,8775.0,10708.0,11359.0,14642.0,20616.0,24452.0,24394.0,22980.0,23920.0,22867.0,18533.0,14049.0,11986.0,11677.0,10198.0,7820.0,6602.0,4005.0,2054.0,823.0,558.0,288.0,102.0,1.0,0.0,301.0,451.0,702.0,1036.0,1911.0,2168.0,2476.0,3418.0,4953.0,7829.0,11104.0,12099.0,14235.0,17875.0,25262.0,27361.0,26452.0,24815.0,24432.0,19066.0,14247.0,12782.0,11148.0,10189.0,7831.0,3993.0,1482.0,666.0,274.0,27.0,0.0,0.0,41.0,222.0,273.0,257.0,426.0,617.0,878.0,1330.0,1345.0,1564.0,1818.0,2395.0,3284.0,5002.0,7838.0,10440.0,13671.0,18493.0,22019.0,23258.0,21684.0,20403.0,21990.0,19997.0,17008.0,14375.0,12980.0,13442.0,11723.0,9866.0,8244.0,3702.0
221,491,225,567,234,642,242,716,267,784,311,844,367,897,434,942,511,956,587,941,656,896,714,842,760,780,783,709,788,634,794,561,800,484,261,446,300,407,355,394,410,404,460,429,557,436,608,413,665,402,719,410,761,440,510,480,509,536,508,591,507,647,447,669,477,679,509,690,541,679,572,668,329,485,364,471,401,473,437,498,399,500,362,498,589,496,624,473,662,473,697,486,664,497,627,499,365,727,420,720,473,716,511,725,552,717,607,721,657,727,609,792,554,821,511,825,469,819,416,791,383,733,472,740,511,745,552,740,642,732,553,784,511,788,472,782,249,0.0006764747179211435,20.19800340129712,0.9968258760954253,3181.5873732970394,0.40092523536829555,244.4999330697114,12706.151489786866,8.668720584703404,11.338596727523827,0.0007160110265124694,2.932207162651606,-0.5221771459432373,0.9998128484884139,624.0,3462.0,5810.0,10003.0,14071.0,20483.0,19814.0,18757.0,14472.0,9587.0,8453.0,8459.0,8321.0,9285.0,9820.0,9495.0,9081.0,9888.0,10960.0,8632.0,7633.0,7759.0,6921.0,6461.0,4901.0,4232.0,2676.0,2083.0,992.0,49.0,29.0,21.0,392.0,1600.0,2664.0,5144.0,7126.0,10569.0,13241.0,22078.0,19052.0,16107.0,13066.0,9176.0,8304.0,8290.0,7887.0,8356.0,8734.0,10290.0,9317.0,9628.0,10966.0,9535.0,7735.0,8439.0,8154.0,6509.0,4660.0,3716.0,2172.0,322.0,4.0,1.0,27.0,421.0,1199.0,1206.0,1985.0,2899.0,3394.0,3695.0,5206.0,6311.0,10381.0,12861.0,17303.0,13221.0,13162.0,10087.0,8489.0,8156.0,7870.0,7613.0,7653.0,8425.0,8449.0,9673.0,9574.0,10096.0,11524.0,12802.0,12042.0,10827.0,9007.0,7676.0
165,520,172,600,184,676,203,751,235,821,290,881,361,926,442,960,526,970,604,951,667,904,718,849,751,786,765,718,773,649,776,581,771,512,260,445,304,411,359,394,417,398,469,418,563,421,610,400,662,394,712,407,745,443,523,476,528,528,533,579,538,633,463,668,497,679,532,689,563,679,589,668,329,490,363,470,401,469,435,496,400,500,363,500,587,496,622,469,658,467,688,489,661,498,625,499,377,747,436,733,492,728,529,736,563,729,610,736,654,747,612,797,566,821,529,826,490,822,434,799,391,752,493,750,529,755,564,751,638,752,564,786,528,791,491,788,25,0.000666820172927226,20.646349233177702,0.9955608687533439,2325.731261478584,0.37601970349666786,256.4348379282006,9282.27869668118,8.529092996537367,11.27344058555265,0.0007311760281484138,3.0070227373681013,-0.5032265653642951,0.9997116023896329,13960.0,9854.0,10810.0,12057.0,12970.0,13287.0,14320.0,15202.0,15071.0,16689.0,17789.0,18193.0,15901.0,14971.0,15953.0,18895.0,15265.0,10680.0,7294.0,4301.0,3328.0,1655.0,908.0,303.0,3.0,2.0,0.0,0.0,0.0,0.0,0.0,0.0,4473.0,2820.0,2883.0,4543.0,5769.0,6835.0,9399.0,10404.0,10922.0,11507.0,12229.0,14612.0,15504.0,14212.0,14790.0,13796.0,14087.0,16066.0,16122.0,15379.0,15083.0,17578.0,15440.0,7962.0,4277.0,2268.0,696.0,3.0,2.0,0.0,0.0,0.0,763.0,948.0,854.0,1094.0,1268.0,1310.0,1557.0,1744.0,2332.0,3626.0,3632.0,4642.0,6402.0,8105.0,9106.0,9353.0,11488.0,12217.0,13799.0,14965.0,13798.0,13732.0,12839.0,14254.0,17304.0,18779.0,16837.0,16100.0,20390.0,15210.0,7596.0,3617.0
240,488,240,559,244,627,250,697,274,764,318,824,372,877,434,928,506,943,578,927,645,882,709,835,760,776,785,706,792,633,800,562,805,488,273,447,310,415,362,405,415,415,464,437,552,437,603,414,657,403,713,411,753,445,508,482,506,533,504,584,502,636,443,660,473,669,504,679,538,669,570,661,336,489,368,477,400,479,432,498,397,498,366,495,589,497,622,480,654,478,686,488,656,495,624,497,361,715,412,708,465,708,505,716,547,708,607,711,665,716,611,784,551,816,506,821,462,815,408,782,377,721,464,731,505,737,547,732,651,722,550,779,506,784,464,777,250,0.0006340647672512903,46.617282282041536,0.9878742386284853,1922.4674735424596,0.31492764525592765,330.2811172017458,7643.252611887812,8.345736570453239,11.483380793419887,0.0005248459050647533,3.41684126320889,-0.4376590680168346,0.9990919066271728,31.0,367.0,1053.0,1568.0,1651.0,1617.0,1967.0,2532.0,3440.0,4766.0,5787.0,6810.0,7655.0,8631.0,9802.0,11346.0,13098.0,15836.0,17907.0,17208.0,17466.0,15483.0,14750.0,13031.0,12359.0,11231.0,10408.0,6861.0,3067.0,412.0,5.0,4.0,177.0,385.0,1034.0,1580.0,1478.0,1512.0,1739.0,2388.0,2834.0,4012.0,5090.0,5816.0,6994.0,8062.0,9120.0,10975.0,11966.0,13340.0,15659.0,17540.0,16722.0,17649.0,17637.0,14735.0,13848.0,14104.0,12487.0,7269.0,1911.0,75.0,5.0,6.0,3.0,29.0,173.0,649.0,843.0,753.0,824.0,654.0,878.0,1048.0,1286.0,1410.0,1647.0,1998.0,2604.0,3303.0,4015.0,5176.0,6347.0,7542.0,9293.0,10631.0,12237.0,15782.0,18920.0,19776.0,20220.0,18870.0,18471.0,17339.0,19290.0,16138.0
176,488,182,578,190,663,206,745,239,823,295,892,363,948,441,988,519,998,587,980,642,928,689,863,726,795,746,719,757,641,760,566,757,490,262,451,306,410,368,395,431,402,488,423,569,420,617,402,668,396,716,411,739,455,532,478,536,534,541,588,546,644,463,676,499,689,535,701,566,690,593,676,329,485,365,465,404,467,442,495,404,498,363,497,584,495,619,467,657,466,687,487,659,498,622,499,381,765,434,745,489,737,527,746,564,736,603,745,636,760,603,812,565,841,525,848,484,844,432,817,398,768,488,764,526,769,564,763,619,765,564,800,525,808,486,803,251,0.0010301093147183425,14.72449969969167,0.9918020856186861,898.156445758651,0.3559771060917385,247.27382114805624,3577.9012833349097,7.92029666933242,10.651738854292073,0.0007362488077797107,2.9350510280068502,-0.46166092650066437,0.9990851938235787,74.0,246.0,463.0,836.0,2330.0,4673.0,5972.0,8451.0,13355.0,17245.0,22185.0,32011.0,33007.0,25365.0,22292.0,24188.0,22084.0,15213.0,9641.0,6527.0,4141.0,3400.0,1391.0,770.0,708.0,539.0,261.0,17.0,0.0,0.0,0.0,0.0,30.0,244.0,336.0,678.0,1309.0,3188.0,4677.0,5651.0,8646.0,12195.0,15695.0,19926.0,24428.0,33711.0,30715.0,27467.0,26892.0,23785.0,15213.0,9933.0,5204.0,3447.0,1409.0,870.0,728.0,596.0,353.0,55.0,4.0,0.0,0.0,0.0,0.0,6.0,104.0,274.0,521.0,692.0,1056.0,1674.0,2413.0,2964.0,3130.0,3565.0,4831.0,6948.0,9460.0,12909.0,16100.0,23403.0,30820.0,36353.0,29064.0,25199.0,23624.0,20518.0,11458.0,6247.0,3320.0,641.0,90.0,1.0,0.0,0.0
273,475,276,544,281,610,296,676,324,735,365,787,408,837,452,890,512,906,580,903,649,871,714,829,769,774,801,703,812,622,823,542,830,458,282,446,312,417,356,416,402,426,445,447,546,453,600,434,657,430,711,438,758,462,493,500,491,564,488,627,486,690,433,684,459,705,493,720,531,706,566,692,335,479,365,465,403,468,435,498,399,499,361,495,585,506,619,480,658,480,694,500,660,511,621,511,402,717,440,736,474,743,504,754,536,746,586,741,643,729,589,775,538,798,502,799,470,792,438,765,420,729,473,758,503,767,537,762,626,736,537,763,503,766,473,758,252,0.0013967223966143165,44.91347951109267,0.9858807619379331,1591.2446969574448,0.40416760852767813,354.8534459120526,6320.065308318677,8.049480653059971,10.72628046290042,0.0006868813508852618,3.10986844594726,-0.4794876417119073,0.9993578179318486,537.0,727.0,863.0,1300.0,1558.0,1926.0,2385.0,3064.0,3088.0,4138.0,4094.0,4657.0,5423.0,5862.0,6513.0,6825.0,9180.0,11497.0,13701.0,14486.0,14399.0,18641.0,20709.0,16775.0,13256.0,9906.0,7450.0,4027.0,246.0,4.0,1.0,2.0,169.0,443.0,668.0,628.0,667.0,978.0,1271.0,1592.0,2025.0,2731.0,2938.0,3542.0,4528.0,4571.0,5180.0,6395.0,7238.0,7588.0,9310.0,11925.0,14401.0,17286.0,20130.0,24531.0,21619.0,17004.0,10877.0,6516.0,480.0,8.0,1.0,0.0,35.0,87.0,153.0,206.0,219.0,260.0,277.0,326.0,381.0,493.0,598.0,757.0,904.0,1116.0,1331.0,1523.0,1887.0,2150.0,2429.0,2674.0,3112.0,3826.0,5212.0,5997.0,8352.0,10858.0,15755.0,22350.0,30297.0,35128.0,29262.0,19285.0
192,536,195,617,198,698,211,779,241,852,292,912,360,954,439,981,525,985,603,971,665,935,716,884,750,817,770,745,777,675,775,604,770,535,278,476,314,429,372,403,437,398,496,414,547,419,598,405,654,409,703,430,727,474,522,471,524,517,527,561,531,610,457,660,490,669,525,677,557,670,586,659,343,487,373,472,404,469,437,486,405,487,374,489,589,486,623,471,650,474,674,491,647,491,620,488,410,774,458,748,499,736,528,740,555,735,588,744,622,768,588,779,556,782,527,784,498,784,458,783,427,770,498,757,528,759,555,756,609,764,555,763,528,766,499,766,253,0.00034289032859214735,123.94503385348172,0.9431972709140888,1091.0420826135223,0.20406636484517854,210.081356561022,4240.223296600623,8.03509745915085,12.212752425527203,0.0003459472236220923,4.309451028815055,-0.2696126286779596,0.9878282653927625,39.0,1047.0,4414.0,10564.0,13482.0,13096.0,15461.0,19503.0,23432.0,25107.0,25575.0,25503.0,25088.0,23400.0,21144.0,14364.0,8600.0,5568.0,3537.0,1916.0,793.0,284.0,61.0,13.0,0.0,0.0,0.0,0.0,0.0,0.0,0.0,0.0,3.0,590.0,2714.0,5877.0,8413.0,11124.0,11842.0,13335.0,16877.0,20507.0,23047.0,24310.0,25249.0,26803.0,25838.0,22331.0,17727.0,10968.0,6479.0,3843.0,2291.0,1200.0,514.0,100.0,9.0,0.0,0.0,0.0,0.0,0.0,0.0,0.0,0.0,0.0,34.0,465.0,1546.0,2260.0,2632.0,3721.0,5207.0,6808.0,9365.0,10306.0,12182.0,14940.0,18399.0,21731.0,25065.0,26259.0,24376.0,21614.0,18509.0,16480.0,13796.0,11980.0,7713.0,3720.0,1937.0,881.0,58.0,7.0,0.0,0.0
280,494,279,565,286,636,299,708,319,778,352,848,390,915,434,977,499,1002,577,995,652,955,721,899,777,830,817,753,839,669,854,579,864,490,287,462,310,419,359,405,411,411,458,434,540,433,600,408,666,406,727,426,768,469,494,483,488,545,479,605,471,668,421,680,449,698,483,713,523,696,562,682,344,488,371,472,406,474,440,494,405,498,370,498,585,493,618,472,655,472,688,488,656,498,619,497,391,753,424,752,459,751,490,759,527,751,582,754,642,762,588,820,534,845,494,850,460,842,425,814,410,761,458,770,490,776,528,771,622,765,533,807,494,811,461,802,254,0.0005031144139515731,100.20205979587948,0.9803820554920203,2554.1598066148326,0.25404175625177283,279.847043574414,10116.437166663425,8.358644206029126,12.001819572416174,0.0003889879611986952,3.8780368301136408,-0.3708105249318951,0.9976396668555536,1305.0,5281.0,8376.0,6879.0,5394.0,4868.0,4571.0,4614.0,5246.0,6589.0,8381.0,11021.0,12499.0,13742.0,17355.0,18841.0,23071.0,27117.0,25331.0,21239.0,13982.0,8241.0,4942.0,2999.0,1398.0,473.0,159.0,89.0,44.0,18.0,7.0,10.0,723.0,3902.0,7635.0,7200.0,5708.0,4760.0,4501.0,4312.0,4717.0,5432.0,6904.0,9103.0,10096.0,9256.0,10753.0,13517.0,15336.0,17151.0,21994.0,23925.0,25141.0,22271.0,15225.0,7893.0,3926.0,1935.0,543.0,125.0,62.0,25.0,5.0,6.0,5.0,61.0,1089.0,3428.0,4826.0,4530.0,3812.0,3282.0,3384.0,3283.0,3244.0,3198.0,3318.0,3291.0,3938.0,4922.0,5790.0,7468.0,6712.0,6200.0,7363.0,9627.0,11556.0,13544.0,15457.0,21273.0,27651.0,31101.0,30453.0,14596.0,4513.0,1167.0
245,455,250,530,262,606,277,680,297,753,336,818,384,874,439,925,510,943,586,933,654,889,711,831,754,762,778,684,795,605,805,523,809,442,280,437,316,401,370,401,421,416,471,436,539,436,590,415,645,403,702,406,748,435,506,485,506,537,505,588,505,639,449,670,479,677,509,684,538,677,569,670,336,482,369,472,404,474,433,495,400,496,365,494,589,496,619,475,656,474,691,483,659,496,624,498,403,753,439,732,477,720,508,730,540,719,584,734,622,756,585,794,543,819,508,824,473,819,437,795,421,758,476,754,509,758,541,754,604,758,541,769,508,774,475,769,255,0.0011112254906187919,22.524165270183307,0.9936768773227742,1781.8874720722852,0.39616582643576853,272.57439419459104,7105.02572301896,8.242000161427438,10.884776286806147,0.0007296594366488627,2.9938529042177997,-0.49764902753359186,0.9995841057524807,4036.0,2431.0,3564.0,4750.0,5302.0,6178.0,7998.0,12455.0,17963.0,17408.0,15098.0,11901.0,11117.0,12266.0,14664.0,18057.0,22214.0,17504.0,12014.0,6786.0,3613.0,1688.0,960.0,849.0,592.0,211.0,76.0,19.0,3.0,0.0,0.0,0.0,2647.0,2232.0,1910.0,1866.0,2823.0,3764.0,4673.0,5458.0,6467.0,8118.0,11504.0,16888.0,15645.0,15150.0,12599.0,11261.0,12503.0,13869.0,20142.0,22746.0,20834.0,9900.0,4606.0,1623.0,1083.0,900.0,396.0,94.0,16.0,0.0,0.0,0.0,602.0,696.0,1160.0,1202.0,955.0,1141.0,1079.0,1083.0,1108.0,1200.0,1285.0,1712.0,1975.0,2846.0,3291.0,3554.0,4648.0,5642.0,8050.0,9425.0,11788.0,12821.0,11206.0,13019.0,14095.0,14753.0,21996.0,38213.0,23809.0,13687.0,3151.0,525.0
271,472,278,542,291,609,305,677,331,744,369,808,410,870,456,928,518,949,583,940,641,894,692,835,737,768,766,697,784,621,797,541,803,456,293,441,325,415,369,411,413,424,455,445,540,445,589,424,643,415,696,424,740,455,497,496,493,557,488,617,485,678,442,680,464,695,494,706,525,694,556,682,345,483,373,470,404,472,436,495,403,494,371,492,580,501,611,479,645,478,679,492,648,503,613,503,400,720,433,725,473,732,505,740,538,734,592,732,645,731,596,799,545,828,508,832,474,822,434,784,414,729,473,744,506,752,539,747,628,738,542,797,508,801,475,790,256,0.001814112697989483,24.97131898296533,0.991084309387362,1400.4266695286005,0.4469149432393267,195.87211704639623,5576.73535913144,7.859661508452968,10.290952866101904,0.000795127222539787,2.82392598239223,-0.5008786466575426,0.9994335843688905,448.0,1888.0,4175.0,6171.0,10257.0,15588.0,26682.0,30350.0,29046.0,25592.0,20730.0,12770.0,6882.0,2200.0,1134.0,922.0,859.0,811.0,875.0,868.0,1172.0,1470.0,1690.0,1455.0,664.0,443.0,427.0,243.0,163.0,181.0,398.0,501.0,192.0,640.0,1885.0,3460.0,4841.0,7063.0,10217.0,17356.0,27229.0,27540.0,28210.0,26816.0,14298.0,9696.0,7266.0,4735.0,1441.0,769.0,779.0,719.0,773.0,827.0,872.0,859.0,972.0,1282.0,1523.0,1655.0,1096.0,661.0,426.0,957.0,0.0,27.0,265.0,888.0,1294.0,1336.0,1293.0,1910.0,2793.0,3419.0,3740.0,6446.0,12293.0,16411.0,16820.0,21852.0,27108.0,32202.0,22730.0,14145.0,3449.0,1013.0,888.0,800.0,745.0,725.0,801.0,776.0,935.0,1138.0,2191.0,6622.0
199,483,210,561,224,634,242,706,277,767,328,813,390,850,450,878,508,887,566,874,624,843,686,805,733,756,763,694,780,625,794,554,804,481,254,436,291,395,348,380,409,386,469,402,558,401,616,388,673,385,728,399,761,440,515,481,515,516,515,551,515,588,459,640,487,643,514,647,541,643,567,640,326,488,360,464,403,465,437,500,401,509,356,507,586,498,616,464,658,465,692,490,663,506,620,508,409,734,453,717,492,703,516,709,540,703,576,715,615,732,576,761,541,777,515,781,489,779,451,764,428,736,492,723,516,725,540,723,596,733,539,743,515,746,491,744,257,0.0019388300526207007,27.669125610974042,0.9898731667074834,1366.1981272390676,0.501473726070651,320.1771833525322,5437.123383345293,7.9821357542899865,10.19010158489051,0.0008753975400403415,2.7709175088483753,-0.5427042845814913,0.9997157380172301,222.0,988.0,1551.0,1837.0,1872.0,1866.0,2371.0,3141.0,4114.0,5151.0,6968.0,9244.0,13567.0,19025.0,22345.0,25987.0,20457.0,17572.0,18888.0,19387.0,15594.0,12889.0,8643.0,1607.0,47.0,5.0,5.0,4.0,5.0,1.0,3.0,5.0,95.0,448.0,1266.0,1312.0,1452.0,1499.0,1571.0,1431.0,1604.0,2490.0,2783.0,3318.0,4290.0,5815.0,7719.0,10310.0,14945.0,18930.0,21964.0,24197.0,20072.0,20197.0,24198.0,18231.0,15066.0,9527.0,619.0,4.0,1.0,3.0,1.0,3.0,52.0,114.0,672.0,945.0,916.0,1120.0,1032.0,889.0,769.0,582.0,626.0,771.0,922.0,1456.0,1860.0,2164.0,2979.0,3595.0,4424.0,6535.0,9428.0,11720.0,17467.0,21998.0,28176.0,23809.0,24056.0,27877.0,23367.0,14609.0,429.0,2.0
165,491,168,573,177,652,195,728,232,800,291,861,364,907,442,944,524,954,596,935,653,886,701,834,733,770,750,702,759,633,758,567,748,502,264,439,309,407,366,394,423,400,474,421,578,423,621,402,668,393,712,403,737,441,533,482,539,533,546,583,553,635,474,671,507,682,541,691,568,681,591,670,334,487,367,472,403,474,438,496,401,502,365,501,588,499,623,474,657,472,686,489,660,502,626,503,388,749,453,742,505,738,535,744,565,738,601,742,640,745,601,777,566,791,535,795,503,791,451,777,405,751,504,759,535,763,565,757,623,750,565,758,535,763,504,760,258,0.0005845281153445933,80.86289006972945,0.9836845345591883,2478.177008801048,0.3325409670018663,313.8811284637421,9831.845145134463,8.555497242780772,11.626431628619008,0.0005635565596209334,3.3495776675884628,-0.4623793139921304,0.9994677576421036,2237.0,2778.0,4018.0,4025.0,4311.0,5221.0,5752.0,5641.0,7277.0,9587.0,10984.0,11017.0,12014.0,14200.0,14735.0,13695.0,15895.0,16752.0,14870.0,14225.0,15829.0,14258.0,12889.0,11103.0,7549.0,5237.0,2805.0,1959.0,1055.0,957.0,175.0,4.0,784.0,1116.0,1593.0,2763.0,3747.0,3586.0,3552.0,4379.0,4733.0,4804.0,5121.0,6197.0,9959.0,11313.0,10868.0,11526.0,12934.0,14382.0,14192.0,15019.0,17495.0,17849.0,16925.0,17317.0,14211.0,13818.0,9610.0,7167.0,3265.0,1558.0,1128.0,143.0,29.0,203.0,398.0,552.0,680.0,1046.0,1695.0,1918.0,2329.0,2438.0,2396.0,2724.0,3040.0,3112.0,3589.0,4010.0,4439.0,5588.0,8563.0,10728.0,11320.0,12419.0,14950.0,15807.0,15834.0,18044.0,18731.0,17567.0,19497.0,20124.0,15987.0,23297.0
254,496,256,566,268,634,283,702,310,764,352,817,401,865,454,908,517,923,583,913,645,875,700,827,746,772,773,708,787,635,797,560,799,485,275,422,319,399,369,398,416,409,459,428,540,424,590,403,644,395,699,403,747,425,503,490,502,542,502,594,501,647,453,681,479,691,505,699,533,691,560,683,327,485,361,465,401,468,432,501,396,504,356,501,585,500,618,467,658,465,694,485,662,502,622,504,404,755,443,748,480,739,506,749,532,739,575,751,621,759,577,794,537,812,508,815,480,811,444,792,420,761,479,769,506,774,534,771,605,762,534,773,507,776,480,771,259,0.0025221563606822664,26.033464053077573,0.9923034199505872,1692.0621317584637,0.5319532114308567,336.76027395288946,6742.215062980791,8.04003594961843,10.095358246640156,0.0009822666297715128,2.6746162629616155,-0.5687591220917142,0.9998176472266068,621.0,1747.0,2695.0,3212.0,2672.0,2148.0,2148.0,2146.0,2454.0,2444.0,2797.0,3517.0,5032.0,7125.0,11097.0,10900.0,18118.0,21483.0,20345.0,23604.0,22390.0,18270.0,11102.0,10120.0,7388.0,3594.0,1763.0,1590.0,947.0,60.0,0.0,0.0,307.0,857.0,1219.0,1530.0,1513.0,1850.0,2494.0,2369.0,2530.0,2683.0,2501.0,2968.0,3390.0,3960.0,3961.0,4343.0,5318.0,10326.0,11794.0,18113.0,24538.0,29365.0,26312.0,22813.0,17403.0,9613.0,4784.0,2315.0,1885.0,475.0,0.0,0.0,98.0,375.0,604.0,708.0,751.0,629.0,702.0,738.0,752.0,820.0,944.0,1307.0,1996.0,2212.0,2345.0,2366.0,2295.0,2377.0,2273.0,2660.0,3130.0,3964.0,7170.0,14251.0,18532.0,25133.0,31523.0,38818.0,27648.0,14498.0,8898.0,3012.0
152,473,158,561,169,647,188,731,228,805,288,867,363,914,445,945,523,949,585,926,631,872,668,812,697,747,718,680,732,612,737,543,736,475,266,402,318,380,373,378,426,391,474,414,595,411,630,389,666,375,703,373,730,394,538,483,544,537,551,591,558,646,479,677,512,687,544,696,569,686,589,673,324,484,364,462,409,464,440,499,403,507,359,505,586,497,623,463,662,457,687,478,668,500,629,503,392,764,453,755,505,745,533,751,560,741,593,747,621,753,593,789,563,815,534,823,504,823,452,807,414,770,505,775,534,776,561,770,602,759,561,771,534,778,505,777,26,0.0017285419318667425,14.580406425942831,0.99276832120613,1008.2030540269639,0.47336863547595426,244.2266609063704,4018.231809681918,7.917514532463254,10.186295531320678,0.000875472670800351,2.6257789219522794,-0.528637002571256,0.9996355311788241,1120.0,2906.0,3057.0,3696.0,5797.0,9106.0,13489.0,26388.0,39595.0,37037.0,24810.0,19506.0,16428.0,11503.0,9540.0,8329.0,7278.0,8451.0,7802.0,3414.0,809.0,189.0,33.0,3.0,4.0,0.0,3.0,0.0,0.0,1.0,0.0,0.0,154.0,1463.0,1461.0,2151.0,2339.0,3195.0,4255.0,5480.0,8158.0,11062.0,13346.0,20428.0,35825.0,35161.0,25768.0,19522.0,18747.0,11602.0,10471.0,9926.0,10046.0,7868.0,1654.0,184.0,19.0,4.0,1.0,2.0,1.0,0.0,0.0,1.0,18.0,236.0,922.0,708.0,700.0,1095.0,1229.0,1191.0,1166.0,1254.0,1878.0,2778.0,3124.0,3519.0,4432.0,6535.0,8348.0,11277.0,16753.0,26900.0,38451.0,32808.0,28079.0,27982.0,19073.0,12867.0,6831.0,133.0,0.0,4.0,0.0,3.0
284,498,271,564,268,633,281,708,306,778,343,844,386,909,431,964,494,986,573,976,654,939,732,894,800,837,847,766,869,682,874,593,877,503,294,423,320,393,361,385,404,394,444,412,536,409,585,390,642,384,696,397,745,426,484,477,474,520,463,561,453,606,413,654,438,665,468,673,505,663,544,653,331,491,363,470,399,471,434,499,396,499,359,498,580,495,615,471,653,470,691,488,654,496,616,496,369,750,397,721,439,706,474,712,512,705,579,718,643,746,587,817,523,849,481,854,441,849,400,818,386,754,440,742,475,744,513,740,627,750,519,798,480,801,443,797,260,0.0005225759530811585,52.299634854799955,0.9836097232332626,1595.458320368653,0.2936387341195078,248.75623599092012,6329.533646619819,8.308158564079289,11.632706899853051,0.0005290291802354457,3.498964882250937,-0.4098682916606107,0.9985946495225333,1082.0,3270.0,4477.0,6459.0,11771.0,17933.0,22112.0,23694.0,24550.0,23637.0,20383.0,19716.0,18555.0,14721.0,14959.0,13806.0,11615.0,9772.0,7276.0,5353.0,4600.0,3560.0,2223.0,647.0,62.0,8.0,3.0,0.0,0.0,0.0,0.0,0.0,399.0,2543.0,2580.0,2494.0,3268.0,5753.0,7899.0,12402.0,17523.0,20027.0,19630.0,18463.0,19423.0,21433.0,21593.0,19587.0,16776.0,16579.0,15912.0,12048.0,9945.0,7798.0,5662.0,4456.0,1835.0,192.0,19.0,2.0,3.0,0.0,0.0,0.0,2.0,78.0,679.0,1454.0,1378.0,932.0,1147.0,1260.0,1346.0,1598.0,1817.0,2756.0,3986.0,5146.0,7338.0,12346.0,15368.0,16118.0,14976.0,13619.0,14079.0,16157.0,20137.0,24772.0,20558.0,19455.0,19609.0,18795.0,16033.0,10829.0,2366.0,110.0
260,483,260,554,263,626,275,701,297,773,338,835,390,890,442,942,506,960,578,952,649,917,721,870,782,812,820,739,838,656,849,573,858,487,285,431,316,404,358,397,400,403,439,422,552,420,604,401,661,398,716,414,765,444,492,485,488,536,483,587,479,638,436,676,461,686,487,694,519,686,552,679,336,486,366,469,401,470,434,498,398,500,363,498,588,498,621,472,659,471,695,491,661,502,623,502,382,747,419,738,460,733,496,740,533,733,590,737,651,745,594,798,537,823,498,826,460,821,420,796,401,754,459,756,495,760,533,757,633,751,536,787,498,790,461,784,261,0.0024564610687386264,30.239394275188864,0.9880029851421062,1260.4072921772395,0.5138165606336972,354.34497931100617,5011.389774433748,7.913682874023843,10.031926139446345,0.000914998239781925,2.733688713587968,-0.5512837371923609,0.9997310759062217,455.0,764.0,1285.0,1427.0,1574.0,2092.0,2678.0,3208.0,3980.0,4719.0,6099.0,8189.0,9611.0,12283.0,13635.0,15965.0,19671.0,21992.0,21122.0,20390.0,19156.0,13194.0,13912.0,15015.0,17349.0,5624.0,2542.0,1531.0,1255.0,1078.0,508.0,0.0,397.0,363.0,706.0,850.0,872.0,852.0,1120.0,1381.0,1561.0,1872.0,2477.0,3297.0,3961.0,4896.0,5890.0,7698.0,9937.0,11265.0,15090.0,19209.0,24441.0,28477.0,32076.0,24499.0,23849.0,21532.0,7029.0,2027.0,1598.0,1614.0,1413.0,54.0,12.0,57.0,192.0,332.0,442.0,586.0,598.0,570.0,521.0,507.0,527.0,520.0,569.0,748.0,847.0,877.0,1014.0,1228.0,1658.0,2058.0,2689.0,3448.0,4657.0,6502.0,9440.0,12963.0,19700.0,39802.0,60236.0,58605.0,27252.0,3146.0
216,488,227,566,239,641,256,717,288,784,335,840,391,892,451,937,515,949,580,935,636,891,690,839,732,781,760,712,774,638,785,565,795,489,261,456,297,417,353,405,410,413,465,430,563,429,619,414,675,408,728,420,761,458,515,491,516,531,516,571,516,613,461,660,487,667,515,672,542,667,568,660,330,486,364,459,408,461,444,498,406,506,360,505,581,498,615,461,658,459,693,486,663,505,618,506,411,761,450,749,486,739,512,746,539,738,576,748,613,758,579,792,544,807,515,810,487,807,452,794,431,764,486,764,512,766,540,763,593,762,542,770,514,774,487,771,262,0.0011700135758733494,22.245717715185172,0.9884692051056182,964.910034276083,0.38713929141478365,265.4775258756591,3837.394419389144,7.903743294198938,10.59626754818561,0.000700814288194355,2.940217496976919,-0.4664324593995362,0.9991258990902633,3.0,12.0,209.0,1274.0,2296.0,3266.0,6160.0,10697.0,13912.0,20242.0,24192.0,23432.0,25443.0,29398.0,29459.0,20110.0,12541.0,7783.0,3259.0,987.0,488.0,309.0,344.0,291.0,213.0,137.0,62.0,17.0,5.0,1.0,4.0,13.0,0.0,8.0,186.0,914.0,1283.0,1723.0,2892.0,4612.0,6605.0,8735.0,10666.0,12161.0,18217.0,21257.0,20240.0,23057.0,26464.0,29497.0,21302.0,14145.0,7588.0,3568.0,606.0,331.0,232.0,168.0,64.0,13.0,4.0,4.0,6.0,11.0,0.0,0.0,7.0,126.0,454.0,767.0,764.0,1036.0,1210.0,1746.0,1941.0,2684.0,3287.0,4340.0,6011.0,5934.0,6577.0,8303.0,11555.0,16361.0,16520.0,16053.0,17331.0,19686.0,25337.0,26159.0,20106.0,13616.0,7029.0,1493.0,71.0,55.0
211,458,220,537,230,614,244,691,274,762,321,826,378,881,445,930,516,946,585,932,646,881,694,823,736,759,760,687,771,612,778,536,782,460,278,433,321,405,373,402,423,412,473,432,562,436,606,414,657,401,707,406,745,437,518,484,520,538,521,592,523,646,454,669,487,676,520,685,552,675,583,666,336,487,371,477,405,480,436,499,401,500,367,496,592,498,622,478,656,476,690,487,659,495,625,498,372,725,423,714,476,710,518,716,557,709,609,712,652,724,613,783,562,817,519,823,475,817,420,784,385,731,476,733,517,738,558,732,640,730,560,777,519,783,477,777,263,0.0008051133237098459,30.45192911932344,0.9934958878943623,2340.8000919329343,0.3781368778013665,326.8430950156352,9332.74843861239,8.456325653826376,11.255356563985922,0.0006474929266349513,3.149232314165794,-0.49121066308484096,0.9996238440639338,2915.0,1929.0,1384.0,1697.0,2370.0,4347.0,6384.0,8538.0,9492.0,9283.0,10678.0,13067.0,12447.0,11708.0,10841.0,12166.0,12616.0,12869.0,12892.0,11679.0,10606.0,10981.0,12481.0,10988.0,8877.0,5925.0,2622.0,1329.0,850.0,253.0,0.0,0.0,1584.0,1951.0,989.0,970.0,1131.0,1389.0,2061.0,2881.0,4368.0,5018.0,6857.0,8633.0,8851.0,9372.0,11301.0,12448.0,11002.0,11298.0,11853.0,12640.0,12119.0,13120.0,13399.0,11214.0,12548.0,16248.0,14552.0,8937.0,3502.0,1471.0,507.0,0.0,76.0,679.0,820.0,538.0,602.0,503.0,481.0,517.0,454.0,535.0,698.0,820.0,935.0,1028.0,1209.0,1761.0,2608.0,4099.0,5044.0,5949.0,7755.0,9552.0,10898.0,12280.0,14979.0,15417.0,15580.0,15972.0,17171.0,16236.0,14293.0,54725.0
223,486,231,562,243,633,256,705,281,771,329,829,390,874,451,918,520,935,589,916,653,873,712,827,757,771,784,707,796,638,802,570,802,497,261,454,300,420,355,407,412,411,465,430,556,433,608,418,663,414,717,422,760,454,511,480,509,525,508,569,506,615,452,649,479,660,509,669,540,660,569,651,331,490,365,473,400,474,436,498,399,499,364,499,587,498,622,474,657,474,694,491,660,500,624,500,386,721,433,710,480,704,512,711,543,704,592,712,644,722,594,775,546,799,512,803,478,798,433,773,402,726,480,725,512,728,544,725,628,727,545,765,512,768,479,764,264,0.001369475704065985,12.890847878775185,0.9964853098771796,1833.8528247493732,0.4767431314454157,325.7687609604851,7322.520451118733,8.320048926860476,10.542357822864265,0.0008868600468789015,2.6441192678068997,-0.5606323013379203,0.9998462542692678,0.0,139.0,1177.0,2745.0,2734.0,2478.0,2714.0,2733.0,3044.0,4032.0,6003.0,7959.0,8837.0,10830.0,13809.0,15634.0,24624.0,26199.0,19217.0,16652.0,11706.0,10896.0,10250.0,8368.0,7736.0,6225.0,3823.0,2818.0,1990.0,669.0,0.0,0.0,3.0,71.0,523.0,1150.0,1680.0,2518.0,2567.0,2533.0,2516.0,2871.0,3224.0,3989.0,4866.0,7009.0,8374.0,9472.0,11999.0,13449.0,22056.0,25615.0,23690.0,15690.0,11167.0,11464.0,11408.0,9576.0,8624.0,6792.0,6196.0,3880.0,1069.0,0.0,0.0,3.0,118.0,279.0,535.0,832.0,956.0,1069.0,1448.0,1633.0,1926.0,1876.0,1929.0,2309.0,2239.0,2206.0,2674.0,3937.0,5683.0,7774.0,11147.0,12927.0,18136.0,31821.0,28496.0,16377.0,13459.0,14864.0,14082.0,10308.0,10422.0,14576.0
155,513,161,594,172,679,189,759,223,833,289,892,366,936,445,965,530,972,603,958,658,912,703,856,736,789,752,717,760,645,761,575,754,510,250,434,296,391,360,375,425,381,486,402,562,407,608,391,656,385,704,394,730,435,528,477,533,528,540,577,546,628,469,677,504,683,538,689,567,682,593,675,327,483,362,466,397,467,432,489,397,490,361,490,587,492,623,473,657,473,685,490,657,497,622,494,408,769,461,746,506,731,535,740,562,731,597,747,627,770,595,789,565,804,535,808,504,806,461,792,429,770,505,765,534,768,563,766,610,770,562,766,534,768,505,765,265,0.0008564157974462589,109.34502013836858,0.979677318038648,2690.7544811848293,0.37777170606552507,311.73522547042126,10653.672904600979,8.478067073407981,11.489831323003793,0.0005944297834664047,3.4282256592172144,-0.4649935443002669,0.9994578026156045,1146.0,3988.0,5465.0,5213.0,5785.0,5614.0,6231.0,7282.0,7985.0,9068.0,9407.0,11562.0,14115.0,17107.0,22528.0,19471.0,18326.0,18306.0,19252.0,19708.0,19608.0,15290.0,8680.0,8776.0,4557.0,2164.0,1693.0,1135.0,1115.0,157.0,28.0,0.0,1122.0,3844.0,4415.0,3576.0,3874.0,3776.0,3910.0,4261.0,4974.0,5403.0,5760.0,6228.0,7294.0,8858.0,9413.0,10239.0,12834.0,15820.0,21026.0,22517.0,18922.0,18693.0,20325.0,22721.0,20564.0,12122.0,9961.0,4943.0,1848.0,1480.0,35.0,4.0,382.0,2292.0,2836.0,2690.0,2603.0,2260.0,1850.0,1785.0,1852.0,2106.0,2407.0,2682.0,2918.0,3128.0,3587.0,3988.0,4330.0,4983.0,5638.0,6546.0,7742.0,8660.0,10017.0,13169.0,16387.0,24176.0,24467.0,23850.0,29048.0,31609.0,21980.0,18794.0
188,441,192,538,204,630,225,716,264,794,321,866,381,930,450,977,523,984,587,957,636,894,679,826,719,758,747,686,760,613,767,540,768,465,264,441,315,416,372,414,428,426,479,451,574,451,614,427,661,413,709,410,748,432,530,493,531,559,533,624,535,691,455,689,490,707,529,721,563,705,591,684,330,487,367,473,404,475,440,497,403,500,366,499,590,495,625,470,661,466,693,478,664,490,629,494,359,725,421,735,482,741,522,749,561,737,606,728,649,717,608,800,564,843,522,854,478,849,418,811,376,733,482,754,522,760,562,750,633,729,562,804,522,816,480,811,266,0.001649268233715397,14.692367503149,0.9944126205730957,1314.8589538266165,0.44641562899819515,199.465139822896,5244.743447803312,8.005815733910877,10.394342336918864,0.0008824285042916017,2.700522358260531,-0.5172404744567072,0.99960824325833,122.0,2316.0,5863.0,5871.0,12138.0,15524.0,20921.0,32498.0,45935.0,40901.0,16362.0,7509.0,5972.0,5558.0,4472.0,4375.0,4759.0,4483.0,4005.0,2781.0,1254.0,777.0,428.0,239.0,45.0,13.0,1.0,2.0,0.0,0.0,0.0,0.0,43.0,636.0,3471.0,4410.0,4238.0,6634.0,11803.0,17771.0,22088.0,26101.0,30708.0,38676.0,22869.0,11421.0,6949.0,5621.0,4592.0,3892.0,3943.0,3600.0,4323.0,4529.0,3254.0,1915.0,904.0,484.0,202.0,41.0,6.0,0.0,0.0,0.0,0.0,1.0,447.0,1991.0,2180.0,2472.0,2638.0,2773.0,2823.0,3489.0,6341.0,11066.0,14355.0,19335.0,27407.0,30404.0,28725.0,26386.0,15312.0,6666.0,3824.0,3434.0,3560.0,3357.0,2861.0,3153.0,3408.0,4463.0,5633.0,3991.0,2061.0,568.0
286,484,280,550,283,615,296,681,322,742,357,798,399,853,441,909,495,932,559,927,629,891,698,847,757,792,800,728,825,652,841,575,850,494,293,432,317,405,357,402,398,410,438,427,548,430,604,412,662,407,718,418,764,450,486,482,478,532,470,582,462,632,426,656,448,670,475,682,507,672,540,663,340,478,369,462,403,464,434,488,400,487,366,486,586,491,620,470,657,470,691,488,657,494,621,494,405,723,430,717,461,716,487,724,518,719,569,725,628,734,572,775,520,795,487,795,458,789,429,766,423,729,460,741,487,748,518,746,608,737,519,758,488,758,460,750,267,0.0020946495611503533,15.807562152124998,0.9880543551739407,661.9081948996595,0.457074479891022,228.3623947977768,2631.8252174465197,7.565917012542368,9.883205461149329,0.0008416469117814391,2.6710400279448203,-0.496062571938234,0.999182632558326,38.0,628.0,2121.0,2665.0,3285.0,4551.0,6360.0,8748.0,10179.0,15224.0,22842.0,31314.0,33256.0,30561.0,28037.0,17942.0,5575.0,2873.0,633.0,107.0,57.0,46.0,6.0,5.0,2.0,2.0,3.0,4.0,1.0,3.0,2.0,12.0,2.0,178.0,1078.0,2208.0,2809.0,3484.0,5407.0,6917.0,8378.0,10410.0,14625.0,19750.0,29693.0,32587.0,29344.0,29391.0,22531.0,6146.0,1789.0,218.0,80.0,9.0,12.0,5.0,3.0,3.0,2.0,2.0,3.0,3.0,2.0,13.0,5.0,9.0,42.0,351.0,688.0,873.0,1075.0,1327.0,1895.0,1947.0,2322.0,3488.0,4431.0,6068.0,8813.0,10984.0,17112.0,21866.0,25275.0,31104.0,31830.0,33603.0,13636.0,6323.0,1902.0,75.0,13.0,2.0,1.0,5.0,8.0,9.0
135,459,137,549,144,638,166,720,210,793,276,854,352,900,434,933,500,937,548,916,575,861,603,805,632,746,660,684,685,620,695,557,692,493,293,450,344,430,401,416,459,419,515,434,599,431,628,412,660,396,689,391,707,407,558,482,565,535,573,590,581,645,503,676,531,683,557,691,580,682,596,666,360,491,397,471,437,468,462,493,432,505,395,506,584,483,612,451,648,446,668,462,653,485,619,489,419,769,470,757,519,747,542,754,561,745,581,749,588,759,575,798,558,824,536,833,510,832,464,815,438,772,517,772,540,773,559,767,573,765,558,775,539,784,516,785,268,0.0010641097668261082,29.075704866110343,0.9889357520069849,1314.4315562599368,0.3784360326660714,294.8732565520186,5228.6505201736545,8.05757899192783,10.808071379345716,0.0006655018069513011,3.0448902199327756,-0.4696945669256472,0.9992769360065696,366.0,1225.0,1811.0,2117.0,3201.0,4624.0,5167.0,6513.0,10248.0,13998.0,16099.0,19490.0,24605.0,23641.0,18430.0,20572.0,22062.0,15307.0,7359.0,5110.0,2235.0,700.0,241.0,87.0,53.0,29.0,24.0,9.0,5.0,4.0,7.0,8.0,25.0,299.0,822.0,1239.0,1455.0,1621.0,1986.0,2734.0,3768.0,4913.0,5854.0,7257.0,9141.0,11588.0,13499.0,15922.0,18528.0,19794.0,20286.0,18647.0,23132.0,23669.0,11539.0,5659.0,1596.0,236.0,72.0,35.0,11.0,5.0,6.0,9.0,0.0,4.0,34.0,282.0,576.0,923.0,866.0,983.0,1010.0,1093.0,1398.0,1794.0,2033.0,2397.0,2983.0,3583.0,4071.0,5295.0,6498.0,9197.0,11674.0,12956.0,14497.0,15536.0,16764.0,18420.0,18411.0,18835.0,26799.0,21252.0,4875.0,308.0
268,488,269,559,274,634,288,707,312,782,353,849,400,911,452,964,519,984,597,972,671,930,743,874,803,805,844,724,864,637,874,548,878,457,289,441,318,406,364,398,414,407,459,428,527,428,584,407,646,394,708,403,758,435,491,475,487,529,483,582,478,637,431,661,457,676,487,687,523,676,557,665,338,484,366,465,404,466,441,489,404,496,366,497,574,491,611,466,651,466,688,483,653,497,613,499,388,747,421,729,462,720,495,728,532,720,590,728,651,747,596,812,539,841,499,847,462,838,424,808,402,750,462,739,496,744,532,739,635,749,536,800,498,805,463,798,269,0.0013588363802540307,48.35255905975438,0.9892818388472306,2255.7798502075602,0.4268345275756022,295.0744957617994,8974.766841770484,8.261139504195183,10.844798941922852,0.0008028761196927668,3.0000052315550176,-0.5075086868091685,0.9996458853089766,28.0,669.0,3512.0,4620.0,3991.0,3204.0,3666.0,5455.0,7027.0,7107.0,7159.0,8258.0,8967.0,10024.0,11478.0,13061.0,15496.0,21690.0,24553.0,27317.0,26666.0,22182.0,17846.0,11590.0,6311.0,1452.0,1052.0,1159.0,350.0,2.0,0.0,0.0,61.0,1357.0,3950.0,4758.0,3596.0,3130.0,3357.0,4743.0,6601.0,6484.0,7177.0,7282.0,8528.0,8451.0,8830.0,9406.0,12410.0,16284.0,22998.0,28014.0,30903.0,22518.0,24324.0,17261.0,7243.0,2896.0,1086.0,1033.0,1122.0,89.0,0.0,0.0,15.0,385.0,2042.0,4133.0,3973.0,3294.0,2690.0,2696.0,3212.0,3590.0,4665.0,4171.0,4285.0,4918.0,5996.0,5780.0,5779.0,4924.0,5117.0,5454.0,6520.0,8096.0,11570.0,20544.0,37541.0,39990.0,37995.0,22705.0,10222.0,3421.0,168.0,1.0
268,502,257,574,257,649,267,726,286,803,323,874,369,940,426,998,501,1020,588,1007,673,969,749,917,810,850,846,773,858,688,866,603,867,517,281,437,311,397,359,386,408,394,451,415,542,410,598,383,661,379,721,397,768,437,494,484,486,540,479,595,471,652,423,678,450,693,482,704,520,694,557,683,334,485,366,465,403,468,438,498,401,497,364,494,585,498,623,471,661,470,698,491,662,498,625,500,377,760,410,737,454,728,492,737,538,730,603,740,663,766,609,832,544,863,496,867,453,860,411,827,394,763,454,756,492,761,538,756,651,767,542,826,495,830,455,823,27,0.0006750496377171235,23.820496299945297,0.9948734854437709,2323.7116437478753,0.37452075753945696,283.74843255888163,9271.026078691571,8.53770893485167,11.354100070125845,0.0006648692617581304,3.062739950021724,-0.49438585012806124,0.9996719893408079,3411.0,6818.0,5788.0,5493.0,5595.0,7593.0,9817.0,13719.0,16375.0,20296.0,24946.0,26673.0,23790.0,20279.0,16447.0,14071.0,13936.0,12956.0,13291.0,12760.0,9960.0,8233.0,6695.0,5472.0,3610.0,1623.0,769.0,356.0,65.0,3.0,0.0,0.0,819.0,3462.0,4363.0,4437.0,4115.0,3828.0,4295.0,5025.0,7482.0,8939.0,11150.0,13636.0,16284.0,19525.0,22423.0,25200.0,19565.0,17676.0,16978.0,14377.0,14471.0,13443.0,13840.0,13578.0,10053.0,9410.0,7340.0,3727.0,1184.0,207.0,8.0,0.0,9.0,200.0,1274.0,1925.0,1986.0,1920.0,1965.0,2244.0,2792.0,2979.0,2818.0,2746.0,2986.0,2759.0,3402.0,4784.0,6470.0,9713.0,12484.0,16838.0,20333.0,20618.0,23960.0,18967.0,17706.0,19443.0,17940.0,17413.0,15998.0,16088.0,14250.0,25830.0
203,463,207,548,217,633,232,713,257,789,303,856,364,913,433,958,510,970,584,953,649,902,704,843,744,773,766,697,779,621,790,544,796,463,262,457,307,425,366,419,423,430,480,446,550,449,601,429,657,421,712,425,753,451,515,483,515,536,517,588,517,643,450,665,481,677,514,688,545,678,573,666,331,485,367,474,401,472,437,489,401,491,366,492,586,489,622,473,656,473,689,484,657,491,623,490,393,758,436,739,481,728,514,736,547,728,591,736,628,756,593,803,551,833,515,838,480,835,436,809,410,761,482,753,515,756,548,752,611,758,548,787,514,793,482,788,270,0.0018693628944587018,12.933280294201534,0.9975442029167694,2633.1005698931976,0.4451202981719711,222.44098360583828,10519.468999278577,8.105853806232876,10.480775084253672,0.000805117057101308,2.7126159639326075,-0.5262912078989933,0.9996881803030699,23.0,873.0,3052.0,3783.0,6206.0,8980.0,22239.0,49207.0,34419.0,17568.0,8770.0,4611.0,4890.0,6896.0,10038.0,10234.0,9628.0,7515.0,7420.0,8170.0,9995.0,7448.0,4523.0,2594.0,1031.0,474.0,306.0,126.0,48.0,34.0,32.0,7.0,41.0,575.0,2157.0,3009.0,4036.0,6260.0,11157.0,26351.0,54876.0,25336.0,13725.0,5494.0,4348.0,4163.0,4407.0,4464.0,5500.0,8128.0,10901.0,9680.0,7959.0,9227.0,9531.0,10041.0,6039.0,2210.0,887.0,369.0,157.0,54.0,50.0,8.0,0.0,30.0,559.0,940.0,1233.0,1281.0,1336.0,2279.0,3405.0,7772.0,18771.0,41054.0,31769.0,18709.0,7056.0,5692.0,4968.0,4328.0,4181.0,4324.0,4191.0,3979.0,4573.0,6660.0,9092.0,9916.0,9025.0,9330.0,10956.0,12623.0,7929.0,3179.0
197,515,204,592,215,666,231,742,262,812,311,873,376,922,448,958,523,967,592,947,650,899,700,841,736,779,755,710,761,638,763,568,761,500,268,456,305,421,357,404,412,405,463,424,575,420,620,404,668,403,711,419,737,453,523,482,527,531,530,580,534,630,465,659,496,668,529,679,557,668,582,658,332,492,365,473,402,475,435,500,400,503,364,502,589,499,621,474,657,473,686,493,659,502,624,503,370,733,424,715,481,710,521,718,561,710,611,714,654,727,615,791,565,821,523,827,479,823,421,796,387,737,481,735,522,739,561,734,636,731,563,785,521,791,480,787,271,0.0012579563581169954,25.721247037546988,0.9880804429384489,1079.2638253556079,0.39192428433442567,305.0563230069239,4291.334054384883,7.94658520447047,10.659489031978284,0.0006778941193856171,3.0278824628526424,-0.46643778907585576,0.9991466368904054,16.0,371.0,960.0,1247.0,1682.0,2206.0,3350.0,4677.0,4950.0,7011.0,11478.0,15888.0,17884.0,21775.0,29562.0,32817.0,31939.0,26496.0,18470.0,10160.0,4793.0,2364.0,1345.0,832.0,637.0,613.0,165.0,54.0,33.0,26.0,24.0,19.0,8.0,195.0,650.0,934.0,966.0,1174.0,1407.0,1690.0,2454.0,3338.0,5171.0,6268.0,7610.0,8707.0,10870.0,16084.0,20058.0,24787.0,29780.0,31510.0,28649.0,22365.0,16149.0,7199.0,2905.0,1097.0,989.0,616.0,96.0,47.0,30.0,41.0,3.0,61.0,196.0,429.0,740.0,721.0,737.0,788.0,755.0,866.0,1008.0,1164.0,1411.0,1847.0,2577.0,3820.0,4178.0,5469.0,7221.0,10137.0,13657.0,16690.0,21430.0,26032.0,29436.0,27379.0,23302.0,20132.0,17358.0,11064.0,3071.0,165.0
194,530,204,616,217,700,229,782,254,858,303,919,369,965,445,999,531,1007,617,995,685,954,742,899,779,832,795,752,796,674,798,594,799,514,262,475,296,430,353,413,412,421,469,436,555,440,610,427,666,421,719,437,746,482,517,480,519,526,522,572,525,622,452,657,487,666,523,674,557,665,589,657,337,491,367,472,400,470,434,489,401,491,367,493,590,490,622,471,654,473,682,492,654,495,622,492,393,765,437,738,486,727,525,734,562,727,606,736,641,760,608,795,565,810,526,814,486,811,436,796,409,763,486,747,525,751,562,747,623,760,563,776,525,781,487,777,272,0.0005048262917841293,92.48878539062412,0.9504769550520213,933.8095050170687,0.23575020877348513,257.3678541727855,3642.7492346776526,7.922523503434717,11.794215173869917,0.0003546452269630101,4.04201919042586,-0.3007733738519455,0.9915123028241176,220.0,330.0,489.0,1028.0,2047.0,3509.0,5653.0,8964.0,14839.0,22930.0,29010.0,28630.0,27982.0,28016.0,26912.0,26517.0,23899.0,19809.0,10931.0,5623.0,2962.0,1420.0,490.0,176.0,69.0,16.0,8.0,6.0,11.0,5.0,5.0,4.0,150.0,164.0,351.0,521.0,1121.0,2049.0,3132.0,4403.0,6523.0,9834.0,14369.0,20004.0,27500.0,30756.0,28784.0,28017.0,27101.0,26256.0,20948.0,19893.0,12000.0,5325.0,2448.0,610.0,165.0,41.0,11.0,15.0,9.0,7.0,3.0,0.0,1.0,81.0,87.0,167.0,366.0,588.0,921.0,1175.0,1533.0,2183.0,3218.0,4665.0,6826.0,8855.0,10926.0,13211.0,15718.0,19279.0,23103.0,25469.0,26743.0,24745.0,20876.0,19826.0,20808.0,21509.0,12342.0,5924.0,1267.0,76.0,17.0,5.0
219,512,219,589,225,665,235,743,260,819,305,888,367,943,437,988,509,1006,582,988,650,941,710,883,755,814,785,739,797,662,804,583,804,503,274,445,304,409,352,395,402,399,448,416,570,417,616,399,667,395,717,408,749,444,511,477,512,520,513,561,514,606,457,650,484,657,513,666,542,657,568,649,336,494,366,481,397,480,432,496,398,496,367,497,589,495,623,479,654,480,684,493,653,495,622,495,373,741,420,718,475,710,512,716,549,711,604,719,650,739,606,815,551,850,511,855,472,849,417,814,388,745,475,728,511,733,548,729,636,742,549,813,511,818,473,812,273,0.0008605081521686611,42.23736627434134,0.9887130987625803,1871.1577796298297,0.3639173056826673,308.5696526815062,7442.393752244992,8.305687173618601,11.200221918839361,0.0006103585639257831,3.23357503548558,-0.4676315732035865,0.9993700288843966,408.0,1239.0,1583.0,2031.0,3501.0,3793.0,3686.0,3974.0,5141.0,6372.0,7701.0,9281.0,10476.0,13520.0,16978.0,18133.0,19356.0,21482.0,22061.0,20159.0,18958.0,19527.0,19895.0,14854.0,9768.0,6452.0,3318.0,553.0,94.0,62.0,11.0,4.0,401.0,1336.0,1281.0,1658.0,2674.0,3760.0,3438.0,3310.0,3993.0,4953.0,5814.0,6845.0,8579.0,10046.0,11864.0,15983.0,19144.0,19648.0,20949.0,22014.0,21885.0,19470.0,21086.0,22566.0,16709.0,9804.0,3561.0,1166.0,317.0,89.0,21.0,7.0,31.0,246.0,346.0,471.0,724.0,1471.0,2260.0,2592.0,2506.0,2337.0,2378.0,2398.0,2988.0,3644.0,4780.0,6131.0,7132.0,7982.0,9019.0,10629.0,14339.0,16532.0,18680.0,18825.0,21720.0,23669.0,26166.0,29388.0,27103.0,14746.0,3087.0,51.0
208,505,208,580,209,656,218,733,240,805,286,864,350,909,423,942,502,954,581,944,650,915,715,877,765,823,792,752,802,677,804,601,801,527,276,459,308,416,361,394,417,395,469,413,558,418,607,398,663,398,715,416,747,454,512,471,511,520,511,566,510,616,445,658,477,666,510,675,542,667,572,657,338,492,367,474,400,473,431,493,398,498,365,498,586,495,618,475,652,475,683,493,651,498,618,498,385,750,434,737,476,728,509,737,542,729,586,738,634,752,585,783,545,791,510,793,475,788,434,776,404,752,475,753,509,757,543,755,617,755,544,756,511,758,477,755,274,0.0006139955139436431,113.44067029451193,0.979848814669541,2814.7003859730994,0.2852566300961462,263.43687825385376,11145.360873597896,8.317328666478751,11.916984747747481,0.00041122296091413883,3.8725418852470304,-0.37527612781836417,0.9977408970560243,99.0,455.0,1950.0,4674.0,9385.0,18264.0,25871.0,26638.0,14890.0,9352.0,8689.0,9269.0,10021.0,10109.0,11668.0,16232.0,22721.0,25396.0,19013.0,14727.0,8460.0,3934.0,1896.0,796.0,356.0,264.0,195.0,160.0,182.0,104.0,55.0,62.0,13.0,237.0,1062.0,2825.0,4581.0,8721.0,13538.0,16191.0,27964.0,17919.0,7964.0,6303.0,6758.0,7311.0,8108.0,8807.0,8897.0,9728.0,11383.0,14231.0,22148.0,27682.0,22375.0,13458.0,4567.0,1708.0,652.0,333.0,204.0,116.0,61.0,42.0,1.0,36.0,64.0,442.0,1382.0,2166.0,2714.0,3585.0,6547.0,8854.0,8660.0,17169.0,20967.0,10956.0,6344.0,5020.0,4745.0,4774.0,4978.0,5312.0,6243.0,7678.0,8699.0,8995.0,9554.0,11247.0,15114.0,22155.0,30368.0,23359.0,13076.0,4683.0
206,516,210,587,218,653,227,724,251,791,296,844,357,888,428,919,508,929,586,921,649,890,699,845,735,790,753,723,759,654,767,588,770,519,271,431,306,387,365,373,423,383,480,403,567,407,616,383,669,378,720,397,743,447,519,470,521,514,523,557,526,602,458,637,490,644,522,654,552,645,581,637,333,493,364,474,399,473,433,493,399,499,363,500,590,494,623,473,658,473,686,494,658,501,623,499,395,724,445,707,491,697,522,704,551,698,591,709,633,729,591,754,552,763,520,765,486,761,443,749,416,727,489,730,521,734,551,732,613,731,550,727,521,729,489,725,275,0.0006268382969501866,35.44717333101413,0.9861918807269026,1284.576780114,0.27531653828341046,245.96105438599096,5102.8599471249745,8.146106985936385,11.400890001268712,0.0004814448803442718,3.4164382108856666,-0.40604934672991333,0.9983454067393515,803.0,3134.0,5334.0,7330.0,12524.0,17246.0,23555.0,25768.0,26126.0,27501.0,26788.0,22818.0,16547.0,11895.0,7898.0,5545.0,4344.0,3111.0,2186.0,1583.0,1099.0,591.0,359.0,159.0,64.0,41.0,33.0,22.0,18.0,9.0,6.0,17.0,51.0,646.0,2346.0,3114.0,3501.0,3712.0,4601.0,6870.0,8752.0,10644.0,12847.0,15445.0,19065.0,21517.0,23189.0,23436.0,24821.0,23046.0,17498.0,10884.0,6899.0,4796.0,2960.0,1849.0,1063.0,521.0,197.0,63.0,54.0,39.0,18.0,10.0,6.0,59.0,337.0,1082.0,1690.0,1562.0,1662.0,1909.0,2252.0,2999.0,3481.0,4107.0,5881.0,6797.0,6580.0,7631.0,8908.0,10601.0,14093.0,19313.0,21836.0,22063.0,24878.0,27398.0,21822.0,16344.0,10036.0,6203.0,2214.0,523.0,117.0,70.0
250,544,255,606,264,667,271,731,286,791,320,846,371,890,434,928,507,942,582,931,653,900,721,861,771,811,799,749,814,684,821,616,824,550,283,452,309,401,362,382,418,387,470,409,544,410,600,387,660,381,720,399,755,451,506,464,503,507,499,548,496,592,451,642,475,653,501,661,530,653,559,642,338,493,363,469,400,468,435,490,400,499,363,501,589,490,622,465,659,466,688,490,659,498,622,496,407,751,439,714,476,696,505,704,535,695,576,714,618,749,578,781,538,797,506,800,474,796,438,779,424,747,475,728,506,731,535,728,598,747,536,754,506,759,475,754,276,0.0007955231828487314,71.46103381077018,0.9759391309745977,1485.0215752670047,0.3291230681529499,268.1479743258946,5868.625267257248,8.15747118715634,11.229256871418048,0.0005645052633477418,3.3250021793261855,-0.4329243780350934,0.9988550306884338,753.0,1482.0,2915.0,5984.0,9017.0,9716.0,9190.0,10768.0,13159.0,17615.0,24981.0,31826.0,33190.0,26279.0,20957.0,17462.0,10784.0,5867.0,3048.0,1112.0,468.0,273.0,149.0,84.0,61.0,27.0,29.0,28.0,26.0,23.0,10.0,1.0,390.0,594.0,1139.0,1765.0,3193.0,5276.0,6303.0,6450.0,6540.0,5623.0,6368.0,8389.0,9810.0,13258.0,16627.0,19614.0,26859.0,24109.0,20645.0,21308.0,20577.0,16910.0,9649.0,3485.0,1377.0,534.0,245.0,118.0,41.0,33.0,30.0,25.0,5.0,25.0,174.0,619.0,589.0,1021.0,1638.0,2409.0,2826.0,3094.0,3622.0,5144.0,5744.0,5593.0,5736.0,5892.0,7218.0,8454.0,11095.0,16348.0,22202.0,23663.0,20653.0,19863.0,23059.0,23561.0,21343.0,11856.0,2906.0,681.0,154.0,97.0
192,478,198,563,213,646,230,726,261,801,312,863,377,914,442,953,511,960,578,949,632,902,685,849,727,788,751,713,765,637,779,557,784,477,258,438,298,405,355,399,410,408,465,425,567,425,621,410,671,401,722,407,752,442,515,479,517,529,519,579,521,630,462,668,491,673,518,679,544,675,571,668,330,486,362,468,402,470,437,495,399,503,359,504,586,493,618,467,658,466,689,484,662,501,622,501,402,754,439,746,481,741,514,750,544,742,581,749,617,757,582,786,547,801,515,805,480,802,440,786,419,761,481,768,514,772,546,769,601,763,546,766,514,771,482,766,277,0.0006326632859543827,89.91902914681134,0.9803694451978403,2291.2227622128885,0.29579579378475307,330.09410027939236,9074.972019704739,8.396671532262827,11.902314930734903,0.000416928943436419,3.876880684904054,-0.3922333411718535,0.9983666623061553,200.0,1216.0,2509.0,3648.0,3828.0,3887.0,4505.0,5079.0,5757.0,6689.0,7846.0,9515.0,12032.0,13108.0,13286.0,14147.0,13496.0,12357.0,12581.0,13464.0,14221.0,15059.0,19434.0,17656.0,12086.0,10102.0,7746.0,916.0,73.0,32.0,23.0,10.0,17.0,145.0,904.0,1840.0,2439.0,2853.0,2970.0,3233.0,3784.0,4337.0,4878.0,5476.0,6366.0,7238.0,9244.0,10996.0,12879.0,12276.0,14228.0,14673.0,14251.0,14712.0,15450.0,16727.0,18994.0,22423.0,16526.0,11599.0,4738.0,271.0,40.0,1.0,10.0,25.0,91.0,314.0,808.0,1305.0,1585.0,1807.0,1890.0,2049.0,2229.0,2543.0,2933.0,3426.0,3831.0,4061.0,4454.0,4986.0,5831.0,7260.0,9298.0,10663.0,11230.0,12802.0,15234.0,17612.0,18938.0,21781.0,24434.0,31880.0,25500.0,5698.0
207,529,214,606,224,680,240,757,267,829,311,894,369,948,437,986,513,997,589,980,652,936,702,879,737,812,757,741,770,667,777,597,779,526,274,445,308,404,361,382,419,386,473,405,561,409,610,390,664,387,712,408,738,451,521,468,523,518,525,567,527,619,462,668,490,676,522,684,551,677,576,667,338,487,367,465,403,463,439,488,404,494,367,495,585,490,619,465,655,465,684,486,656,495,619,495,400,771,443,756,486,745,516,754,542,745,582,755,624,770,583,796,545,812,516,816,485,812,443,795,416,773,486,776,516,779,543,776,607,772,543,775,515,780,486,777,278,0.0010894321390665955,16.89317262293067,0.9923180499464803,1099.7134629678085,0.3839387720590635,280.51832351450037,4381.960679248306,7.96500313418825,10.639080931776393,0.0008415128848901653,2.9583841981883263,-0.4733934004317108,0.9992402261205428,208.0,495.0,829.0,1690.0,3087.0,3593.0,4350.0,5264.0,6276.0,8667.0,15575.0,21909.0,20383.0,18635.0,19720.0,23399.0,25519.0,25324.0,18107.0,15473.0,16587.0,12246.0,6649.0,3161.0,25.0,1.0,0.0,0.0,0.0,0.0,0.0,0.0,30.0,268.0,514.0,863.0,1411.0,2517.0,3272.0,3807.0,5091.0,5816.0,6628.0,10053.0,18781.0,24004.0,21254.0,19527.0,21123.0,23228.0,26457.0,28391.0,21573.0,17380.0,10422.0,4706.0,55.0,1.0,0.0,0.0,0.0,0.0,0.0,0.0,9.0,90.0,121.0,108.0,304.0,451.0,615.0,741.0,926.0,1286.0,2044.0,2890.0,3174.0,4032.0,4910.0,5732.0,8516.0,14423.0,21527.0,20026.0,20698.0,21089.0,25296.0,28981.0,40169.0,30904.0,16525.0,1585.0,0.0,0.0,0.0,0.0
260,493,263,563,273,634,286,704,304,771,338,833,383,883,436,922,506,933,580,925,647,891,707,847,751,787,774,715,788,638,799,560,804,479,286,463,311,422,360,414,408,424,455,442,549,441,601,417,657,408,714,417,751,459,497,481,495,531,493,578,491,629,443,657,469,668,498,677,530,667,561,656,338,490,367,468,405,467,436,493,402,501,364,502,585,492,618,466,656,465,688,487,659,500,620,499,408,749,443,736,475,728,504,736,533,728,569,735,611,748,570,770,534,782,503,783,474,781,443,770,424,751,475,748,504,752,534,747,593,749,533,750,503,754,474,749,279,0.001765156112867007,16.554646171817097,0.9732327856971705,309.3020773568851,0.33030154478815554,168.20191202471491,1220.6536632557236,7.086293307694554,9.940802733226931,0.000673419581318586,3.04332547431222,-0.3695760418345108,0.9939787301125214,112.0,609.0,2482.0,3844.0,6690.0,13815.0,35287.0,63184.0,52502.0,26209.0,10693.0,4805.0,2226.0,860.0,365.0,139.0,47.0,11.0,5.0,4.0,3.0,4.0,2.0,1.0,1.0,1.0,1.0,2.0,0.0,1.0,0.0,0.0,50.0,349.0,1334.0,2559.0,4106.0,6145.0,9800.0,19485.0,42271.0,53563.0,44979.0,24651.0,8834.0,3639.0,1260.0,529.0,228.0,79.0,17.0,13.0,6.0,1.0,1.0,1.0,2.0,1.0,1.0,0.0,1.0,0.0,0.0,0.0,1.0,19.0,355.0,670.0,1690.0,2037.0,2035.0,2841.0,3748.0,5666.0,9681.0,17450.0,25508.0,28919.0,32894.0,32194.0,25467.0,17015.0,9242.0,4590.0,1281.0,370.0,151.0,55.0,12.0,11.0,2.0,1.0,0.0,0.0,0.0,0.0
223,554,233,622,241,691,253,761,270,826,312,876,370,913,436,939,512,946,590,939,661,917,728,886,777,842,801,781,813,708,818,634,823,558,273,456,303,409,357,388,415,390,470,409,538,408,597,389,661,385,720,408,756,460,505,462,503,505,501,547,500,591,448,652,476,658,505,665,535,658,566,652,331,497,358,472,396,469,436,491,398,499,359,503,583,490,615,467,656,470,689,492,656,500,616,498,404,759,441,732,480,715,508,722,533,714,572,729,615,757,571,772,536,779,509,782,479,781,443,775,420,757,480,747,508,748,533,746,599,755,534,744,508,748,480,746,28,0.0005836277944399131,37.95938569897331,0.9926557535785712,2584.396592361598,0.29657247116402397,282.6054296061825,10299.626983747425,8.517758514433122,11.706015967513821,0.0004931656771604199,3.4231886211129563,-0.4440391868646068,0.9993155909445606,30.0,493.0,1179.0,2384.0,3607.0,4526.0,5175.0,6652.0,8155.0,11256.0,16133.0,22639.0,33675.0,31095.0,24623.0,12769.0,5461.0,3893.0,3755.0,4050.0,4649.0,5447.0,6959.0,8189.0,8238.0,7737.0,9076.0,9614.0,4357.0,3795.0,3771.0,2554.0,95.0,581.0,1334.0,2632.0,3490.0,3840.0,4094.0,5068.0,6743.0,9501.0,10427.0,10946.0,12571.0,17294.0,22345.0,30163.0,27854.0,20334.0,7505.0,4062.0,4415.0,5166.0,6523.0,8045.0,8500.0,7664.0,8369.0,9121.0,6221.0,3351.0,4624.0,3058.0,28.0,255.0,605.0,1545.0,2338.0,2376.0,2173.0,2289.0,2557.0,3206.0,4513.0,5660.0,6557.0,7056.0,7883.0,8911.0,10805.0,14360.0,17903.0,23987.0,27365.0,26300.0,18336.0,9111.0,7259.0,8751.0,9566.0,10632.0,12055.0,8895.0,5138.0,7521.0
190,508,193,586,201,661,217,738,248,808,300,868,369,913,445,947,521,959,592,943,652,904,704,856,742,797,764,728,775,655,780,581,782,507,269,438,307,404,361,396,414,406,463,426,578,425,622,404,669,394,714,404,743,438,525,476,529,523,534,569,538,618,466,647,498,658,531,669,562,658,589,647,333,489,366,469,403,471,438,494,402,500,365,500,591,493,623,468,659,469,687,489,661,498,625,499,379,734,435,712,490,705,526,712,561,707,608,716,648,737,609,791,562,815,523,819,485,814,429,789,394,737,490,729,525,732,561,730,632,739,561,779,523,781,487,778,280,0.0008461801676283362,42.38281562163317,0.9832609533376161,1266.4156475362279,0.3230323489925205,315.04355339859273,5023.279774523264,8.031785364476784,11.150403752288602,0.0005544605211763907,3.3579361179391998,-0.4157302885336509,0.9984105650083277,123.0,784.0,1896.0,2346.0,2270.0,2282.0,2231.0,3273.0,5812.0,9720.0,11976.0,12668.0,14997.0,18156.0,20781.0,22341.0,23731.0,23697.0,27040.0,22082.0,14202.0,9385.0,6741.0,3310.0,1175.0,897.0,702.0,218.0,22.0,4.0,3.0,2.0,47.0,162.0,438.0,971.0,1630.0,1766.0,2023.0,2285.0,2409.0,2720.0,3682.0,5219.0,8784.0,11934.0,13613.0,14911.0,18407.0,21177.0,22533.0,25388.0,26961.0,28108.0,23330.0,13920.0,7696.0,2079.0,983.0,1126.0,540.0,21.0,2.0,2.0,1.0,10.0,77.0,187.0,384.0,575.0,732.0,1055.0,1271.0,1276.0,1570.0,1675.0,1669.0,1716.0,1784.0,2222.0,3553.0,5197.0,7066.0,8116.0,8518.0,10771.0,13461.0,18421.0,22862.0,27312.0,29251.0,32860.0,33563.0,23995.0,3647.0,70.0
355,521,337,576,330,636,339,703,352,768,373,834,403,901,436,961,493,987,572,982,667,955,759,914,840,864,892,792,911,703,913,608,917,512,340,405,351,379,378,371,409,378,438,397,512,388,563,363,625,355,686,369,738,399,466,476,449,518,429,559,409,602,407,660,423,671,445,676,472,668,503,660,371,501,386,475,418,473,448,499,418,508,387,511,564,490,592,458,632,455,673,474,637,492,597,494,411,781,408,745,427,725,447,730,469,723,525,738,588,768,535,800,486,817,461,822,440,820,421,806,427,778,433,770,452,767,474,766,564,768,480,775,457,778,437,777,281,0.0014349250084058158,33.23780926300367,0.9883793263539251,1430.611233239515,0.35008240954055525,300.36432954677355,5689.2071236950615,7.85377275908011,10.76761402896786,0.0005775471172434212,3.2628208066193034,-0.43029726721266576,0.9985131146166137,70.0,1261.0,3558.0,3188.0,3088.0,3229.0,3379.0,4274.0,6425.0,7790.0,9351.0,10678.0,14005.0,19129.0,22844.0,26154.0,27904.0,41022.0,35877.0,24593.0,15140.0,6745.0,3054.0,837.0,236.0,109.0,57.0,99.0,55.0,0.0,0.0,5.0,41.0,887.0,2916.0,2910.0,2734.0,2739.0,2844.0,3029.0,3321.0,3856.0,5247.0,7200.0,8982.0,10149.0,11393.0,14873.0,19328.0,22954.0,25562.0,34263.0,50278.0,31671.0,19236.0,6123.0,1192.0,197.0,73.0,100.0,50.0,4.0,0.0,4.0,30.0,429.0,1305.0,1561.0,2026.0,1747.0,1616.0,1827.0,1816.0,2035.0,2123.0,2010.0,2111.0,2241.0,2736.0,3337.0,4131.0,5394.0,6774.0,7525.0,9607.0,14074.0,20563.0,26000.0,31598.0,50931.0,66306.0,20968.0,1250.0,65.0,11.0,9.0
121,532,130,617,135,706,161,789,215,852,292,900,381,933,465,956,549,962,612,945,653,898,683,834,698,764,708,697,714,631,705,569,688,513,271,395,321,356,381,340,445,345,500,371,577,379,612,366,647,365,675,384,687,419,547,455,562,490,581,523,599,559,509,636,540,640,569,647,590,645,609,642,337,471,374,459,410,460,447,480,410,486,371,485,579,497,608,485,640,490,659,510,637,516,606,510,457,758,508,717,552,690,575,698,595,692,618,722,627,773,616,792,594,801,572,802,546,797,507,780,480,755,548,734,572,735,591,737,613,766,594,755,574,754,549,750,282,0.0010510076500362142,20.247580451759415,0.9951108416374578,2070.9613484565025,0.39287713447701034,304.94448675157776,8263.597813374254,8.31104293807209,10.965413064666663,0.000737867946356088,2.962230712383949,-0.5009800523364365,0.9996370296270829,394.0,1133.0,2000.0,2668.0,3018.0,4419.0,5132.0,5083.0,5721.0,7571.0,9156.0,10455.0,12535.0,15096.0,16792.0,17106.0,16692.0,23240.0,34558.0,24146.0,17282.0,14256.0,11060.0,13814.0,12412.0,4719.0,527.0,176.0,184.0,928.0,210.0,0.0,406.0,1257.0,2137.0,2890.0,2424.0,2931.0,4457.0,4717.0,5210.0,5613.0,7339.0,8288.0,8834.0,10361.0,11649.0,11515.0,12807.0,15161.0,15025.0,22820.0,38434.0,27839.0,18653.0,13589.0,14174.0,13043.0,9060.0,598.0,306.0,946.0,0.0,0.0,35.0,759.0,1229.0,1569.0,1419.0,1244.0,1165.0,1711.0,2518.0,3268.0,3456.0,3661.0,5109.0,5627.0,6610.0,6655.0,8042.0,9337.0,9911.0,10026.0,10060.0,11225.0,14420.0,18539.0,24191.0,44179.0,34420.0,21927.0,23864.0,6301.0,6.0,0.0
111,460,115,554,119,645,138,735,183,814,251,877,337,928,428,967,514,977,588,960,635,902,672,835,700,764,717,694,730,626,735,554,732,487,261,461,311,420,378,403,449,412,509,442,557,446,603,423,654,403,704,411,725,452,541,478,550,525,561,574,572,624,479,664,515,671,553,683,582,673,604,658,339,487,376,474,411,471,440,492,408,499,372,498,587,493,621,474,653,472,676,487,653,500,620,499,392,769,459,762,509,757,539,764,562,757,593,762,622,769,591,807,563,820,537,822,506,819,455,804,412,769,508,774,539,777,561,774,609,771,562,785,539,787,508,785,283,0.0004148501148991323,49.66571661591405,0.9872216056038384,1943.5878763499236,0.26277892410440196,232.09066485061658,7724.685788783783,8.453752334944161,11.825779078993767,0.00047540936070419724,3.5375229901878664,-0.41470875073320645,0.9988515025254912,2901.0,5442.0,5718.0,8334.0,11796.0,14132.0,16135.0,18510.0,21548.0,23867.0,22267.0,20738.0,21661.0,16811.0,13495.0,11291.0,10115.0,9066.0,7820.0,5383.0,3366.0,2005.0,1076.0,770.0,673.0,411.0,194.0,89.0,9.0,0.0,0.0,0.0,1340.0,4606.0,4294.0,4672.0,6572.0,8836.0,10785.0,11772.0,13215.0,14325.0,15610.0,18805.0,20580.0,19873.0,18384.0,21182.0,19382.0,14931.0,12402.0,10951.0,8962.0,5806.0,3784.0,2006.0,1076.0,813.0,466.0,167.0,26.0,0.0,0.0,0.0,278.0,1974.0,2800.0,1939.0,2010.0,2113.0,2600.0,3700.0,5082.0,6342.0,6651.0,7216.0,7976.0,8169.0,8685.0,9392.0,10613.0,12740.0,14920.0,15427.0,16564.0,17109.0,17306.0,19024.0,17373.0,16435.0,15223.0,13160.0,6312.0,4383.0,1864.0,243.0
215,450,227,531,243,609,255,687,282,758,330,817,388,870,448,919,516,932,582,916,638,867,691,812,734,752,761,684,771,608,781,533,790,456,262,437,306,410,362,411,415,424,469,444,564,448,613,427,662,416,713,413,753,438,516,497,517,549,518,601,518,654,457,669,486,681,516,694,546,680,574,668,330,485,363,465,406,469,438,501,401,505,358,504,585,502,616,470,658,466,691,485,663,503,623,506,390,725,444,732,487,730,517,736,546,729,588,729,634,722,592,782,550,804,518,808,486,805,441,782,413,736,487,743,517,746,546,742,612,732,548,771,517,776,487,773,284,0.001301289051951615,32.189256966784136,0.9823240319409607,910.788082789818,0.3774741758743063,238.48927512693214,3610.9630741924902,7.814094526852256,10.616797829826265,0.0006531816724849638,3.1027444724615716,-0.44356690838174834,0.9987035331511132,732.0,2280.0,2583.0,2564.0,3119.0,4401.0,8819.0,12090.0,13453.0,16995.0,18600.0,18977.0,22749.0,26683.0,23508.0,15624.0,10845.0,7518.0,4307.0,1950.0,976.0,456.0,286.0,195.0,95.0,34.0,22.0,10.0,5.0,6.0,1.0,11.0,160.0,1495.0,2393.0,2114.0,2329.0,2514.0,3166.0,4883.0,7696.0,11382.0,15306.0,18371.0,21247.0,23562.0,26557.0,29064.0,23064.0,12714.0,6785.0,2795.0,1167.0,623.0,272.0,129.0,47.0,23.0,13.0,6.0,5.0,7.0,3.0,2.0,47.0,358.0,799.0,807.0,886.0,996.0,1428.0,1628.0,1441.0,1529.0,1741.0,2180.0,2835.0,3882.0,4990.0,7429.0,11204.0,14537.0,16101.0,19149.0,25551.0,30698.0,26808.0,19007.0,15545.0,7127.0,950.0,131.0,58.0,32.0,9.0,11.0
201,441,211,522,226,602,246,677,276,748,323,811,378,865,441,905,508,915,573,899,630,853,684,797,729,733,757,663,772,588,787,511,795,432,273,411,322,393,373,386,425,392,469,414,563,416,608,394,658,386,707,390,749,410,516,482,517,538,519,594,520,650,464,678,490,687,517,694,543,686,566,677,332,482,368,475,405,473,436,493,403,502,365,500,587,490,619,473,654,471,687,477,659,496,623,498,414,758,454,746,489,735,516,744,542,735,573,743,609,753,574,782,544,799,516,803,488,800,453,785,429,760,489,761,516,764,543,760,593,756,542,760,516,765,489,761,285,0.0021900278855895273,15.800384198114713,0.9932894889794284,1177.2836287254768,0.5399132049467915,352.19812643380646,4693.33413070381,7.940208200662573,9.952174935289868,0.0010607980360060497,2.5301807650280854,-0.5691979098609825,0.9997979331815973,0.0,10.0,153.0,326.0,580.0,913.0,1108.0,1301.0,1787.0,3351.0,6276.0,7195.0,8039.0,10375.0,13164.0,12706.0,12509.0,13623.0,14869.0,18344.0,23560.0,19483.0,16581.0,14401.0,16954.0,11115.0,2302.0,1407.0,0.0,0.0,0.0,0.0,0.0,9.0,163.0,290.0,442.0,622.0,912.0,1103.0,1139.0,1351.0,1815.0,3113.0,6671.0,7271.0,7401.0,9828.0,12530.0,12420.0,13176.0,13709.0,16155.0,22136.0,23080.0,22586.0,19652.0,16941.0,14494.0,3114.0,309.0,0.0,0.0,0.0,0.0,0.0,4.0,58.0,61.0,98.0,151.0,213.0,281.0,435.0,492.0,508.0,566.0,651.0,733.0,704.0,791.0,1192.0,2056.0,2980.0,4709.0,7048.0,9867.0,12549.0,13151.0,15771.0,19996.0,25355.0,33813.0,36748.0,39536.0,1915.0
220,490,229,564,238,639,248,713,270,781,315,839,369,890,429,937,500,949,571,936,632,892,688,842,736,784,765,720,780,648,790,575,800,499,263,459,297,418,350,398,405,400,458,416,564,412,618,397,673,400,724,420,756,457,512,480,511,534,510,586,510,640,450,667,479,675,510,684,539,675,569,668,326,494,362,471,401,472,436,500,400,505,360,504,586,499,620,472,659,471,692,493,660,504,622,504,375,737,423,729,474,726,510,734,549,726,598,731,646,737,599,791,548,819,508,824,470,819,419,792,391,744,473,746,509,751,548,746,628,743,548,784,509,789,472,784,286,0.0017944517724698653,13.078263571488964,0.9922875204908369,848.0395880223864,0.454608771561476,249.06043143147957,3379.0800885180543,7.814689871648781,10.113522309994583,0.0008833273528057722,2.6695161532781313,-0.5168730580584513,0.9995128993354304,0.0,1.0,39.0,751.0,1267.0,1802.0,3034.0,4165.0,4930.0,7816.0,10614.0,13705.0,18352.0,22858.0,25486.0,23963.0,22190.0,26341.0,25218.0,16427.0,10062.0,4303.0,1680.0,1154.0,589.0,238.0,54.0,8.0,2.0,2.0,0.0,1.0,0.0,9.0,294.0,1004.0,1459.0,2106.0,3309.0,4237.0,5822.0,7541.0,11496.0,15027.0,17980.0,23234.0,27780.0,28413.0,30460.0,31112.0,20193.0,5571.0,1555.0,1738.0,2433.0,1767.0,1340.0,768.0,312.0,84.0,7.0,0.0,1.0,0.0,2.0,4.0,24.0,325.0,666.0,835.0,1299.0,1908.0,2191.0,3133.0,4244.0,5248.0,6709.0,9004.0,13770.0,18398.0,22223.0,30801.0,29969.0,30354.0,29731.0,22256.0,5293.0,1254.0,1553.0,2217.0,1788.0,1181.0,451.0,141.0,69.0,11.0
98,523,111,611,126,696,149,776,192,847,260,896,349,926,444,935,533,934,600,920,649,887,680,837,697,773,703,711,709,651,709,591,706,530,247,456,299,408,366,386,436,389,498,407,567,409,613,392,661,395,701,418,714,464,539,458,550,497,563,534,577,573,486,640,519,645,551,649,575,647,594,642,331,484,370,465,408,463,437,485,408,490,370,491,579,490,615,471,648,474,667,497,646,502,614,498,421,762,483,730,526,714,550,721,576,715,600,731,620,758,599,763,576,760,550,761,525,761,481,763,440,754,525,736,549,736,574,735,609,751,574,738,550,739,525,738,287,0.0004618974786931233,46.078843197882755,0.9854184865907006,1580.0116645443559,0.27089006582924313,223.74621042046527,6273.967814979549,8.255470211311067,11.570150925716733,0.00045961161943142625,3.4802368138523656,-0.40750602389626545,0.9985266571285596,23.0,270.0,1714.0,7251.0,11159.0,14985.0,18599.0,20213.0,21016.0,18057.0,17695.0,18261.0,18886.0,17163.0,14456.0,14353.0,15015.0,14820.0,12216.0,11861.0,6842.0,1482.0,349.0,50.0,22.0,22.0,25.0,44.0,25.0,17.0,9.0,3.0,6.0,58.0,634.0,3443.0,7898.0,9092.0,11984.0,15562.0,17745.0,17412.0,20316.0,18448.0,18156.0,18745.0,18677.0,16027.0,15273.0,14954.0,15350.0,12729.0,12892.0,8897.0,2162.0,245.0,37.0,19.0,27.0,41.0,37.0,16.0,15.0,6.0,2.0,5.0,46.0,805.0,2224.0,4134.0,4679.0,5644.0,7125.0,9296.0,10088.0,11769.0,13049.0,12857.0,14045.0,16752.0,17522.0,18233.0,18569.0,16229.0,14846.0,15271.0,17267.0,19083.0,17283.0,9006.0,924.0,41.0,34.0,34.0,22.0,19.0
117,477,117,572,121,665,142,756,181,837,250,901,335,951,427,986,519,995,598,974,656,921,700,856,736,788,755,714,768,639,768,566,762,491,248,440,301,399,370,383,438,387,500,411,574,411,622,391,673,386,721,401,742,442,538,482,544,540,552,597,559,656,466,686,506,699,544,709,577,700,605,684,328,487,366,468,406,468,442,492,406,496,366,496,585,492,620,466,657,466,686,486,659,495,623,496,384,764,445,756,501,751,536,760,572,751,609,756,636,764,607,801,574,825,537,831,498,827,443,805,403,769,501,778,537,782,572,777,617,770,572,785,536,791,500,787,288,0.00043349743335856553,28.83091026074734,0.9928224566575106,2008.5827368624996,0.2771772663739016,254.17046317459688,8005.500037189238,8.441462523475158,11.708277402593977,0.0005302475407013224,3.421848126316842,-0.4277787877920847,0.9990452109521956,393.0,1874.0,3854.0,4075.0,4512.0,7809.0,11061.0,13821.0,16931.0,20260.0,23510.0,26019.0,25520.0,22694.0,21568.0,18972.0,15814.0,12738.0,11020.0,12310.0,15010.0,12050.0,9302.0,6609.0,2510.0,259.0,17.0,0.0,0.0,0.0,0.0,0.0,179.0,1107.0,3268.0,3978.0,3755.0,5641.0,7930.0,11587.0,13136.0,15463.0,17527.0,20621.0,23081.0,23415.0,22238.0,22375.0,19644.0,17153.0,14007.0,10698.0,9563.0,11940.0,14643.0,12712.0,10926.0,3832.0,91.0,2.0,0.0,0.0,0.0,0.0,18.0,300.0,727.0,1708.0,2645.0,2240.0,2337.0,3349.0,4018.0,4584.0,6697.0,8699.0,10812.0,12953.0,14645.0,15581.0,17684.0,19596.0,21080.0,21069.0,19737.0,18891.0,16708.0,13672.0,11898.0,12033.0,15294.0,16346.0,14846.0,9388.0,952.0,5.0
166,484,174,569,189,652,203,736,236,810,295,870,369,917,446,953,524,962,595,940,651,886,704,834,744,774,765,705,773,631,776,556,774,482,260,440,306,408,364,392,422,395,475,414,572,413,617,395,665,391,712,401,744,433,526,483,530,537,535,590,539,643,466,674,498,684,533,695,564,684,590,673,328,491,365,468,404,470,441,501,402,505,362,504,586,499,620,467,657,465,689,487,661,501,624,502,378,747,439,735,494,728,529,736,561,728,605,734,644,743,606,782,564,806,529,811,492,808,437,787,398,751,493,764,529,767,562,763,624,748,562,764,528,768,493,765,289,0.0020016469867056054,17.125648397303806,0.9915298234403024,1011.3904821810556,0.46108340836458633,301.63503261271325,4028.4362803269287,7.788398239867933,10.047566533166725,0.0010219922240942805,2.728210814840984,-0.5205321101798877,0.9995226675990925,33.0,496.0,1123.0,1743.0,2471.0,3066.0,4004.0,4669.0,7072.0,10922.0,17870.0,24063.0,29545.0,29583.0,30684.0,30053.0,21164.0,15388.0,11045.0,8929.0,7110.0,5267.0,5426.0,2413.0,37.0,4.0,1.0,1.0,0.0,0.0,0.0,0.0,15.0,327.0,983.0,1496.0,1534.0,1683.0,1983.0,2507.0,3342.0,3830.0,4523.0,5798.0,7734.0,10397.0,14856.0,20209.0,27117.0,33989.0,37715.0,34128.0,24495.0,17004.0,10467.0,6900.0,1150.0,0.0,0.0,0.0,0.0,0.0,0.0,0.0,1.0,46.0,206.0,429.0,807.0,861.0,1056.0,1002.0,892.0,970.0,1299.0,1578.0,1851.0,2257.0,2581.0,2685.0,3092.0,3640.0,3750.0,4808.0,6181.0,9775.0,13525.0,20114.0,30908.0,44461.0,52285.0,40792.0,21523.0,727.0,80.0,0.0
174,520,172,604,174,686,190,769,226,845,280,906,351,957,432,992,525,1000,611,989,673,945,724,888,759,823,777,749,784,668,784,589,779,513,247,454,285,408,345,385,412,384,476,401,569,402,623,386,680,392,729,419,747,471,528,464,532,510,536,554,541,601,468,646,501,655,535,664,564,657,592,646,331,487,362,464,402,462,440,484,402,493,363,495,588,486,624,465,663,467,688,491,662,500,623,496,401,747,443,730,494,722,530,729,563,723,605,731,641,751,606,781,566,793,532,796,494,793,444,779,420,750,494,751,530,754,564,751,624,753,565,757,531,758,495,754,29,0.0006056917529369589,66.17304753420864,0.9851875792191312,2234.0679052412816,0.2966470984508117,202.4925239328137,8870.098573430914,8.332274696561882,11.742940608255278,0.0004337290375217049,3.743373943783416,-0.39976058238942985,0.9984350092473607,7253.0,18279.0,20550.0,18613.0,17130.0,17246.0,18224.0,21267.0,21254.0,19993.0,19932.0,18950.0,20393.0,26039.0,24464.0,15365.0,5344.0,1808.0,383.0,206.0,135.0,80.0,53.0,10.0,3.0,1.0,4.0,1.0,3.0,4.0,3.0,11.0,2530.0,11337.0,14539.0,13691.0,12904.0,12248.0,11531.0,11654.0,13103.0,14551.0,17170.0,19186.0,18780.0,17955.0,17222.0,16314.0,18121.0,26749.0,25180.0,14233.0,3153.0,549.0,117.0,82.0,63.0,15.0,4.0,3.0,1.0,3.0,7.0,6.0,269.0,4695.0,9763.0,10573.0,9647.0,8805.0,7757.0,7348.0,7128.0,7130.0,6888.0,7007.0,7580.0,8297.0,9682.0,11176.0,13179.0,14802.0,16932.0,17359.0,17681.0,16587.0,16884.0,23761.0,27805.0,19884.0,4109.0,210.0,44.0,3.0,5.0,11.0
224,522,232,594,243,665,256,738,275,807,313,869,367,918,432,955,509,964,587,957,654,923,707,875,744,810,764,737,775,663,785,590,791,515,275,470,303,421,357,397,418,395,477,409,544,409,598,394,656,394,710,413,741,458,508,459,507,505,505,550,504,598,453,655,479,664,508,671,536,665,562,656,341,491,368,473,401,470,435,486,402,492,369,495,582,483,614,466,647,467,676,484,647,490,614,488,409,769,446,747,481,734,509,743,536,734,571,747,612,769,572,783,537,786,508,788,480,786,447,781,425,767,480,759,509,763,536,759,596,767,536,760,509,764,481,760,290,0.0005437973544600433,151.06325209755144,0.9400115584989301,1259.1143439769894,0.27538880510692015,218.30892751933652,4885.394123810409,8.137622184127082,11.860422374871597,0.0004097048743316051,3.9197159716361383,-0.3442082832143355,0.9960294924951343,306.0,665.0,2219.0,4603.0,7454.0,10495.0,13607.0,16936.0,18529.0,25042.0,32216.0,23546.0,18954.0,20597.0,21384.0,14453.0,9735.0,7761.0,5250.0,2430.0,1443.0,746.0,524.0,380.0,233.0,96.0,35.0,23.0,13.0,7.0,6.0,5.0,297.0,777.0,1942.0,3695.0,5571.0,8306.0,10518.0,12726.0,15887.0,17284.0,24789.0,30503.0,22872.0,16603.0,15371.0,18158.0,19365.0,11999.0,9001.0,6991.0,4163.0,1247.0,608.0,403.0,331.0,156.0,58.0,29.0,23.0,8.0,11.0,1.0,11.0,65.0,425.0,738.0,1258.0,1669.0,2017.0,3160.0,4286.0,6117.0,7628.0,10127.0,12282.0,13251.0,14979.0,17205.0,20007.0,22088.0,19986.0,14892.0,13155.0,13436.0,15419.0,15313.0,10934.0,7772.0,6195.0,2757.0,1299.0,781.0,327.0,114.0
210,500,210,584,216,669,228,754,256,833,305,898,368,950,437,995,514,1011,591,997,663,955,726,899,775,830,806,748,819,661,826,573,826,485,266,467,300,419,359,402,421,408,477,431,541,435,598,412,663,405,726,424,763,471,508,478,507,527,506,576,504,628,443,662,474,674,508,685,543,674,575,664,339,486,369,476,400,474,432,487,400,491,369,493,592,487,626,473,657,476,685,488,655,493,623,492,394,759,435,740,478,732,511,739,545,732,589,740,630,761,592,808,548,827,511,831,476,826,435,807,408,761,478,749,511,752,545,750,615,762,546,794,511,797,478,792,291,0.000504854287526373,50.77648925872127,0.9862879243404739,1851.5316036945042,0.3008461998270749,243.79280034150315,7355.349925519293,8.421279200390515,11.69598486188323,0.0005164025704912125,3.5163678815889754,-0.4252977980716943,0.9989993979305429,33.0,267.0,1670.0,5800.0,7221.0,9720.0,13797.0,15958.0,16383.0,18455.0,19463.0,18857.0,20238.0,21322.0,22485.0,18525.0,16269.0,15153.0,15021.0,13513.0,10279.0,7007.0,4121.0,2779.0,1717.0,626.0,145.0,45.0,21.0,2.0,1.0,0.0,22.0,388.0,2007.0,3848.0,5378.0,6118.0,8064.0,11042.0,13598.0,14145.0,15845.0,18083.0,19171.0,19426.0,20409.0,20637.0,21030.0,20086.0,16739.0,16175.0,14839.0,9399.0,6679.0,7921.0,3942.0,1421.0,375.0,92.0,13.0,1.0,0.0,0.0,1.0,190.0,1652.0,3356.0,2928.0,3858.0,4608.0,5499.0,6268.0,7303.0,8564.0,9797.0,10752.0,12136.0,12800.0,13068.0,14298.0,17355.0,18989.0,18478.0,19728.0,22042.0,18702.0,16940.0,13101.0,10953.0,7550.0,9039.0,4903.0,1775.0,256.0,4.0
195,478,200,563,210,644,226,721,256,793,309,858,372,908,445,949,521,962,592,941,647,888,694,828,731,765,753,696,767,625,774,551,774,475,276,443,319,413,373,404,426,413,476,432,566,434,610,415,658,404,706,407,741,436,523,483,526,543,530,603,533,664,460,681,493,692,528,703,561,692,589,677,334,489,366,470,402,472,436,500,400,501,365,500,588,499,621,469,656,466,688,485,659,497,624,499,375,737,430,736,486,735,523,743,559,734,604,735,645,734,604,793,561,822,522,829,483,824,428,796,389,742,486,753,523,759,560,752,632,741,559,788,522,796,484,790,292,0.0012436733661940007,28.257975078238967,0.9895588755613486,1353.1073083395058,0.41310790594497016,371.9647625113733,5384.171258279843,8.036698712949441,10.651272301869035,0.0007339098866263397,2.978327998273916,-0.48729805193772635,0.9994072495215736,185.0,285.0,511.0,700.0,974.0,1189.0,1274.0,1361.0,1744.0,3041.0,4708.0,7326.0,8443.0,7385.0,8034.0,11663.0,18816.0,22759.0,20525.0,19765.0,18984.0,14578.0,13574.0,15502.0,14382.0,11885.0,10498.0,5255.0,2935.0,1023.0,4.0,0.0,95.0,125.0,255.0,344.0,463.0,562.0,700.0,905.0,1120.0,1252.0,1413.0,1627.0,2280.0,3186.0,4797.0,7527.0,8539.0,8400.0,9212.0,13288.0,21384.0,28794.0,22404.0,21683.0,16477.0,17104.0,17379.0,19396.0,12684.0,4489.0,1423.0,1.0,3.0,23.0,70.0,85.0,113.0,225.0,323.0,410.0,433.0,477.0,624.0,622.0,791.0,783.0,775.0,879.0,1065.0,1159.0,1431.0,1892.0,2912.0,6102.0,9065.0,9802.0,12739.0,18590.0,29954.0,23470.0,21564.0,20884.0,19468.0,62575.0
226,491,229,574,238,658,250,741,275,821,319,887,375,943,439,985,516,994,594,984,662,938,720,881,763,815,786,736,795,656,800,576,800,495,273,451,294,400,345,374,401,373,455,392,566,393,623,378,678,375,731,399,754,450,512,473,511,535,510,595,509,657,446,677,476,690,509,703,543,691,573,677,338,486,366,463,406,465,441,491,404,499,363,500,584,489,619,465,658,462,685,484,661,499,620,498,389,764,436,761,478,755,509,763,537,755,579,759,623,761,580,803,540,818,508,821,475,817,434,804,409,770,478,772,509,776,539,773,603,769,538,789,508,792,477,789,293,0.00037864865138025424,73.1792453590661,0.9774112899220226,1620.2488775682978,0.2235008417951432,234.79370808840252,6407.816264914129,8.295714466528414,12.089909542559958,0.00034465136839935265,3.9510095395704035,-0.3449435842461883,0.9964542977754031,633.0,3286.0,6275.0,9443.0,15652.0,21873.0,23843.0,27479.0,31580.0,31899.0,29801.0,26806.0,21873.0,15333.0,9212.0,5858.0,3371.0,2035.0,1289.0,796.0,423.0,191.0,104.0,49.0,55.0,48.0,18.0,8.0,1.0,3.0,4.0,13.0,112.0,1265.0,3061.0,4519.0,6603.0,9902.0,13177.0,13382.0,14948.0,16517.0,18661.0,20611.0,22090.0,23772.0,23645.0,22471.0,23026.0,20201.0,13719.0,7969.0,4701.0,2480.0,1302.0,619.0,260.0,103.0,69.0,40.0,12.0,4.0,5.0,8.0,10.0,137.0,700.0,1457.0,2121.0,2602.0,3661.0,4837.0,5947.0,6373.0,6710.0,6762.0,6474.0,6282.0,7072.0,8135.0,9363.0,10745.0,11463.0,12875.0,14282.0,14028.0,14480.0,15047.0,15362.0,16665.0,17998.0,18413.0,18229.0,16332.0,10211.0,4481.0
270,508,263,575,268,641,280,707,301,771,335,830,380,883,432,930,501,949,575,943,646,911,706,865,755,810,785,744,801,668,811,591,812,515,288,431,322,401,370,397,416,410,456,436,525,429,574,407,630,398,688,403,737,427,496,483,494,539,491,594,488,651,441,677,465,689,492,699,523,691,553,682,336,485,365,459,401,463,433,498,397,498,362,496,581,499,613,464,650,460,686,483,655,496,618,499,394,747,431,739,467,733,495,743,526,736,573,746,628,757,574,800,527,819,495,820,464,814,430,791,411,754,467,754,496,759,527,758,611,761,527,785,495,786,465,780,294,0.0014740810044262787,22.523682946720946,0.9929616510178263,1600.6487730375093,0.4221382637654013,278.77106973703036,6380.0714092032795,8.001153304830217,10.52022570650054,0.0009033344992424618,2.963778419633881,-0.498581841736939,0.9994886131104858,101.0,1416.0,4249.0,6025.0,6206.0,6296.0,5610.0,5027.0,5478.0,6272.0,8774.0,12830.0,15551.0,27156.0,26205.0,21253.0,20383.0,18906.0,16089.0,13824.0,9072.0,1058.0,171.0,4.0,0.0,0.0,0.0,0.0,0.0,0.0,0.0,0.0,2333.0,4444.0,4814.0,4802.0,4291.0,3723.0,3215.0,3049.0,3529.0,3974.0,4341.0,5055.0,5954.0,7429.0,11757.0,15571.0,23782.0,27835.0,26191.0,23034.0,20352.0,19591.0,8352.0,523.0,15.0,0.0,0.0,0.0,0.0,0.0,0.0,0.0,0.0,28.0,405.0,752.0,1009.0,952.0,1065.0,1022.0,1099.0,1221.0,1293.0,1556.0,1935.0,2512.0,3482.0,4792.0,5705.0,6629.0,6971.0,8777.0,13712.0,16701.0,23753.0,26372.0,27214.0,25579.0,26250.0,23649.0,3521.0,0.0,0.0,0.0
221,482,227,562,237,637,247,712,269,785,309,851,365,908,430,957,507,975,584,965,657,928,721,876,769,814,799,740,815,660,825,580,832,497,267,452,295,406,350,391,404,402,455,426,554,424,607,401,665,395,722,410,760,451,502,475,500,525,498,576,495,629,441,659,469,671,500,681,532,670,563,658,333,488,365,468,402,469,441,493,402,500,363,500,583,493,620,470,658,471,692,491,660,503,621,502,383,745,429,737,471,732,504,739,537,734,586,740,639,746,589,794,539,817,503,821,469,816,427,794,400,752,471,746,504,750,537,747,622,751,538,785,504,789,470,783,295,0.0011929796386454695,19.479829291998506,0.9906400207422287,1040.682642173093,0.358345737329296,314.30099520447527,4143.250739400355,7.849713820392464,10.578298123932433,0.0007475850852514433,3.033123926945517,-0.45659091766382687,0.9989321406528007,382.0,423.0,714.0,1203.0,1660.0,2326.0,3604.0,4373.0,5173.0,6841.0,9295.0,13018.0,17295.0,19278.0,21507.0,21690.0,21443.0,27314.0,26371.0,24834.0,20711.0,13739.0,7254.0,3614.0,496.0,12.0,0.0,0.0,0.0,0.0,0.0,0.0,197.0,182.0,295.0,501.0,656.0,1070.0,1533.0,1915.0,2717.0,4145.0,4340.0,5343.0,6681.0,10125.0,14792.0,20656.0,23702.0,23098.0,20251.0,22148.0,34824.0,34527.0,23793.0,12545.0,4170.0,364.0,0.0,0.0,0.0,0.0,0.0,0.0,6.0,51.0,107.0,163.0,170.0,203.0,368.0,472.0,570.0,720.0,864.0,1162.0,1587.0,1978.0,2022.0,2652.0,3176.0,3897.0,5087.0,7482.0,10047.0,15564.0,19251.0,21710.0,26950.0,26836.0,39739.0,43059.0,31875.0,6787.0,15.0,0.0
240,497,241,573,245,651,255,733,277,810,317,879,368,942,430,994,506,1011,590,997,672,954,743,898,800,828,832,751,846,665,852,581,857,496,281,463,307,421,354,403,406,407,455,427,537,427,591,407,651,403,709,421,753,462,495,480,491,535,485,590,480,647,425,673,455,685,490,696,529,685,568,673,336,487,366,474,397,473,431,489,398,488,366,488,585,490,617,474,649,474,684,488,648,490,616,490,376,751,408,730,452,722,496,730,540,722,598,729,652,752,600,809,545,841,498,847,451,839,410,805,389,754,452,747,496,751,540,747,638,755,543,798,498,803,452,795,296,0.0005232382585316184,56.34421868228088,0.9835355822850266,1711.2051515347875,0.2598401433008663,342.38010248907756,6788.476387456871,8.240446423455026,11.693337257401915,0.00041911641133680184,3.6705744404528358,-0.38663590657945307,0.9979960164801791,605.0,1201.0,959.0,1019.0,1070.0,1269.0,1587.0,1953.0,2495.0,3426.0,4046.0,5049.0,6348.0,7595.0,10579.0,17579.0,25178.0,24777.0,20237.0,19076.0,22212.0,21883.0,18398.0,16038.0,15871.0,15869.0,14458.0,9115.0,4650.0,1269.0,49.0,13.0,1065.0,932.0,953.0,885.0,983.0,1152.0,1510.0,1852.0,2276.0,2627.0,3024.0,4036.0,4919.0,6387.0,8295.0,11445.0,16667.0,22393.0,24318.0,20679.0,18018.0,20568.0,20431.0,21991.0,21040.0,19552.0,17510.0,11338.0,7255.0,1714.0,47.0,11.0,143.0,403.0,450.0,597.0,618.0,576.0,575.0,684.0,860.0,971.0,1175.0,1518.0,1618.0,1708.0,1887.0,2493.0,3552.0,4308.0,5749.0,8995.0,13448.0,17495.0,21112.0,21749.0,19832.0,20329.0,23606.0,28045.0,31293.0,30132.0,22436.0,7516.0
204,496,209,572,220,648,234,724,266,795,319,858,381,912,446,959,518,972,582,953,637,903,687,843,730,783,756,714,768,645,775,575,778,501,260,457,294,414,352,401,412,407,468,430,561,429,611,408,666,402,719,417,749,457,518,482,521,533,524,584,526,636,451,658,486,669,523,681,556,667,585,654,330,489,364,473,401,474,435,496,398,497,362,496,588,495,621,473,656,473,688,490,658,495,623,496,362,732,419,718,478,714,519,721,559,712,611,713,657,723,615,793,565,830,520,838,476,834,416,803,377,737,478,730,519,735,559,727,641,728,562,796,519,804,477,799,297,0.0006479080285241171,33.406386643185655,0.9909571029694576,1847.2738894673266,0.3159956741467619,277.66906552449433,7355.689171226102,8.319128041997285,11.398180345528008,0.00056654750590608,3.313327811956878,-0.44386030008235866,0.9991614631328428,309.0,1438.0,3350.0,4092.0,5811.0,8031.0,10414.0,15007.0,16051.0,16003.0,15936.0,14469.0,13023.0,12347.0,14132.0,16890.0,15345.0,16933.0,20768.0,15935.0,6502.0,3379.0,1860.0,746.0,588.0,633.0,176.0,26.0,7.0,0.0,0.0,0.0,47.0,567.0,1855.0,2813.0,3078.0,3183.0,3574.0,4450.0,6770.0,7948.0,10537.0,15082.0,15939.0,16164.0,14831.0,13682.0,12628.0,12736.0,14140.0,18167.0,18047.0,21476.0,18305.0,8669.0,2597.0,796.0,852.0,923.0,326.0,16.0,3.0,0.0,12.0,54.0,486.0,1072.0,1494.0,1707.0,1686.0,1698.0,1636.0,1727.0,1909.0,2596.0,3582.0,4493.0,5496.0,7468.0,10639.0,10296.0,11890.0,13843.0,14897.0,13667.0,13143.0,12871.0,16492.0,20300.0,22556.0,22813.0,20299.0,8894.0,453.0,32.0
269,489,267,556,275,623,285,689,310,753,354,805,405,851,456,894,518,909,583,902,652,872,719,831,773,781,810,719,827,648,836,572,837,497,287,441,317,405,365,393,414,398,462,411,541,411,593,390,651,383,708,391,759,417,497,479,492,524,486,567,479,613,438,656,463,662,489,668,520,662,551,657,338,483,370,471,404,471,434,494,401,497,365,495,587,492,621,471,659,472,698,481,661,495,623,497,404,741,435,731,469,720,493,728,518,721,564,733,620,744,567,774,522,789,495,791,468,788,437,772,420,744,469,747,493,751,519,748,603,745,521,751,495,753,469,750,298,0.0008917088470048744,19.6439811740573,0.9960388079438316,2480.381077601708,0.43753155377582825,290.4285057519063,9901.880329232808,8.550064623873915,11.014505848932085,0.0008134242142571712,2.8756304579630516,-0.5425041636180429,0.9998465141243917,455.0,1750.0,2792.0,3560.0,4634.0,5393.0,6661.0,8041.0,9563.0,9293.0,8998.0,9771.0,12260.0,12193.0,12580.0,13546.0,12547.0,12321.0,13099.0,12079.0,11673.0,11832.0,8444.0,9556.0,11826.0,9148.0,3220.0,169.0,1.0,0.0,0.0,0.0,222.0,860.0,1467.0,2171.0,2900.0,4246.0,4895.0,5660.0,7032.0,7931.0,9174.0,9067.0,8912.0,10312.0,11438.0,11619.0,12817.0,12554.0,12286.0,13278.0,13531.0,12181.0,12974.0,12353.0,10391.0,11780.0,11135.0,4103.0,116.0,0.0,0.0,0.0,10.0,130.0,500.0,618.0,837.0,1363.0,1348.0,2117.0,3342.0,3503.0,3770.0,4449.0,5080.0,6435.0,8089.0,8090.0,8441.0,8978.0,10641.0,11143.0,12790.0,12955.0,13590.0,13952.0,15025.0,15142.0,15954.0,14544.0,13679.0,13557.0,7037.0,296.0
191,532,197,606,204,677,220,746,248,810,295,863,364,900,439,926,517,935,594,924,666,901,728,868,768,818,789,753,799,683,807,614,812,542,274,451,308,408,362,383,419,388,467,411,572,411,621,388,678,385,730,410,759,456,519,473,520,515,521,555,522,598,462,650,490,658,520,664,549,658,576,649,337,493,365,472,401,471,436,495,402,500,365,502,594,497,627,470,662,471,694,493,664,501,627,501,413,765,454,732,492,714,518,721,544,714,582,731,623,761,584,779,548,788,521,790,492,787,456,778,431,760,491,749,518,750,545,748,604,758,546,748,520,750,493,749,299,0.001161744428193077,24.297418244701547,0.9861605373736337,877.9626959262177,0.3729220605145506,317.3043437097172,3487.553365460215,7.860659416568011,10.57963547018285,0.0006633932033297509,3.011121587903396,-0.45900543365516205,0.998974997876555,9.0,57.0,219.0,294.0,431.0,616.0,1376.0,3316.0,6952.0,11857.0,14861.0,18636.0,23914.0,27974.0,30098.0,31063.0,31126.0,26974.0,19849.0,13291.0,5744.0,2466.0,1964.0,1140.0,646.0,238.0,113.0,141.0,134.0,131.0,104.0,158.0,0.0,2.0,173.0,208.0,194.0,323.0,516.0,909.0,1337.0,2273.0,3172.0,4409.0,7052.0,11185.0,14702.0,16633.0,22250.0,27162.0,26709.0,29485.0,30805.0,30478.0,21877.0,13545.0,6158.0,2484.0,1019.0,376.0,124.0,94.0,99.0,139.0,0.0,0.0,0.0,23.0,170.0,175.0,217.0,299.0,588.0,983.0,1263.0,1374.0,1332.0,1408.0,1406.0,1643.0,2391.0,4703.0,7522.0,9452.0,13182.0,15364.0,19663.0,23776.0,26116.0,28434.0,30185.0,30462.0,27365.0,18561.0,6989.0,846.0
283,490,280,553,286,621,293,690,308,758,336,817,378,866,430,908,503,920,587,915,667,883,739,842,794,784,826,714,842,640,852,562,854,487,298,443,319,406,362,395,408,402,449,424,531,427,580,403,637,396,693,408,734,443,490,479,486,526,480,571,474,619,436,665,459,672,485,680,519,672,551,665,341,487,365,469,398,471,430,496,397,498,363,497,586,495,616,472,650,470,681,487,652,497,618,497,396,760,426,741,461,729,491,738,522,728,568,739,623,762,572,779,526,788,492,792,459,789,426,780,411,760,461,751,492,754,524,750,604,760,524,755,492,757,461,754,3,0.0006370677983931905,70.4157268472683,0.9810766644991505,1860.5940912294573,0.30698183274851937,270.6005582629234,7371.960638070566,8.354033327863279,11.544741409147285,0.0005246582852520378,3.4132425053704467,-0.4318501031303099,0.9989962536168915,408.0,1900.0,4526.0,5693.0,5564.0,7459.0,10492.0,12052.0,13626.0,14940.0,19586.0,27020.0,26894.0,23278.0,16509.0,11315.0,9809.0,8869.0,7584.0,5239.0,2119.0,1307.0,735.0,722.0,710.0,855.0,614.0,316.0,109.0,11.0,1.0,0.0,25.0,341.0,2193.0,4511.0,4071.0,3592.0,3510.0,3937.0,5293.0,7374.0,9683.0,9611.0,10552.0,12419.0,14739.0,16652.0,21960.0,27190.0,23188.0,15544.0,10987.0,8950.0,8759.0,6600.0,2944.0,1565.0,1061.0,1212.0,1060.0,580.0,156.0,3.0,3.0,49.0,848.0,2252.0,3258.0,3072.0,2087.0,1734.0,1842.0,2127.0,2411.0,2316.0,2832.0,4170.0,5436.0,7139.0,7410.0,7787.0,8986.0,10659.0,13042.0,14437.0,17125.0,22861.0,26861.0,18953.0,13520.0,11673.0,10217.0,6209.0,5110.0,3836.0
90,478,94,581,101,681,129,778,185,860,266,926,359,976,455,1009,536,1013,602,977,652,909,692,837,722,760,741,687,749,615,741,547,728,484,258,451,314,415,382,396,453,400,516,424,600,424,631,397,671,385,708,390,722,420,558,484,569,532,581,578,593,628,488,674,527,684,568,693,597,681,620,662,327,490,367,469,407,469,446,501,406,502,366,500,589,495,623,462,659,456,688,474,663,490,627,494,366,765,440,739,510,730,548,735,579,725,613,729,637,745,609,811,578,844,544,854,504,853,435,831,381,764,509,751,547,751,579,743,621,748,578,809,544,821,505,823,30,0.0010691660633397782,20.755554451415335,0.9867044181697895,780.5092337974093,0.3487147652849267,208.90923580819114,3101.281380738221,7.827398829506896,10.721946194739118,0.0007584236222926195,3.0907887732122763,-0.4309398411191729,0.9984632070628845,215.0,821.0,2536.0,5014.0,9292.0,17118.0,26362.0,32669.0,41004.0,42121.0,30170.0,25573.0,20467.0,17389.0,15374.0,11644.0,6575.0,4504.0,3100.0,2277.0,1483.0,578.0,132.0,10.0,0.0,0.0,0.0,0.0,0.0,0.0,0.0,0.0,49.0,390.0,1226.0,3108.0,4626.0,7055.0,10628.0,17398.0,23081.0,27944.0,33015.0,46658.0,34431.0,27386.0,24550.0,19525.0,14473.0,9484.0,4656.0,3209.0,2453.0,907.0,162.0,13.0,1.0,0.0,0.0,0.0,0.0,0.0,0.0,0.0,0.0,0.0,3.0,230.0,556.0,1181.0,1925.0,2489.0,3230.0,3934.0,4173.0,7486.0,14852.0,20613.0,23676.0,25562.0,34594.0,44326.0,34961.0,24940.0,22955.0,19315.0,11684.0,6623.0,3381.0,2652.0,916.0,165.0,6.0,0.0,0.0,0.0
189,493,193,577,199,660,215,741,254,811,311,871,378,924,450,967,524,976,592,955,641,901,685,847,717,787,735,719,741,650,746,583,749,515,285,457,325,416,382,399,441,403,498,420,578,421,624,404,673,405,717,423,733,467,537,479,540,532,545,585,549,639,473,670,506,680,540,691,567,681,590,668,346,483,376,464,412,465,444,489,411,494,374,495,587,493,616,467,652,468,680,488,654,499,619,498,411,772,457,759,500,752,532,760,562,751,595,756,623,765,599,808,568,831,536,836,502,833,457,814,430,774,500,770,532,773,563,768,605,769,566,792,535,799,502,796,300,0.0011619293413966968,23.668170987155516,0.9835370693852914,719.0458045881151,0.3332770499957152,295.19255090918506,2852.5150473653084,7.667352027717114,10.604784395923417,0.0005838538883934393,3.1548370722491805,-0.411259028627023,0.9977207867064027,0.0,1.0,3.0,107.0,498.0,1192.0,1744.0,2816.0,4406.0,7117.0,10534.0,15861.0,19443.0,25717.0,28505.0,28564.0,40297.0,34959.0,16697.0,9465.0,3360.0,1375.0,800.0,251.0,59.0,44.0,27.0,4.0,5.0,2.0,3.0,13.0,0.0,1.0,2.0,18.0,90.0,372.0,968.0,1486.0,2412.0,3532.0,4774.0,6569.0,9906.0,14436.0,17432.0,20609.0,26667.0,28195.0,35087.0,39895.0,21677.0,13487.0,4328.0,1398.0,389.0,54.0,45.0,17.0,3.0,3.0,6.0,11.0,0.0,0.0,0.0,1.0,0.0,2.0,9.0,76.0,321.0,742.0,1164.0,1584.0,2091.0,2559.0,3457.0,4184.0,5680.0,7611.0,10830.0,14255.0,16610.0,19235.0,25120.0,26733.0,29214.0,34472.0,25293.0,14401.0,7384.0,778.0,42.0,21.0
218,492,223,575,232,658,243,738,270,814,318,883,374,943,439,991,519,1002,595,988,661,935,717,872,763,802,786,725,791,646,798,566,802,486,263,468,298,420,357,404,416,411,474,427,549,425,605,406,662,401,718,416,752,454,514,477,517,541,519,605,521,671,449,680,483,693,519,708,554,693,586,678,333,491,365,473,402,472,436,494,401,499,365,500,588,492,623,470,660,471,689,488,661,496,625,496,369,747,421,739,476,739,518,747,563,738,614,738,658,747,615,806,565,839,518,847,474,842,419,812,385,754,477,757,519,762,563,755,641,754,563,804,518,812,475,805,301,0.000579274354243886,41.89971469598595,0.9941717367813523,3594.7789505799083,0.30913175904456075,209.69879042037678,14337.216087623627,8.61625585325778,11.826563371737924,0.0004912747680203451,3.4979093496147486,-0.44782148220851714,0.9994008988020333,397.0,3488.0,6596.0,11183.0,13724.0,19474.0,28056.0,28720.0,23566.0,15852.0,12356.0,10011.0,7985.0,7479.0,7367.0,7721.0,7711.0,7558.0,7622.0,7198.0,6446.0,5899.0,6350.0,6386.0,6523.0,4923.0,2396.0,1408.0,942.0,443.0,230.0,95.0,333.0,2848.0,5710.0,9363.0,13105.0,17590.0,25263.0,28328.0,24898.0,17344.0,12465.0,10257.0,7912.0,6801.0,6506.0,6358.0,6563.0,6756.0,6659.0,6813.0,7016.0,6573.0,5787.0,5432.0,5723.0,7543.0,7913.0,4683.0,2242.0,983.0,288.0,50.0,30.0,1707.0,3251.0,4720.0,6894.0,9017.0,11622.0,13694.0,17285.0,21377.0,21555.0,17028.0,12764.0,9865.0,9445.0,8396.0,7156.0,6326.0,5990.0,5931.0,5873.0,5994.0,6035.0,5771.0,5649.0,5716.0,6003.0,5592.0,5345.0,5332.0,8460.0,16282.0
141,523,147,610,154,697,177,781,219,854,283,912,367,949,452,974,535,980,609,965,664,921,710,862,739,791,753,716,759,643,759,574,751,506,260,449,303,403,365,385,428,394,488,420,564,423,613,403,663,391,713,406,732,455,531,469,540,522,551,574,560,628,475,669,509,680,544,689,574,681,599,668,331,489,361,467,398,466,433,491,398,496,361,497,585,491,618,467,653,467,679,489,653,497,618,496,393,771,453,761,501,752,535,760,563,752,598,758,632,770,600,794,569,805,539,808,504,805,456,791,411,771,501,771,535,775,565,770,618,770,567,775,537,780,503,776,302,0.00045530257439880916,43.66417834959914,0.9888723309436308,1962.1760287331017,0.26555391303671094,312.4511487952748,7805.039936582794,8.409390020069072,11.811524405731154,0.00043828368071992843,3.5735386570810093,-0.407404255612967,0.9986653890662545,441.0,1057.0,2151.0,3336.0,3880.0,4611.0,5396.0,7101.0,9360.0,13735.0,14296.0,13315.0,12147.0,12264.0,13241.0,15104.0,16959.0,20490.0,20322.0,20047.0,18914.0,15002.0,11552.0,10583.0,9987.0,9611.0,6941.0,2803.0,306.0,1.0,3.0,7.0,185.0,643.0,1071.0,1796.0,2262.0,3223.0,4085.0,4512.0,5617.0,7173.0,8915.0,10971.0,13245.0,13129.0,12985.0,13427.0,15408.0,17628.0,20401.0,22878.0,21359.0,20741.0,20167.0,14583.0,11208.0,10898.0,9327.0,5586.0,1459.0,74.0,3.0,4.0,20.0,169.0,155.0,128.0,227.0,313.0,393.0,577.0,785.0,1218.0,1742.0,2140.0,2767.0,3284.0,4648.0,6239.0,7262.0,8265.0,9288.0,11255.0,12630.0,12102.0,13806.0,15504.0,16309.0,19771.0,25609.0,29259.0,28800.0,22502.0,20851.0,16945.0
165,528,175,609,191,688,213,764,251,832,310,887,383,927,460,957,536,962,602,940,652,889,697,832,725,768,738,700,745,635,743,572,731,511,259,439,305,400,364,384,427,382,478,409,554,413,595,391,645,390,693,401,722,436,528,474,539,518,551,563,562,608,479,652,515,658,549,666,576,657,601,647,329,493,362,477,395,476,433,497,397,497,362,498,584,498,618,477,651,476,680,494,653,498,620,499,387,739,449,715,507,702,543,708,574,700,612,709,641,729,611,786,576,814,542,820,504,817,446,792,402,740,507,723,543,725,574,721,624,734,573,774,541,781,504,780,303,0.0013326659363173605,21.579445437173444,0.9931415787855538,1573.6915090992052,0.44607988317189673,298.494355874862,6273.18659095966,8.160693708507928,10.635526480441158,0.0007910273289532887,2.894102705099593,-0.5159225763285472,0.9996565361405428,18.0,407.0,1155.0,3086.0,3032.0,3024.0,3263.0,4185.0,5452.0,7476.0,11146.0,14207.0,18363.0,18799.0,17116.0,14922.0,16254.0,17038.0,17847.0,18749.0,21302.0,20292.0,13325.0,8673.0,4320.0,987.0,30.0,17.0,11.0,3.0,1.0,0.0,5.0,298.0,710.0,2446.0,2742.0,2818.0,3254.0,4149.0,4080.0,4218.0,4756.0,7053.0,11215.0,13907.0,15867.0,19987.0,18583.0,15731.0,15578.0,17548.0,20788.0,22973.0,22801.0,19435.0,9338.0,3915.0,244.0,36.0,17.0,5.0,3.0,0.0,1.0,66.0,231.0,567.0,1489.0,1575.0,1658.0,1472.0,1570.0,1746.0,1699.0,1707.0,2161.0,2180.0,2697.0,3424.0,4864.0,8374.0,12680.0,14493.0,20533.0,23739.0,17955.0,18155.0,22975.0,31101.0,30240.0,26462.0,8607.0,76.0,3.0,0.0
185,533,190,614,198,691,213,765,247,828,300,878,367,913,438,937,512,948,585,935,653,905,714,864,758,806,780,738,787,666,792,595,795,522,269,458,308,420,363,404,419,413,470,433,564,434,611,414,663,407,714,421,746,458,519,483,521,529,524,574,526,621,458,662,488,672,521,680,553,672,582,661,330,495,364,472,400,472,435,501,400,500,364,500,590,500,625,471,659,470,691,493,660,498,625,499,377,742,432,726,485,719,519,725,550,719,597,728,645,742,596,783,550,798,516,802,481,798,429,781,391,742,484,739,518,743,550,739,631,743,549,772,517,774,483,773,304,0.0009761893158063592,20.15881628432531,0.9878758423615864,831.2588295808473,0.33230155982734055,219.46996281471593,3304.876502039071,7.813405925124417,10.712044599259665,0.0007181854822996671,3.0827835276045983,-0.42930788556361277,0.998386997163286,848.0,2048.0,2718.0,3737.0,6116.0,10377.0,16925.0,24424.0,25791.0,21893.0,21294.0,24254.0,22038.0,19389.0,17640.0,18259.0,13523.0,8530.0,4165.0,1831.0,490.0,131.0,28.0,22.0,16.0,4.0,0.0,0.0,0.0,0.0,0.0,0.0,574.0,1031.0,1707.0,2115.0,2440.0,3357.0,4277.0,7125.0,10343.0,16362.0,26801.0,33063.0,25958.0,26244.0,26925.0,22824.0,22839.0,19003.0,8773.0,3430.0,1023.0,191.0,26.0,27.0,23.0,8.0,2.0,0.0,0.0,0.0,0.0,0.0,234.0,637.0,938.0,1214.0,1548.0,1383.0,1229.0,1583.0,1861.0,2442.0,4161.0,7403.0,9611.0,13903.0,22367.0,30569.0,29403.0,28302.0,29003.0,27172.0,26079.0,15319.0,7402.0,2187.0,489.0,46.0,5.0,1.0,0.0,0.0,0.0,0.0
226,524,227,597,232,670,245,743,275,806,322,858,381,901,446,937,514,946,579,932,641,894,695,849,735,792,761,730,775,661,780,592,779,522,276,429,316,402,365,390,415,394,462,411,571,406,614,387,660,381,703,393,739,419,512,480,513,538,513,596,514,654,462,688,487,697,512,705,538,697,563,690,334,489,368,466,408,466,436,500,403,507,364,505,586,499,618,466,655,464,680,491,656,504,620,505,405,763,450,758,488,751,513,758,538,750,577,758,617,766,578,800,541,816,513,820,486,816,449,799,422,769,487,778,512,781,538,778,602,770,539,778,514,781,488,778,305,0.0019124737918017956,37.738978521000774,0.983594431226347,1150.1457197282853,0.4277183658709416,327.7831878937477,4562.843900392134,7.822984762471296,10.440247778687795,0.0007696233452806492,3.1338424555739786,-0.4712207890450198,0.9991103764929594,0.0,13.0,156.0,588.0,1378.0,1952.0,1494.0,1193.0,1276.0,1656.0,2611.0,3947.0,5809.0,7723.0,10336.0,16088.0,22118.0,24458.0,30304.0,35330.0,28163.0,26241.0,18173.0,6040.0,1501.0,1886.0,1152.0,10.0,1.0,0.0,0.0,0.0,8.0,99.0,492.0,1118.0,1420.0,1456.0,1311.0,1337.0,1557.0,1995.0,2937.0,4173.0,5626.0,7113.0,8974.0,10289.0,12630.0,17182.0,19707.0,24703.0,29813.0,37840.0,32154.0,18668.0,4884.0,1975.0,2133.0,2.0,1.0,0.0,0.0,0.0,119.0,304.0,660.0,865.0,930.0,949.0,794.0,671.0,470.0,472.0,512.0,634.0,955.0,1356.0,1675.0,2078.0,2722.0,3378.0,4848.0,7244.0,8919.0,11168.0,14290.0,17479.0,21591.0,23427.0,32105.0,40416.0,34578.0,13903.0,2048.0,37.0
201,519,203,591,206,666,222,744,252,813,305,865,372,905,449,934,530,940,605,927,664,885,711,831,745,772,764,704,773,634,775,568,774,500,260,465,299,419,359,398,425,397,489,410,556,418,610,403,667,403,718,423,744,467,522,465,525,505,528,543,531,584,462,626,493,635,527,645,560,635,587,624,332,489,363,474,396,471,434,484,398,491,365,493,589,486,624,473,657,478,684,492,655,495,623,493,405,723,452,704,497,696,526,702,555,695,592,703,630,721,593,741,556,748,526,750,495,749,451,741,420,721,496,718,526,721,556,717,614,720,555,718,526,722,495,718,306,0.0006168550885450633,36.31214475370532,0.9896391422733598,1752.3963723549682,0.3380556964865968,157.90973939150808,6973.273344666168,8.269412672489151,11.282926789766048,0.0005869334874919813,3.2408495541859264,-0.448929166095995,0.9991882467802655,387.0,10954.0,25724.0,29010.0,22398.0,21195.0,21416.0,19049.0,19854.0,15469.0,12157.0,11321.0,11724.0,10337.0,8084.0,6219.0,4761.0,2902.0,1372.0,686.0,528.0,425.0,253.0,62.0,28.0,14.0,3.0,2.0,3.0,2.0,1.0,0.0,16.0,6051.0,18893.0,25416.0,20290.0,18510.0,17474.0,18704.0,17893.0,16044.0,16778.0,14222.0,11644.0,10661.0,10870.0,8913.0,7888.0,6290.0,4514.0,2937.0,1122.0,598.0,394.0,167.0,29.0,9.0,5.0,2.0,2.0,2.0,2.0,0.0,0.0,756.0,9528.0,12749.0,15520.0,12304.0,10144.0,10801.0,11254.0,11220.0,11019.0,11476.0,12416.0,13761.0,11131.0,10604.0,10521.0,12371.0,10756.0,10267.0,10479.0,10187.0,9137.0,6579.0,4973.0,3695.0,1956.0,655.0,75.0,1.0,3.0,2.0
261,489,259,563,267,634,282,704,304,773,341,838,388,897,443,947,511,965,583,958,652,924,712,875,759,813,790,741,803,662,815,583,819,505,285,418,320,383,370,377,419,387,464,407,547,408,602,388,661,383,719,400,762,436,502,479,500,530,497,580,493,632,444,667,470,676,498,684,529,677,559,671,334,480,367,458,406,461,440,498,403,501,362,497,587,500,623,465,664,464,700,489,668,503,626,504,395,757,428,730,467,716,498,725,532,717,584,733,632,760,585,810,536,833,499,835,466,830,428,805,413,759,467,749,499,752,532,750,616,761,534,789,500,792,467,787,307,0.002773454081987344,27.37513645992705,0.9903346282218654,1416.9610971340107,0.510318913955812,343.0224812004314,5640.469252076167,7.80278245929374,9.952967229086614,0.0009987716267561013,2.7448236414307416,-0.5388085929743834,0.9996422937833835,10.0,90.0,693.0,2148.0,2693.0,2052.0,1779.0,2080.0,2594.0,3032.0,3170.0,3526.0,4587.0,6465.0,9001.0,12642.0,15212.0,20031.0,24762.0,29841.0,31466.0,24272.0,19078.0,18666.0,14115.0,3619.0,939.0,19.0,0.0,0.0,0.0,0.0,21.0,129.0,723.0,1721.0,2234.0,2024.0,1793.0,1766.0,2196.0,2841.0,4879.0,5268.0,4901.0,5141.0,5535.0,6258.0,8177.0,9165.0,11837.0,17661.0,24117.0,32831.0,37809.0,25267.0,21540.0,18912.0,3499.0,337.0,0.0,0.0,0.0,0.0,0.0,7.0,86.0,486.0,1034.0,1155.0,1283.0,1276.0,1140.0,1031.0,1018.0,1229.0,1316.0,1542.0,1685.0,1901.0,1975.0,1992.0,2056.0,2206.0,2641.0,3282.0,4941.0,7418.0,10391.0,18564.0,37920.0,69954.0,56613.0,21777.0,621.0,42.0
212,519,220,594,230,668,245,742,276,810,321,870,379,922,441,966,514,978,585,959,643,909,696,855,735,791,758,722,771,651,775,580,775,509,270,445,306,412,358,402,410,409,461,426,575,424,620,407,666,402,712,412,743,445,520,480,523,533,526,583,530,637,459,662,492,673,526,685,557,673,584,661,333,489,365,466,405,467,438,495,403,499,363,500,586,497,619,469,657,467,687,488,660,500,622,500,374,738,429,729,486,724,522,731,556,723,603,725,647,731,607,804,559,838,521,844,482,839,425,808,392,745,485,746,522,751,556,745,628,740,556,797,521,804,483,800,308,0.0015946412105163235,23.09862022775038,0.9837658293404097,711.5889252726693,0.40310737721466217,259.4344630628376,2823.2570808629243,7.6968887290290136,10.353118888510956,0.0007111531154298129,2.9491425555128545,-0.45552947671983135,0.9987685917007181,7.0,61.0,951.0,1264.0,1381.0,1762.0,3007.0,5025.0,8736.0,15936.0,28619.0,39443.0,34699.0,34292.0,29961.0,17793.0,11712.0,6952.0,3535.0,2438.0,1670.0,1217.0,1090.0,868.0,735.0,207.0,83.0,42.0,28.0,27.0,17.0,13.0,3.0,9.0,126.0,888.0,1630.0,1228.0,1249.0,2148.0,3191.0,5109.0,8140.0,13808.0,20081.0,31440.0,36527.0,35160.0,34591.0,24239.0,14325.0,8720.0,3521.0,2056.0,1406.0,996.0,997.0,832.0,852.0,164.0,58.0,27.0,24.0,26.0,0.0,9.0,18.0,87.0,425.0,890.0,1023.0,1091.0,1055.0,1054.0,1564.0,2091.0,2792.0,3909.0,5853.0,7462.0,10854.0,17638.0,19733.0,24796.0,29822.0,34508.0,32536.0,24576.0,16689.0,8024.0,2925.0,1546.0,419.0,85.0,54.0,43.0
241,498,248,573,255,646,264,721,283,793,318,855,371,906,436,943,513,951,589,937,655,899,712,852,750,793,770,726,780,654,787,579,792,505,283,470,317,431,370,414,427,416,479,434,555,435,607,419,662,418,715,434,744,473,517,476,514,519,512,562,510,608,451,645,479,656,510,665,543,657,574,645,346,489,374,473,406,472,440,488,408,490,376,493,590,488,623,470,653,473,682,489,652,492,621,490,415,754,449,735,482,726,508,733,536,725,573,736,613,754,576,771,541,778,511,779,483,776,451,768,431,751,481,746,508,748,537,745,597,753,539,750,511,752,484,749,309,0.0008291642219341386,35.32895465065111,0.9905694712903951,1872.9289702047172,0.3431778706106273,277.91496113157905,7456.386926168205,8.287814451922769,11.248608128700987,0.0005959650533705711,3.177228111338534,-0.4579593833862941,0.9992884118552361,42.0,275.0,710.0,1453.0,2824.0,4897.0,7056.0,13874.0,25893.0,24662.0,19168.0,13756.0,12001.0,9875.0,8192.0,8443.0,9212.0,9120.0,8557.0,8674.0,10046.0,10584.0,8671.0,6179.0,4065.0,3726.0,3032.0,1411.0,535.0,350.0,290.0,59.0,2.0,145.0,360.0,663.0,1128.0,2067.0,3258.0,4586.0,5498.0,7861.0,13834.0,25486.0,31711.0,20131.0,14446.0,9380.0,8027.0,7856.0,8755.0,9199.0,8974.0,9484.0,11271.0,10533.0,8756.0,5571.0,4268.0,2540.0,1225.0,407.0,206.0,4.0,0.0,0.0,3.0,65.0,154.0,399.0,490.0,601.0,712.0,975.0,1413.0,2212.0,2664.0,3758.0,5296.0,6038.0,9039.0,12560.0,24286.0,24875.0,20563.0,14728.0,10709.0,9691.0,10301.0,10797.0,12092.0,13138.0,15754.0,11639.0,5883.0,6797.0
289,490,289,556,298,618,310,682,325,748,353,809,392,864,442,911,507,927,579,921,651,884,712,834,761,771,796,699,812,627,820,554,824,476,302,432,334,406,376,402,420,411,462,425,547,426,595,410,645,400,694,405,736,427,501,472,497,519,491,566,486,615,445,646,468,658,494,666,525,658,555,649,349,485,376,473,406,473,437,489,407,499,375,498,589,489,618,474,649,474,679,486,650,497,619,499,411,749,439,731,472,722,497,730,526,723,570,735,618,754,572,788,528,801,498,803,471,799,439,781,428,751,473,745,497,751,526,748,600,755,527,761,498,763,473,757,31,0.0009776948279071299,43.12082233721945,0.9926528090066187,2934.242272586074,0.3353375335071593,200.75233940962187,11693.848268007074,8.146583202309703,11.163093311265762,0.0005856638266614441,3.3675348517164467,-0.43929082208157577,0.9989643201635782,3391.0,22883.0,23313.0,7187.0,3749.0,4263.0,4859.0,5308.0,6602.0,8269.0,13003.0,20177.0,20578.0,19264.0,15085.0,12280.0,11109.0,8430.0,5167.0,2676.0,1479.0,1368.0,1075.0,447.0,32.0,0.0,7.0,0.0,0.0,0.0,0.0,0.0,718.0,22782.0,25131.0,7775.0,3240.0,2909.0,3394.0,4470.0,4621.0,5166.0,6670.0,9331.0,14011.0,20252.0,20118.0,18723.0,15521.0,12989.0,10509.0,6311.0,3118.0,1722.0,1433.0,962.0,115.0,3.0,4.0,3.0,0.0,0.0,0.0,0.0,3.0,1752.0,20349.0,18989.0,8774.0,5497.0,3092.0,1541.0,1417.0,1219.0,1265.0,1430.0,1501.0,2098.0,3019.0,3749.0,4036.0,5669.0,9283.0,14843.0,18964.0,20274.0,18373.0,15917.0,15051.0,10723.0,7050.0,3108.0,2261.0,725.0,29.0,0.0
296,528,283,590,280,658,285,726,298,793,322,853,355,903,401,940,469,954,556,947,646,918,734,881,812,829,863,759,888,677,898,594,905,510,304,437,318,391,356,367,403,365,447,384,538,372,595,341,663,336,729,357,773,407,480,460,469,498,456,535,442,575,396,637,426,645,461,652,504,642,546,631,348,499,370,477,401,475,436,491,402,500,370,504,584,478,619,454,654,452,692,468,656,479,619,480,365,762,388,729,424,709,457,718,490,707,541,717,606,745,547,775,496,790,460,794,425,794,391,784,383,758,425,744,458,746,492,741,582,745,494,747,460,752,426,750,310,0.0009514346693565845,60.89478413551335,0.9675755649873153,939.05344685348,0.3062053142011879,134.53886510697168,3695.3190032784087,7.809858806740625,11.074082244815372,0.0004984693326074304,3.498818354550301,-0.37645423302975956,0.9966626017977502,3250.0,18716.0,72545.0,78285.0,45044.0,24467.0,15578.0,11562.0,9085.0,7530.0,5822.0,4338.0,3025.0,2018.0,1314.0,721.0,430.0,265.0,149.0,91.0,52.0,53.0,50.0,39.0,40.0,25.0,27.0,29.0,26.0,46.0,11.0,0.0,324.0,3970.0,14992.0,25758.0,40670.0,55906.0,46743.0,28782.0,21294.0,14768.0,11249.0,9049.0,7606.0,6383.0,4927.0,3876.0,2940.0,2005.0,1418.0,866.0,378.0,257.0,114.0,67.0,57.0,41.0,25.0,31.0,26.0,25.0,46.0,40.0,27.0,721.0,3468.0,5797.0,5944.0,8840.0,12754.0,13688.0,17866.0,21924.0,27080.0,30150.0,27906.0,24991.0,18522.0,14137.0,13079.0,11239.0,9490.0,7741.0,6835.0,5479.0,4485.0,3544.0,2496.0,2249.0,1835.0,1474.0,536.0,160.0,43.0,133.0
117,492,126,580,138,670,156,755,196,832,264,890,349,931,440,961,524,968,592,948,642,895,680,828,707,761,726,692,738,625,737,555,723,489,249,427,301,394,365,381,432,391,490,416,580,423,618,400,661,389,702,394,723,427,547,479,559,524,573,566,586,610,494,650,529,663,564,675,591,668,613,655,328,480,368,461,406,461,442,489,405,491,366,491,590,493,624,466,659,464,683,486,660,495,626,495,393,754,463,730,520,720,554,726,581,721,608,735,625,758,601,796,574,808,546,810,510,807,457,791,413,755,519,746,552,749,581,748,608,759,575,774,547,775,514,775,311,0.0007753961904007229,57.64911838502484,0.9871157084562558,2237.2894483220543,0.33396613675569603,273.6995051728941,8891.508674903198,8.328108748435614,11.391865486578814,0.0005589175899611051,3.3533281176215537,-0.4464474009184376,0.9991869988304962,10988.0,9236.0,8405.0,9236.0,10439.0,15292.0,17993.0,20151.0,22100.0,21599.0,23515.0,22482.0,23442.0,22240.0,19512.0,14283.0,7363.0,4037.0,2088.0,1062.0,200.0,83.0,80.0,25.0,10.0,4.0,2.0,0.0,2.0,2.0,0.0,0.0,3665.0,6234.0,5363.0,4306.0,4594.0,5328.0,5348.0,5848.0,7305.0,10205.0,12783.0,14370.0,15439.0,16729.0,16491.0,17579.0,19835.0,23104.0,24777.0,22449.0,18454.0,13230.0,7516.0,3540.0,1022.0,274.0,65.0,8.0,4.0,2.0,0.0,4.0,9.0,888.0,2237.0,2095.0,1846.0,2801.0,3448.0,2815.0,2535.0,2089.0,1932.0,1891.0,2142.0,2276.0,2610.0,2724.0,3107.0,3930.0,4974.0,6090.0,7382.0,9091.0,10508.0,11281.0,12575.0,12376.0,12651.0,14316.0,15676.0,19671.0,25436.0,82469.0
242,563,249,629,262,694,276,760,298,822,334,875,383,915,444,938,512,947,581,936,647,912,704,873,743,819,767,756,780,690,792,626,799,560,281,440,313,393,362,368,419,366,469,386,556,388,608,370,664,371,713,395,745,440,511,455,511,485,510,515,509,546,459,615,484,617,510,620,536,618,563,617,335,496,365,475,399,473,434,493,401,498,365,500,591,493,626,473,660,476,690,497,660,501,625,499,404,735,438,681,485,656,512,662,541,657,587,684,623,737,584,782,541,802,510,806,480,802,437,781,418,733,485,693,512,692,540,693,606,736,539,763,510,766,482,763,312,0.0022424643910772995,31.11981485777738,0.9913009941951321,1788.8084797072488,0.48780086417863167,320.7256336893776,7124.114103971213,7.916914014056336,10.290569984845364,0.0008163760414867632,2.869183100484329,-0.5143018930355905,0.9995537980783695,2645.0,4428.0,2320.0,1852.0,1724.0,1796.0,1882.0,2460.0,3014.0,3635.0,5015.0,6569.0,8191.0,10251.0,12054.0,18525.0,22484.0,27396.0,32531.0,30558.0,19647.0,15727.0,13074.0,9066.0,2757.0,346.0,85.0,61.0,24.0,22.0,11.0,3.0,1908.0,4090.0,2303.0,1644.0,1320.0,1467.0,1693.0,2042.0,2565.0,2409.0,2950.0,3691.0,4338.0,4827.0,5798.0,6604.0,9156.0,12043.0,17657.0,25795.0,32973.0,37612.0,27744.0,21196.0,16244.0,8044.0,1843.0,108.0,41.0,25.0,18.0,5.0,444.0,2010.0,2560.0,1797.0,1262.0,1060.0,878.0,794.0,827.0,1003.0,1091.0,1157.0,1298.0,1439.0,1696.0,1806.0,2052.0,2817.0,4032.0,4923.0,6572.0,9651.0,14096.0,20997.0,36536.0,49950.0,37317.0,31075.0,17444.0,1483.0,50.0,36.0
228,515,232,592,238,668,246,747,269,820,314,880,370,929,426,968,500,977,578,965,647,924,714,875,768,814,800,742,811,665,815,588,817,512,275,460,300,414,352,394,407,396,461,415,554,416,610,397,667,392,723,411,757,458,507,471,507,513,506,557,504,603,444,649,474,656,506,664,540,657,572,649,329,491,358,472,394,469,432,488,395,497,358,499,587,489,621,469,658,469,688,487,658,495,621,495,379,749,425,729,471,718,507,725,542,717,590,728,640,746,594,798,546,818,508,821,468,816,424,793,397,753,470,740,507,744,542,741,621,752,545,776,509,780,471,775,313,0.000302650280264161,105.16833193375298,0.9779825056087299,2388.480315740519,0.22219609733326295,230.99672651568568,9448.752931028324,8.490593926066968,12.41743699117432,0.00032027799422948585,4.124601557523366,-0.344123516660662,0.9968753783504607,4047.0,9473.0,12220.0,15341.0,17055.0,14061.0,13166.0,13892.0,15356.0,15897.0,15614.0,15995.0,16357.0,17298.0,18596.0,20881.0,17241.0,10806.0,6081.0,4036.0,2134.0,726.0,198.0,74.0,50.0,21.0,21.0,8.0,3.0,1.0,5.0,9.0,1521.0,4435.0,7010.0,8824.0,11018.0,14632.0,12475.0,10865.0,10871.0,11542.0,12528.0,13921.0,13851.0,14259.0,14302.0,14816.0,16228.0,17702.0,20042.0,19366.0,12704.0,6945.0,4370.0,1821.0,448.0,84.0,35.0,25.0,8.0,2.0,6.0,7.0,90.0,1085.0,1861.0,2135.0,2832.0,3754.0,3943.0,5292.0,7373.0,8689.0,10092.0,8570.0,7698.0,7905.0,8131.0,8581.0,8751.0,9609.0,10697.0,11960.0,12719.0,13102.0,13350.0,14055.0,14711.0,16978.0,18659.0,18114.0,14903.0,7204.0,3179.0,641.0
316,513,311,573,312,638,328,704,351,770,381,833,413,890,447,948,502,971,576,968,662,936,750,892,828,830,879,753,903,662,912,571,915,477,313,425,329,395,364,389,403,399,440,416,509,414,568,390,633,384,695,404,747,444,473,473,464,526,454,578,444,633,420,665,440,683,467,697,501,685,536,672,349,481,370,463,404,465,438,489,403,497,368,497,576,489,605,465,645,466,683,485,647,498,609,498,403,765,424,751,450,742,474,751,502,743,554,755,619,772,560,805,512,821,482,824,455,817,430,795,418,768,451,769,475,775,504,773,599,774,507,782,479,782,454,775,314,0.0006425463955047377,33.701373537685626,0.9886071619543766,1479.1195754579758,0.2901804404849628,249.32943854589598,5882.7769282942245,8.237578565867318,11.459205228303299,0.0005182604101330193,3.3943434093528086,-0.4181865174220259,0.9987207937667469,489.0,1706.0,3236.0,4978.0,7466.0,8501.0,10053.0,14731.0,30738.0,45958.0,34642.0,21339.0,15719.0,11767.0,10132.0,9842.0,9378.0,8439.0,6643.0,5079.0,3984.0,4137.0,3284.0,1633.0,1003.0,222.0,21.0,6.0,2.0,2.0,0.0,0.0,157.0,851.0,2076.0,2857.0,3359.0,5046.0,6458.0,7809.0,8281.0,11191.0,18088.0,28152.0,33670.0,32360.0,21780.0,16044.0,14034.0,11235.0,10415.0,10730.0,9726.0,6769.0,4272.0,4189.0,3547.0,1654.0,342.0,35.0,3.0,0.0,0.0,0.0,10.0,134.0,387.0,862.0,1199.0,1219.0,1261.0,1678.0,2007.0,2365.0,2934.0,4135.0,4976.0,5493.0,6201.0,9321.0,10584.0,11628.0,14489.0,20696.0,30079.0,27569.0,17621.0,14541.0,15019.0,15557.0,13705.0,12544.0,11779.0,7904.0,5219.0,2014.0
145,505,153,593,163,678,178,766,215,842,279,900,361,942,447,973,532,978,605,961,652,908,694,849,722,785,735,713,742,642,745,574,740,507,254,457,300,418,363,401,428,406,488,428,579,428,624,411,670,406,713,417,734,455,542,484,549,538,558,591,566,646,478,676,514,685,550,697,579,687,602,674,333,489,366,466,407,467,441,495,404,502,364,502,587,495,620,465,659,465,686,489,661,501,623,501,391,753,451,747,504,741,539,749,571,741,604,746,632,752,602,790,572,807,539,812,500,809,448,790,412,760,502,765,539,769,570,765,611,760,571,769,539,774,502,772,315,0.0009091568483854316,27.13426811482368,0.9889578510659502,1229.1118845703386,0.3281292458477696,282.21380907618925,4889.313270166527,8.014549234968607,11.011428090772405,0.0005581316326839451,3.243099952701737,-0.4313964121015101,0.9987093377890397,75.0,412.0,1861.0,3765.0,3998.0,4794.0,5841.0,7128.0,9759.0,15954.0,17711.0,20865.0,26084.0,30021.0,34355.0,35162.0,27125.0,18283.0,8818.0,3445.0,1583.0,817.0,537.0,316.0,86.0,43.0,44.0,21.0,13.0,15.0,2.0,19.0,22.0,72.0,292.0,1317.0,2200.0,3143.0,3994.0,4221.0,4872.0,5758.0,6869.0,8571.0,12311.0,16616.0,16696.0,22744.0,26335.0,29273.0,34029.0,31680.0,23879.0,15260.0,5321.0,1952.0,851.0,410.0,128.0,67.0,39.0,21.0,9.0,0.0,1.0,14.0,98.0,280.0,479.0,839.0,1233.0,1817.0,2495.0,3462.0,3392.0,3497.0,4282.0,4736.0,4634.0,5350.0,6888.0,9743.0,12131.0,12443.0,13959.0,18770.0,21280.0,21803.0,25802.0,28958.0,27941.0,18853.0,16805.0,6271.0,592.0,104.0
193,485,199,566,210,646,224,725,256,797,309,859,377,909,453,949,530,962,604,941,665,892,717,836,756,772,777,703,784,629,784,558,779,485,259,449,306,421,363,413,420,420,472,440,569,438,612,418,661,409,711,413,750,442,519,487,522,537,524,588,527,641,456,662,489,674,524,686,556,673,585,661,329,490,366,472,405,474,440,502,401,505,362,503,587,502,620,473,658,470,693,487,663,500,625,503,359,725,420,715,479,713,521,719,561,712,614,714,665,721,619,790,567,821,523,828,479,823,417,792,377,730,479,737,521,741,562,735,645,728,563,780,522,786,479,783,316,0.0008954648498974141,21.011475146365278,0.9913258777327872,1211.2516499056346,0.3572138428868913,240.1779218436909,4823.995124476178,8.06403323543815,10.888812088456032,0.0007186524250429119,3.0605107898252517,-0.45951425991686357,0.9991600269268643,52.0,1310.0,3639.0,4492.0,5045.0,7622.0,10276.0,13022.0,16739.0,21570.0,25326.0,27101.0,21928.0,19882.0,17985.0,17611.0,12117.0,10030.0,9043.0,6887.0,3188.0,1037.0,504.0,54.0,15.0,4.0,3.0,2.0,0.0,0.0,0.0,0.0,97.0,859.0,2265.0,3230.0,4175.0,5202.0,6115.0,7725.0,10218.0,11303.0,13754.0,18105.0,19238.0,20956.0,25419.0,23892.0,21136.0,19976.0,15920.0,13504.0,9226.0,3057.0,918.0,165.0,19.0,5.0,3.0,2.0,0.0,0.0,0.0,0.0,11.0,81.0,912.0,1759.0,1923.0,1786.0,1901.0,2458.0,2803.0,3038.0,2987.0,3364.0,4063.0,5751.0,8030.0,10503.0,15014.0,18145.0,19401.0,22198.0,29365.0,27864.0,24927.0,24142.0,19864.0,4140.0,43.0,8.0,3.0,0.0,0.0,0.0
203,473,212,555,224,632,241,706,269,774,315,830,377,871,445,905,516,917,584,903,641,865,692,819,731,762,754,696,767,624,778,552,786,479,268,427,307,389,364,379,421,390,476,411,570,409,620,391,671,383,720,391,752,427,524,477,524,522,525,564,525,609,465,648,493,654,521,660,547,655,573,648,331,485,365,464,406,466,438,495,403,503,362,501,590,496,620,467,659,467,691,487,663,503,624,504,416,739,458,715,494,701,519,708,543,701,578,716,617,737,579,769,546,784,520,787,493,785,458,770,436,740,494,730,518,732,543,730,599,738,545,744,520,747,495,745,317,0.004589316116274927,7.388163156697282,0.993607126801533,577.9500063662508,0.5657891304860766,241.17698480402512,2304.411862308296,7.34422073743285,9.109435162918118,0.0012202270429348624,2.267129911812389,-0.5664021648155404,0.9995837435907837,113.0,304.0,1207.0,3297.0,4162.0,6538.0,11178.0,18536.0,28770.0,44980.0,38554.0,31861.0,20442.0,15077.0,9469.0,3952.0,1918.0,665.0,252.0,101.0,46.0,16.0,8.0,14.0,12.0,9.0,9.0,2.0,0.0,0.0,0.0,0.0,0.0,54.0,423.0,1852.0,2558.0,2361.0,2268.0,3038.0,5361.0,7740.0,9101.0,11096.0,18091.0,31417.0,55650.0,47938.0,22411.0,7937.0,5226.0,3484.0,2480.0,809.0,121.0,23.0,14.0,12.0,15.0,10.0,2.0,0.0,0.0,0.0,0.0,0.0,34.0,670.0,1345.0,1326.0,1426.0,851.0,715.0,884.0,1241.0,1811.0,2815.0,3382.0,3947.0,6137.0,8552.0,13575.0,23030.0,41702.0,49980.0,38115.0,26075.0,6055.0,3578.0,3075.0,1126.0,38.0,5.0,2.0,0.0,0.0
270,496,264,567,268,639,280,708,300,775,335,836,382,891,435,940,504,960,585,954,667,925,741,882,801,826,838,754,856,673,866,591,870,508,289,429,320,394,367,384,416,394,461,414,543,412,597,392,657,385,716,399,761,434,495,479,491,526,485,573,479,622,431,662,457,671,487,677,522,671,556,664,337,485,366,466,401,468,435,496,399,498,363,497,584,498,619,471,657,470,695,490,659,501,620,502,398,761,428,733,464,718,491,726,520,719,573,736,632,761,575,800,524,817,492,819,463,814,430,794,419,761,464,756,491,759,521,758,613,761,523,769,493,771,465,767,318,0.0007914787925649501,36.402859854592705,0.9895113476782507,1735.515257051562,0.3404597428229705,306.12294164127303,6905.658168351656,8.200467605646944,11.25036892495454,0.000621778572570634,3.2915602049279284,-0.43872000957735213,0.9989790967757103,262.0,942.0,2554.0,3436.0,4095.0,5395.0,5558.0,5524.0,6830.0,6910.0,8190.0,10250.0,13846.0,16389.0,19848.0,23463.0,22795.0,19018.0,19288.0,21523.0,18377.0,13132.0,11071.0,8265.0,6875.0,2435.0,63.0,4.0,0.0,0.0,0.0,0.0,86.0,394.0,1494.0,2239.0,3149.0,3272.0,3577.0,3881.0,4180.0,4886.0,5561.0,6591.0,6942.0,8167.0,9326.0,10789.0,14542.0,18242.0,23039.0,25951.0,25307.0,24021.0,24787.0,18879.0,13637.0,9158.0,4169.0,69.0,3.0,0.0,0.0,0.0,15.0,113.0,424.0,1091.0,1014.0,1609.0,2032.0,2106.0,1897.0,1806.0,2287.0,2603.0,2830.0,3605.0,4667.0,5080.0,5701.0,6039.0,7364.0,8667.0,11460.0,15959.0,23017.0,29433.0,32859.0,31523.0,31380.0,25731.0,12885.0,1022.0,87.0,32.0
192,419,200,502,212,583,229,662,264,730,319,781,383,819,444,852,505,862,564,847,621,812,682,775,729,726,758,661,772,587,783,512,788,435,256,425,298,397,353,396,406,408,460,425,579,428,629,414,677,404,727,402,759,429,522,494,522,535,523,575,524,616,466,653,493,656,521,659,547,655,572,650,332,482,366,461,411,466,442,503,405,514,360,509,589,502,616,465,659,461,693,481,665,507,623,512,424,731,465,724,499,713,519,717,538,711,568,717,604,721,570,752,542,767,520,771,498,770,465,759,443,733,499,732,519,734,538,729,585,725,540,734,520,738,500,737,319,0.002275981084695722,17.247700027443226,0.9890556940806392,788.2106118700649,0.49154359200645986,279.7753484781707,3135.5947474528184,7.619770065012788,9.816220131236467,0.0009214944145506121,2.579731178729268,-0.5185028885132389,0.9994238013588114,0.0,25.0,487.0,1911.0,2280.0,1853.0,1881.0,2700.0,5101.0,9781.0,14593.0,23075.0,31453.0,32080.0,29252.0,28452.0,14891.0,5657.0,2940.0,944.0,340.0,247.0,189.0,153.0,114.0,9.0,9.0,7.0,10.0,6.0,1.0,1.0,2.0,5.0,103.0,1098.0,1994.0,1829.0,1235.0,1341.0,1627.0,2759.0,4994.0,7352.0,9187.0,13296.0,20564.0,29770.0,27665.0,27762.0,30295.0,17700.0,6214.0,2634.0,555.0,187.0,182.0,26.0,22.0,9.0,10.0,4.0,7.0,14.0,0.0,1.0,5.0,100.0,604.0,1353.0,1440.0,1187.0,998.0,699.0,701.0,658.0,1001.0,1586.0,2059.0,2612.0,3313.0,4796.0,6584.0,9057.0,13946.0,20553.0,22730.0,23540.0,22675.0,25186.0,23794.0,14012.0,4771.0,392.0,57.0,32.0
251,510,246,582,250,652,259,722,282,789,326,848,381,898,442,943,511,956,583,942,650,905,711,862,762,808,792,742,801,668,806,594,805,518,274,451,308,411,361,398,414,407,463,430,547,431,599,408,657,398,714,411,756,448,507,484,506,540,505,595,504,652,437,673,469,683,504,694,541,683,575,673,332,487,365,469,401,470,438,497,400,498,363,497,585,497,621,473,657,471,691,489,660,498,623,499,365,737,415,729,466,723,505,732,545,724,602,729,658,737,603,791,547,820,505,824,464,820,414,792,382,741,466,744,505,750,544,744,642,739,546,783,506,788,466,784,32,0.0009264718340456643,31.166620570638877,0.9894473015255256,1476.844662018454,0.3775680058742894,284.892158358425,5876.212027503152,8.19142315796996,10.987284808006864,0.000719976181052337,3.1144865719160437,-0.4730121601573548,0.9993753211928471,282.0,1059.0,2302.0,3047.0,3375.0,3942.0,5768.0,9544.0,13980.0,15381.0,17811.0,23549.0,23375.0,18428.0,16415.0,15227.0,15850.0,14523.0,14727.0,11090.0,7195.0,4934.0,3913.0,2640.0,1282.0,241.0,46.0,6.0,0.0,0.0,0.0,0.0,337.0,882.0,1588.0,2030.0,2231.0,2578.0,2777.0,3136.0,4200.0,6272.0,8898.0,11444.0,13321.0,14799.0,17890.0,22988.0,22065.0,18951.0,16368.0,16353.0,17379.0,17776.0,11314.0,6796.0,5006.0,2053.0,430.0,67.0,3.0,0.0,0.0,0.0,57.0,240.0,621.0,919.0,1203.0,1222.0,1229.0,1040.0,878.0,1296.0,1905.0,1959.0,1958.0,2149.0,2387.0,2956.0,3741.0,5898.0,8424.0,11130.0,12885.0,15982.0,23980.0,27062.0,23523.0,21543.0,24931.0,25253.0,18669.0,4758.0,131.0,3.0
185,476,193,556,206,634,223,710,256,778,310,834,376,877,448,910,518,917,585,899,636,855,682,806,719,751,739,687,750,621,760,550,759,477,266,433,311,402,364,390,420,396,469,417,582,416,623,399,666,393,708,402,736,433,525,482,530,536,535,589,541,643,465,674,498,681,531,688,559,679,586,671,333,488,364,472,402,473,437,499,402,503,362,502,591,499,621,470,656,468,688,485,661,498,624,501,393,740,447,736,498,727,527,732,555,724,592,730,627,734,593,784,558,810,527,816,495,815,446,793,409,745,497,750,527,753,555,749,611,742,556,769,527,775,497,775,320,0.0009272557533735662,26.99728768293022,0.9958995485407212,3293.42446696592,0.42488040617457995,291.1607763961444,13146.70058018076,8.582333482265803,11.198251879874045,0.0007152855100550538,2.9828456105724195,-0.5243128868305513,0.9998053395824821,1273.0,3242.0,3512.0,3744.0,4451.0,7780.0,13748.0,16474.0,16688.0,12884.0,11532.0,10682.0,9768.0,10218.0,10304.0,8532.0,10590.0,11638.0,16590.0,12320.0,11823.0,10142.0,8989.0,4992.0,2401.0,1297.0,368.0,84.0,17.0,9.0,5.0,1.0,694.0,1793.0,2937.0,2803.0,3375.0,3917.0,5678.0,8932.0,13540.0,13783.0,12054.0,9647.0,8862.0,8616.0,8760.0,8206.0,8296.0,8388.0,7910.0,6830.0,7834.0,11519.0,11628.0,16626.0,12489.0,12706.0,11813.0,4571.0,1566.0,314.0,9.0,2.0,90.0,472.0,805.0,1572.0,1849.0,1820.0,1765.0,1716.0,1808.0,2364.0,2916.0,4352.0,5394.0,7442.0,10279.0,8983.0,8649.0,7016.0,6224.0,5667.0,5226.0,5176.0,6868.0,6726.0,6515.0,6366.0,7103.0,7914.0,7426.0,8824.0,13075.0,73696.0
133,475,144,565,153,650,175,732,222,804,289,861,368,905,450,936,526,941,587,923,623,872,651,813,669,750,681,683,686,620,685,560,679,504,303,454,343,419,397,398,456,397,511,414,588,426,620,411,654,406,681,417,689,447,556,482,567,531,579,579,592,629,503,664,534,674,567,683,592,674,610,660,366,485,400,468,433,465,455,487,431,493,398,493,583,494,610,473,637,472,651,492,637,501,609,499,443,767,497,754,537,747,557,752,572,747,592,753,601,765,590,783,571,786,555,787,533,785,494,779,463,766,535,763,555,763,571,762,589,764,572,763,556,765,536,764,321,0.0013197400208261848,52.09138441845318,0.962322408352498,691.456509546605,0.32831864973116986,319.1870692382987,2713.7346537679623,7.525501726185899,10.57118333170335,0.0005600219147284844,3.313208711556426,-0.38226314383517873,0.9962294526422469,74.0,142.0,352.0,803.0,966.0,1113.0,1345.0,1731.0,2256.0,3049.0,5571.0,10080.0,15120.0,21049.0,23259.0,27441.0,30889.0,29551.0,25138.0,16966.0,10500.0,5528.0,2076.0,460.0,164.0,62.0,41.0,23.0,8.0,8.0,2.0,2.0,1.0,22.0,91.0,290.0,760.0,930.0,889.0,1174.0,1321.0,1480.0,1899.0,2456.0,3275.0,5227.0,9195.0,14327.0,20574.0,27248.0,32622.0,36816.0,33057.0,22023.0,12329.0,5775.0,1604.0,282.0,61.0,21.0,13.0,5.0,2.0,0.0,0.0,1.0,4.0,33.0,80.0,181.0,234.0,395.0,506.0,600.0,727.0,958.0,1214.0,1152.0,1002.0,1033.0,1183.0,1582.0,2420.0,3554.0,5265.0,8291.0,12449.0,18074.0,26878.0,38269.0,43798.0,40456.0,21542.0,3699.0,165.0,24.0
356,528,341,583,339,643,358,705,380,767,400,829,424,884,450,936,505,954,578,946,663,925,754,896,834,851,888,781,907,694,910,605,905,518,334,441,349,414,380,410,414,416,449,431,505,426,560,400,623,390,687,403,736,437,470,480,456,522,440,564,423,608,409,658,428,670,454,679,487,670,521,660,369,501,386,477,413,476,443,497,415,505,389,508,575,492,601,462,638,464,676,483,639,492,606,495,412,777,417,746,435,729,458,735,486,724,534,739,598,767,543,790,503,804,472,809,447,810,427,797,424,774,440,764,462,764,491,760,574,768,495,761,466,765,443,765,322,0.0005273407359916897,30.99686903440808,0.9954753504178054,3425.420249897724,0.32631523652450906,196.5231903976087,13670.684130556489,8.692432046070852,11.689210269718147,0.0005646348129937216,3.2160846176329443,-0.4813131465322102,0.9996637678665496,2565.0,6918.0,8067.0,16335.0,18855.0,22043.0,19620.0,19868.0,15767.0,11594.0,8796.0,7671.0,7305.0,7111.0,6808.0,7085.0,7230.0,7443.0,7748.0,8008.0,6003.0,4668.0,4776.0,4697.0,4211.0,3984.0,3267.0,2898.0,1539.0,919.0,393.0,18.0,3395.0,6439.0,6899.0,8538.0,17018.0,18912.0,19779.0,18117.0,19227.0,14623.0,10949.0,8394.0,7750.0,7779.0,7836.0,7830.0,7764.0,7106.0,7125.0,7092.0,7118.0,5921.0,4708.0,4789.0,4165.0,3890.0,3573.0,3002.0,2368.0,1461.0,606.0,37.0,3413.0,4673.0,4382.0,5246.0,5859.0,9771.0,15421.0,14749.0,17127.0,15500.0,17087.0,14777.0,11444.0,8390.0,6914.0,6330.0,6411.0,6869.0,7053.0,6663.0,7305.0,7252.0,7594.0,7304.0,6682.0,5982.0,5564.0,4859.0,4880.0,3915.0,3373.0,1421.0
246,517,245,587,248,658,255,733,271,804,308,868,359,924,420,972,500,988,588,977,670,941,743,890,801,824,830,749,842,666,844,584,848,501,282,467,301,416,348,391,401,393,451,411,541,408,596,385,659,386,716,412,753,459,493,469,489,520,485,573,480,627,425,665,453,675,486,684,524,675,562,665,332,493,361,470,396,469,430,493,395,496,361,497,584,491,618,467,655,467,688,488,655,494,620,494,378,764,413,741,454,729,491,737,528,730,582,742,638,766,585,808,533,830,492,833,452,828,414,806,397,765,453,753,492,758,528,755,619,766,530,786,492,790,453,784,323,0.00048669742454592,31.616906996619733,0.989264995066054,1472.6403438866791,0.25756751869019434,245.12060970485257,5858.944468550115,8.272566516580177,11.619716135835208,0.0004738391201713812,3.483435064271509,-0.4034148525655679,0.9984218655281479,635.0,1944.0,3008.0,4374.0,7585.0,11239.0,15168.0,21901.0,31342.0,32964.0,26728.0,23632.0,21086.0,16864.0,14173.0,12668.0,11740.0,9013.0,6900.0,6263.0,5436.0,4125.0,2657.0,983.0,464.0,357.0,155.0,52.0,13.0,0.0,0.0,0.0,223.0,609.0,1560.0,2430.0,3102.0,4000.0,6099.0,9198.0,11970.0,14797.0,19314.0,27065.0,31223.0,28425.0,24093.0,20021.0,16603.0,14813.0,13870.0,11743.0,8479.0,7431.0,6815.0,5050.0,2973.0,1008.0,390.0,137.0,27.0,1.0,0.0,0.0,26.0,170.0,254.0,572.0,834.0,1138.0,1441.0,1675.0,2252.0,3164.0,4634.0,6001.0,7799.0,9080.0,11625.0,13697.0,17834.0,23847.0,26993.0,22565.0,19977.0,19826.0,16281.0,13774.0,13194.0,13343.0,11366.0,10261.0,10209.0,7246.0,2059.0,332.0
223,523,229,598,235,672,245,745,274,808,321,864,377,911,440,948,510,961,580,947,642,908,695,858,733,801,755,736,765,667,774,599,783,528,280,450,316,418,366,409,417,415,461,437,570,433,615,415,663,410,710,421,739,457,513,479,513,527,512,574,513,624,453,649,482,658,512,669,544,658,574,648,333,492,366,477,400,478,434,498,398,497,364,497,589,497,622,477,655,478,686,495,656,498,623,497,367,724,420,710,475,705,514,711,554,704,605,708,655,725,606,789,554,813,513,819,470,815,416,788,382,729,474,720,514,724,553,720,641,729,555,782,514,786,473,782,324,0.0012795421534087905,17.364673679893873,0.9918215558717023,1061.5512234514554,0.3873818362812472,287.4329461021746,4228.840220125941,7.9269386046802435,10.579312285579844,0.0007048186145472597,2.9167477292347135,-0.4740325994336647,0.999225803019192,13.0,148.0,498.0,686.0,1044.0,1507.0,1785.0,2343.0,4078.0,6571.0,9728.0,16219.0,25499.0,31533.0,32417.0,25141.0,18607.0,14858.0,14113.0,11322.0,9278.0,6705.0,5558.0,1420.0,446.0,234.0,234.0,218.0,83.0,9.0,8.0,4.0,47.0,203.0,333.0,644.0,903.0,1146.0,1346.0,1871.0,2456.0,3348.0,5523.0,8426.0,15666.0,21968.0,35971.0,35222.0,21264.0,14974.0,10506.0,11749.0,10520.0,9304.0,9928.0,8220.0,5720.0,4023.0,789.0,167.0,42.0,17.0,8.0,3.0,0.0,17.0,86.0,226.0,185.0,333.0,489.0,575.0,730.0,797.0,900.0,1067.0,1278.0,1469.0,1649.0,2139.0,3329.0,5132.0,8686.0,22658.0,30931.0,31705.0,23240.0,17663.0,17659.0,15529.0,13918.0,11314.0,12062.0,7957.0,6900.0,1684.0
200,472,204,553,215,634,227,715,255,788,305,852,369,904,444,947,518,963,591,946,655,901,709,846,750,782,773,709,785,633,793,556,795,479,264,432,308,399,365,390,421,400,471,423,560,419,607,400,659,392,712,402,750,435,514,483,514,536,514,589,515,642,453,672,483,680,515,687,547,679,577,672,333,486,368,469,403,472,434,499,399,499,365,496,589,500,621,472,656,470,689,487,659,496,624,499,381,740,431,724,480,719,517,726,552,719,600,725,645,742,603,800,556,826,518,831,479,826,429,798,394,743,480,743,517,748,553,744,631,744,554,789,517,793,479,787,325,0.0011779682034499495,23.540062937858146,0.9904668145056928,1234.7354669813394,0.4029383965778009,310.07874752817196,4915.401804987505,8.022375577365906,10.670875424256291,0.0007575315257993353,2.9776825930934154,-0.4814110319052843,0.9993524869055537,47.0,376.0,1635.0,2413.0,1835.0,1695.0,2221.0,2956.0,5230.0,8739.0,14769.0,18847.0,26528.0,24286.0,25822.0,20369.0,18757.0,17351.0,17184.0,16174.0,12609.0,9033.0,8317.0,4455.0,1691.0,988.0,635.0,249.0,13.0,0.0,0.0,0.0,15.0,176.0,721.0,2020.0,1863.0,1359.0,1300.0,1562.0,1978.0,2932.0,3851.0,3890.0,5021.0,9379.0,15736.0,18671.0,26910.0,27495.0,26135.0,21903.0,22827.0,21820.0,16738.0,13543.0,8691.0,6184.0,1452.0,810.0,239.0,3.0,0.0,0.0,0.0,2.0,80.0,623.0,1490.0,1435.0,1117.0,931.0,875.0,886.0,1100.0,1177.0,1227.0,1359.0,1406.0,1761.0,2100.0,2881.0,4201.0,8211.0,14069.0,18301.0,29298.0,27874.0,22245.0,27709.0,30484.0,25354.0,20737.0,12926.0,3302.0,63.0
146,515,153,592,165,667,183,741,219,812,278,873,355,916,442,945,528,953,605,944,661,906,705,853,733,790,746,720,752,652,753,584,746,517,258,457,299,414,359,392,422,399,480,421,565,421,613,398,665,393,712,413,732,459,528,472,537,519,545,565,554,614,477,659,510,668,543,676,569,669,591,658,333,491,366,471,401,470,434,490,401,496,366,498,585,492,621,473,654,472,679,492,655,500,621,498,396,757,458,749,506,742,535,752,561,744,594,753,630,762,594,785,562,797,534,799,503,795,456,783,415,759,505,762,535,768,562,764,615,763,561,765,534,768,504,764,326,0.0007232192013094277,44.2899599989792,0.981945371745435,1226.6937669473728,0.3162721188786561,307.4200835906431,4862.485107790519,8.060289298685456,11.184776590496131,0.0005555055731817729,3.335241415340836,-0.41809343509395697,0.9984774358833385,85.0,231.0,208.0,469.0,1082.0,1887.0,2527.0,4068.0,7451.0,14557.0,20032.0,18223.0,16773.0,16225.0,16822.0,18604.0,20416.0,21881.0,21141.0,18374.0,14828.0,12204.0,10905.0,8841.0,3792.0,1076.0,236.0,96.0,17.0,4.0,0.0,0.0,0.0,104.0,122.0,230.0,386.0,612.0,1198.0,1934.0,2180.0,2834.0,4504.0,7574.0,13134.0,16540.0,17074.0,16223.0,15848.0,17245.0,18877.0,20612.0,25973.0,25521.0,22706.0,17193.0,13399.0,8714.0,1778.0,431.0,99.0,9.0,1.0,0.0,0.0,0.0,6.0,52.0,142.0,177.0,262.0,419.0,609.0,776.0,1183.0,1604.0,2033.0,3028.0,4642.0,8106.0,13715.0,12861.0,12943.0,15007.0,15423.0,15967.0,18139.0,22148.0,27561.0,32530.0,31734.0,22941.0,8541.0,469.0,31.0,6.0
238,500,249,568,264,635,278,701,302,766,342,818,393,863,449,902,512,914,575,906,632,873,684,830,724,777,751,713,769,646,784,574,793,501,269,443,301,406,350,392,403,397,456,413,554,417,608,399,663,391,717,403,755,440,507,477,508,517,508,556,508,597,462,648,486,652,510,655,534,651,559,646,332,490,363,466,404,465,435,498,401,509,360,508,584,498,617,465,658,463,692,487,663,506,621,508,412,746,452,724,488,707,512,713,537,707,575,723,616,745,576,782,538,795,512,797,485,793,450,778,430,747,488,731,513,732,537,731,600,748,536,759,512,761,486,758,327,0.0011498484242970614,20.053141083007052,0.9942179032112912,1734.0116878308709,0.43503696591964824,278.4918155747804,6915.9936102405045,8.191080088166292,10.674905717789004,0.0008238060649899772,2.836776539633595,-0.5165937579111424,0.9996744884033714,911.0,1297.0,1319.0,1436.0,1706.0,2543.0,3623.0,6417.0,12455.0,19926.0,22290.0,17226.0,11146.0,9833.0,10579.0,9429.0,8750.0,9354.0,12569.0,18162.0,12506.0,10489.0,12280.0,5431.0,177.0,8.0,10.0,17.0,6.0,4.0,9.0,1.0,651.0,1174.0,1144.0,1238.0,1567.0,1832.0,2353.0,3123.0,4404.0,7311.0,12850.0,20255.0,21000.0,16232.0,11420.0,10043.0,9938.0,9424.0,8880.0,10507.0,17747.0,17084.0,13988.0,12647.0,4971.0,92.0,10.0,10.0,5.0,9.0,0.0,0.0,26.0,517.0,626.0,691.0,729.0,838.0,868.0,845.0,967.0,829.0,871.0,975.0,1900.0,2722.0,4192.0,6376.0,9618.0,13721.0,16616.0,16775.0,14642.0,11666.0,10798.0,10787.0,12798.0,17339.0,22030.0,21131.0,17199.0,2788.0,29.0,0.0
255,445,255,530,261,618,279,701,305,777,344,847,389,912,442,964,516,981,598,971,668,923,728,857,779,784,817,702,832,613,837,519,839,424,279,450,310,424,358,427,406,440,456,459,531,467,586,446,645,432,705,435,756,461,491,490,489,557,486,625,484,695,429,689,456,713,492,730,533,713,569,692,339,477,369,468,404,467,442,485,403,489,368,489,577,489,615,474,654,474,690,486,654,497,615,495,394,749,432,760,470,770,504,779,539,770,587,765,639,762,593,797,545,817,507,820,471,812,434,788,411,757,469,781,504,789,540,784,622,767,542,786,506,791,472,780,328,0.0003434445611607644,76.98897532757547,0.98572250132244,2696.208294676513,0.24852425833991865,269.4141210936699,10707.844203378467,8.561353787928303,12.263917312606536,0.00038971220073419745,3.9019151193890127,-0.37955272565466824,0.9982473639592861,3.0,236.0,1927.0,3411.0,3696.0,4575.0,7260.0,9720.0,11033.0,12087.0,14059.0,16259.0,19276.0,18717.0,13904.0,11502.0,10508.0,10673.0,10109.0,9641.0,9337.0,9577.0,10498.0,9917.0,8564.0,3900.0,1504.0,641.0,224.0,21.0,0.0,0.0,1.0,513.0,1976.0,2862.0,3227.0,3967.0,6734.0,9343.0,10360.0,11413.0,13214.0,15438.0,18831.0,17295.0,13531.0,9373.0,8933.0,9096.0,8856.0,8556.0,9702.0,10196.0,9613.0,9721.0,9914.0,10576.0,6936.0,1891.0,611.0,100.0,0.0,0.0,0.0,100.0,657.0,848.0,1461.0,1563.0,2164.0,2587.0,3420.0,4477.0,6147.0,7828.0,8837.0,9833.0,11398.0,14557.0,15508.0,14199.0,13148.0,9627.0,7463.0,6634.0,6629.0,6574.0,7026.0,7399.0,7905.0,8341.0,8694.0,9214.0,13454.0,25087.0
216,484,227,558,239,628,253,698,281,760,327,812,386,856,448,894,513,907,579,894,642,858,701,816,746,762,773,697,788,627,801,557,813,483,260,452,299,420,352,408,408,411,459,427,553,426,609,411,668,410,724,424,764,458,509,480,508,520,508,558,507,599,453,638,480,645,509,652,537,646,566,639,328,488,363,468,402,468,433,496,399,499,361,498,588,496,620,469,658,470,694,489,661,498,622,499,389,720,435,702,481,692,511,701,542,694,591,706,641,720,592,767,544,790,511,793,478,788,434,765,407,724,480,716,511,719,542,718,623,724,543,755,511,758,480,753,329,0.0029894979269011225,17.42549950772522,0.9874051392835267,691.7109800706676,0.4928421857790195,319.8168779464453,2749.418420774953,7.377208492829789,9.510842844873894,0.0011033724860658228,2.62772576451374,-0.5099088922251498,0.999174920007827,37.0,147.0,459.0,879.0,1110.0,1444.0,1675.0,1848.0,2105.0,2999.0,4177.0,6222.0,8293.0,13261.0,29024.0,31505.0,30611.0,27208.0,24056.0,19905.0,10536.0,7784.0,1787.0,8.0,4.0,0.0,0.0,0.0,0.0,0.0,0.0,0.0,4.0,51.0,224.0,427.0,769.0,993.0,1130.0,1439.0,1758.0,1950.0,2210.0,2916.0,3394.0,3993.0,5074.0,7098.0,11623.0,21762.0,32425.0,38742.0,39228.0,27362.0,18316.0,4153.0,41.0,2.0,0.0,0.0,0.0,0.0,0.0,0.0,0.0,2.0,14.0,47.0,97.0,290.0,480.0,553.0,595.0,714.0,831.0,779.0,624.0,723.0,943.0,1011.0,1258.0,1601.0,1957.0,2437.0,3968.0,7337.0,13964.0,24663.0,50647.0,49524.0,33093.0,22959.0,5969.0,4.0,0.0,0.0
241,526,240,588,242,651,249,712,272,769,315,815,378,847,439,875,504,883,572,876,640,850,709,821,760,774,792,716,805,651,810,584,813,516,265,467,297,431,346,414,401,415,454,429,555,425,610,411,667,411,720,424,760,456,505,485,503,513,502,540,500,569,455,623,479,628,504,631,530,628,557,624,331,498,363,474,402,471,437,499,402,505,362,506,585,496,619,468,658,470,694,491,660,501,620,502,402,723,444,702,484,681,505,686,528,680,573,699,622,722,575,746,531,760,506,762,482,760,443,748,421,723,483,707,505,709,529,706,605,721,529,726,505,727,483,725,33,0.0021375861142365815,15.60256333758235,0.9947972902385136,1499.4336296813817,0.505398187329181,380.3210541452113,5982.131955387944,7.955894108886246,10.002408228404045,0.0009381321449816075,2.6312280956150587,-0.5648684409429611,0.999783669291938,179.0,164.0,486.0,822.0,1084.0,1105.0,1086.0,1282.0,1552.0,1777.0,2081.0,2350.0,2482.0,3034.0,3521.0,3869.0,5680.0,7669.0,11564.0,15489.0,17348.0,22579.0,26513.0,21367.0,18194.0,19106.0,14568.0,11556.0,5021.0,1519.0,0.0,0.0,177.0,166.0,371.0,606.0,994.0,1053.0,1062.0,1121.0,1301.0,1581.0,1960.0,1974.0,2241.0,2659.0,3406.0,3491.0,3974.0,4654.0,7522.0,11347.0,14526.0,15912.0,22953.0,24006.0,23936.0,18732.0,18871.0,16521.0,11476.0,5611.0,843.0,0.0,0.0,0.0,41.0,157.0,287.0,458.0,704.0,737.0,668.0,816.0,852.0,860.0,762.0,730.0,898.0,1096.0,1138.0,1222.0,1545.0,1946.0,2700.0,3090.0,3712.0,5404.0,8159.0,11404.0,14452.0,19752.0,29203.0,35896.0,31446.0,44912.0
139,502,149,589,165,676,190,763,237,841,303,908,380,961,459,1004,539,1011,605,986,650,921,691,853,723,783,741,707,755,633,756,561,745,497,250,449,293,410,353,396,416,398,474,421,589,424,628,403,672,396,712,402,734,435,540,485,549,536,560,588,570,640,479,675,515,686,554,698,585,685,608,670,333,492,366,472,404,473,442,497,404,501,366,501,588,496,621,470,656,469,685,487,659,497,624,498,371,754,435,735,501,728,541,734,575,726,617,729,649,740,619,817,579,851,540,858,497,856,431,824,387,757,500,753,541,757,576,750,630,749,576,809,539,818,498,816,330,0.0006904290039096427,44.376784878921626,0.9890403113726961,2024.8393634287013,0.3129243868850631,296.6570514881919,8054.980668835884,8.327093482948742,11.466876969246837,0.0005308742778898981,3.3601071382803287,-0.43612636617886497,0.9990768024069894,2752.0,4085.0,3188.0,4402.0,4715.0,5010.0,5830.0,7952.0,10009.0,11821.0,12110.0,13872.0,16452.0,18609.0,20376.0,24154.0,28933.0,28072.0,24166.0,16974.0,10493.0,6139.0,3409.0,2058.0,1273.0,684.0,349.0,147.0,121.0,53.0,27.0,27.0,1235.0,2242.0,3139.0,2472.0,3755.0,4380.0,3913.0,4318.0,5985.0,6720.0,8859.0,10764.0,10324.0,11377.0,13983.0,15335.0,17397.0,20144.0,23790.0,26733.0,27239.0,25989.0,17196.0,10297.0,4796.0,2640.0,1501.0,1093.0,380.0,141.0,66.0,59.0,3.0,232.0,619.0,759.0,604.0,835.0,2113.0,3069.0,3254.0,2660.0,2553.0,2999.0,3875.0,3784.0,3705.0,4225.0,5197.0,6625.0,7618.0,7361.0,9086.0,11282.0,13949.0,14744.0,14468.0,15792.0,19704.0,27610.0,34610.0,29850.0,19445.0,15632.0
268,414,270,492,281,571,298,648,321,725,355,799,395,866,445,920,511,938,581,926,647,878,706,819,754,748,784,668,802,585,819,495,828,403,283,418,319,404,364,412,407,428,446,449,560,454,608,430,660,413,714,404,765,419,499,501,494,563,489,625,484,688,438,689,462,706,492,718,525,707,555,693,338,490,369,497,401,497,434,497,399,507,367,506,585,496,620,496,654,496,691,488,657,507,621,507,416,757,445,764,472,768,499,777,528,770,566,769,611,765,569,808,529,828,498,829,469,822,442,798,432,765,471,782,499,789,528,784,593,772,527,788,499,792,470,783,331,0.0033267683379580794,7.94654162309116,0.9891391557546778,366.0518612260953,0.4744619475243601,229.09225333267872,1456.2609032812852,7.08224778032599,9.226930518999746,0.000996350260209465,2.4969313860409024,-0.48471292404792127,0.9985088636477903,0.0,15.0,292.0,2198.0,6556.0,10738.0,20371.0,52308.0,57105.0,41821.0,13670.0,2123.0,940.0,700.0,637.0,459.0,385.0,458.0,470.0,280.0,135.0,80.0,46.0,44.0,16.0,2.0,0.0,0.0,0.0,0.0,0.0,0.0,0.0,0.0,1.0,137.0,1003.0,2459.0,3413.0,5093.0,6826.0,7286.0,17308.0,36575.0,39371.0,45869.0,35336.0,6797.0,1014.0,695.0,627.0,479.0,489.0,460.0,309.0,121.0,73.0,59.0,33.0,16.0,0.0,0.0,0.0,0.0,0.0,0.0,0.0,0.0,0.0,10.0,74.0,439.0,764.0,1159.0,1221.0,1361.0,1770.0,2566.0,3007.0,3354.0,4243.0,8074.0,13545.0,24981.0,27974.0,37614.0,42190.0,26511.0,9510.0,712.0,473.0,145.0,70.0,51.0,25.0,6.0
236,478,236,557,245,631,255,705,277,775,316,838,369,891,430,938,501,957,578,946,652,911,717,859,765,794,793,720,808,643,822,566,826,485,269,429,307,396,357,386,409,392,455,411,555,408,606,390,662,385,718,399,762,432,503,472,501,528,497,585,494,644,446,668,470,679,498,689,531,680,560,669,331,481,364,462,401,464,438,492,399,495,361,494,584,492,620,465,658,465,693,484,660,496,622,496,392,748,433,737,474,731,504,739,535,731,584,738,638,748,585,796,537,817,504,820,472,814,433,792,410,752,473,753,504,758,535,754,621,752,536,779,505,783,473,777,332,0.0018994103691171837,9.783475625640033,0.9951240559035435,1003.5286130637814,0.518740618616197,277.01622319550074,4004.3309766294806,7.951349326379325,9.939945006833412,0.0009792760815463379,2.4322082165834296,-0.5711177286503805,0.9998031979997564,27.0,494.0,1003.0,1677.0,1880.0,2036.0,2922.0,4313.0,6449.0,9465.0,13904.0,21996.0,29154.0,32934.0,27354.0,25586.0,23835.0,19870.0,15059.0,9357.0,8810.0,6883.0,1482.0,14.0,4.0,2.0,1.0,1.0,1.0,1.0,3.0,1.0,40.0,147.0,526.0,909.0,1548.0,2043.0,2041.0,2973.0,4392.0,6233.0,8174.0,11404.0,16565.0,24893.0,32912.0,31177.0,23880.0,23975.0,21479.0,17802.0,10233.0,8619.0,9175.0,5360.0,6.0,0.0,2.0,4.0,1.0,1.0,3.0,1.0,0.0,0.0,14.0,54.0,102.0,302.0,685.0,896.0,1090.0,1249.0,1162.0,1548.0,2547.0,3363.0,3953.0,4682.0,5868.0,9871.0,15792.0,18635.0,31072.0,34529.0,20266.0,23532.0,23569.0,16841.0,12674.0,11401.0,8601.0,5811.0,5368.0,1041.0
223,501,229,580,239,657,250,734,276,805,322,865,380,919,444,964,517,976,589,959,647,908,698,849,737,785,758,711,767,637,778,564,785,489,265,464,295,413,353,392,413,395,470,417,560,420,617,397,675,392,731,412,755,466,515,474,515,523,516,572,516,623,456,658,485,666,515,676,544,665,572,656,333,489,362,468,400,469,435,492,399,499,361,501,588,492,622,469,659,470,688,489,660,501,623,500,385,744,436,741,481,737,514,744,548,737,592,738,638,739,596,790,553,814,516,819,480,816,434,794,403,752,480,753,514,757,549,752,621,747,551,783,515,789,481,785,333,0.0006634502761997466,45.88695845143087,0.9826296277551207,1321.3436706518196,0.26140755330979054,318.3436958060776,5239.487724155828,8.031985568475173,11.430865185555854,0.00042892243129405373,3.6075241252227865,-0.3766052086692676,0.9972970443464699,403.0,249.0,530.0,1136.0,1859.0,2539.0,3402.0,4494.0,5377.0,6893.0,9054.0,10622.0,11480.0,14841.0,17200.0,20543.0,23781.0,27497.0,27434.0,20449.0,17591.0,15258.0,7950.0,1847.0,830.0,265.0,30.0,17.0,12.0,16.0,14.0,12.0,191.0,156.0,233.0,379.0,679.0,1059.0,1699.0,2292.0,2906.0,3836.0,4622.0,5770.0,7353.0,8695.0,9736.0,11124.0,14297.0,18110.0,21378.0,24442.0,28351.0,29267.0,22787.0,19706.0,10767.0,2586.0,887.0,255.0,28.0,14.0,12.0,8.0,1.0,25.0,100.0,177.0,217.0,255.0,383.0,518.0,751.0,1131.0,1857.0,2319.0,2604.0,3230.0,3982.0,4485.0,5260.0,6171.0,6985.0,8376.0,9784.0,11837.0,13331.0,14012.0,17381.0,20732.0,27117.0,32435.0,25699.0,19758.0,11500.0,1212.0
228,481,228,558,239,633,251,707,277,776,322,835,378,885,441,927,511,940,581,928,646,888,705,841,751,782,778,713,789,640,798,566,800,489,269,444,314,414,368,407,421,417,469,439,552,440,600,420,653,411,706,415,751,440,509,484,509,536,508,588,507,641,452,667,479,675,507,683,536,675,563,667,334,488,366,472,399,473,432,497,398,497,364,496,588,497,621,475,655,475,688,489,656,497,623,497,387,742,433,728,476,718,506,727,537,719,584,729,629,742,587,789,543,812,509,815,477,811,435,790,406,746,475,742,506,746,538,742,613,745,540,772,508,775,477,771,334,0.0011781010242251648,18.575184597222474,0.9917688628049315,1128.5004339580637,0.40132735126642555,326.562990582357,4495.4265512350175,8.03539859830559,10.687725628693226,0.0007074779010405801,2.928523245574074,-0.4819664982502121,0.9993681667351505,0.0,6.0,26.0,58.0,135.0,261.0,583.0,1291.0,2078.0,3151.0,4190.0,5657.0,10337.0,21287.0,30754.0,28954.0,25200.0,22814.0,19061.0,15039.0,11201.0,8534.0,7408.0,5684.0,4208.0,3389.0,3111.0,2953.0,1002.0,311.0,168.0,104.0,0.0,0.0,4.0,47.0,118.0,210.0,387.0,768.0,1192.0,1785.0,2716.0,3644.0,5048.0,6327.0,9547.0,18530.0,31668.0,28955.0,21920.0,18675.0,16866.0,14927.0,12654.0,10007.0,9153.0,7006.0,5456.0,4764.0,4494.0,1698.0,307.0,82.0,0.0,0.0,0.0,0.0,0.0,5.0,53.0,149.0,302.0,585.0,650.0,836.0,1066.0,1321.0,1486.0,1809.0,2480.0,3327.0,4944.0,7358.0,12542.0,27115.0,22306.0,19619.0,19832.0,18593.0,16609.0,13298.0,15388.0,16023.0,12982.0,18277.0
293,502,284,567,282,635,287,707,300,781,329,852,367,914,413,974,481,995,564,990,649,953,727,905,794,845,838,767,856,679,866,590,873,499,290,450,306,413,347,401,392,406,435,423,524,422,585,399,651,394,715,412,764,452,471,477,460,533,449,588,438,646,403,671,428,689,459,702,500,689,540,675,333,488,360,469,395,469,429,492,393,497,359,497,581,491,618,468,655,468,691,487,655,496,617,495,377,758,407,752,439,747,471,756,507,749,563,754,628,762,563,793,507,807,470,809,437,803,408,786,395,763,439,767,471,772,508,768,608,765,507,773,470,775,438,769,335,0.0010148307690510372,25.225347595866403,0.9801110045384114,634.4081298264723,0.30311845831666084,186.52634823929765,2512.4071717100396,7.617253226736067,10.77513970342899,0.000543661925636313,3.3307086504536483,-0.37429552392151483,0.9961894149131507,0.0,66.0,562.0,3365.0,9400.0,18495.0,29282.0,37000.0,48794.0,49960.0,30962.0,17955.0,10836.0,5976.0,5144.0,5036.0,4411.0,2905.0,1463.0,670.0,212.0,48.0,25.0,20.0,26.0,12.0,7.0,9.0,10.0,8.0,0.0,0.0,0.0,8.0,234.0,956.0,4035.0,8825.0,16505.0,25060.0,34182.0,44804.0,49137.0,38296.0,18170.0,11916.0,8591.0,5976.0,5375.0,4365.0,3428.0,1520.0,804.0,256.0,95.0,36.0,22.0,22.0,9.0,12.0,8.0,12.0,0.0,0.0,0.0,0.0,79.0,103.0,279.0,1124.0,2017.0,3060.0,5231.0,8913.0,13778.0,17813.0,22000.0,24634.0,28040.0,35475.0,38454.0,21785.0,15630.0,13461.0,8519.0,5484.0,5678.0,5335.0,4351.0,1230.0,129.0,21.0,13.0,18.0,5.0,0.0
230,464,242,545,254,624,270,700,300,769,350,822,410,866,464,904,524,915,582,899,639,860,701,818,756,768,792,701,810,625,824,541,838,456,262,442,296,404,350,396,403,408,456,423,553,423,605,408,661,402,715,411,762,437,506,489,504,530,502,570,501,613,452,652,480,656,508,660,534,655,562,652,331,486,366,464,407,466,438,501,402,507,360,504,583,500,612,466,653,466,690,488,658,504,616,506,398,734,438,718,480,707,511,713,541,706,590,716,634,730,594,791,547,824,513,829,480,826,438,797,411,738,480,718,511,720,542,717,620,733,545,793,513,799,481,794,336,0.0010550309797626293,26.81153484625543,0.9946163232076946,2489.8682844492323,0.4366710282186962,312.46662556522824,9932.661602950706,8.449337094662118,10.918792407509246,0.0007723825188086002,2.8799410920973267,-0.5362224435855557,0.9998129305493948,2552.0,4185.0,2850.0,2623.0,3164.0,3824.0,4726.0,6824.0,9093.0,10590.0,13259.0,16266.0,13193.0,12218.0,12927.0,13853.0,13472.0,14047.0,11531.0,8855.0,7567.0,5520.0,5801.0,7186.0,7651.0,10306.0,7633.0,2008.0,160.0,19.0,0.0,0.0,2094.0,3501.0,2317.0,2050.0,2202.0,2201.0,2151.0,2381.0,2702.0,3105.0,4395.0,6812.0,8933.0,11007.0,15283.0,17921.0,14446.0,14190.0,16186.0,15532.0,11641.0,8890.0,9730.0,8968.0,6394.0,6214.0,7388.0,11553.0,11984.0,1685.0,46.0,1.0,308.0,1320.0,1358.0,1079.0,870.0,876.0,854.0,778.0,772.0,781.0,956.0,1148.0,1263.0,1299.0,1434.0,1690.0,1967.0,2297.0,3511.0,5777.0,10780.0,11884.0,13988.0,17488.0,25487.0,22681.0,17505.0,13078.0,12467.0,11026.0,12301.0,34880.0
199,525,201,608,204,688,216,772,245,846,293,907,360,954,436,988,516,997,593,984,658,946,709,895,743,830,766,758,777,684,784,610,788,534,272,458,302,408,359,383,419,386,476,405,560,405,613,387,671,388,723,416,745,468,519,461,520,510,521,559,523,612,449,649,483,659,518,669,551,661,582,651,338,488,368,469,400,466,432,483,402,488,370,490,589,485,623,468,654,472,681,493,652,494,621,490,389,768,436,743,481,734,514,739,546,736,587,746,631,771,588,804,547,814,513,816,478,812,433,800,405,768,481,749,514,752,546,750,613,771,546,786,514,789,480,786,337,0.0010307470997114108,23.773302092631607,0.9868751989037154,905.7476300846238,0.34769733536225994,232.65061747879642,3599.2172182458617,7.843790937956039,10.727008815714154,0.000735211490730921,3.196536500493831,-0.4338015516886671,0.9985532325319447,0.0,8.0,90.0,389.0,1837.0,5783.0,8925.0,11694.0,14136.0,15407.0,18675.0,22588.0,25056.0,28124.0,32129.0,32639.0,26152.0,24430.0,17730.0,6009.0,1736.0,77.0,3.0,4.0,3.0,1.0,0.0,0.0,0.0,0.0,0.0,0.0,0.0,2.0,111.0,352.0,1727.0,5285.0,8090.0,10959.0,13287.0,15400.0,17998.0,21961.0,24139.0,27675.0,33679.0,35397.0,29051.0,26540.0,13320.0,6823.0,1800.0,18.0,6.0,2.0,3.0,0.0,0.0,0.0,0.0,0.0,0.0,0.0,0.0,0.0,5.0,64.0,216.0,1321.0,3313.0,5054.0,5645.0,7231.0,8845.0,10301.0,12664.0,14292.0,14787.0,15606.0,17998.0,22652.0,26815.0,29110.0,29362.0,26504.0,25205.0,15455.0,1180.0,0.0,0.0,0.0,0.0,0.0,0.0,0.0
320,515,315,579,321,648,337,713,360,776,390,832,421,888,450,946,505,967,576,962,651,928,727,884,793,825,839,755,860,673,869,585,872,499,321,444,336,414,371,409,408,416,442,432,513,429,570,411,631,407,692,422,741,456,475,481,466,533,456,587,446,641,421,671,442,686,468,696,500,687,532,676,357,481,376,461,410,463,441,490,409,496,375,496,574,492,603,465,643,467,677,488,645,501,606,500,409,768,427,750,452,739,475,748,503,740,552,754,602,775,558,813,513,833,482,834,456,827,431,803,424,770,454,766,477,769,505,767,582,775,508,783,480,785,455,778,338,0.0006027660265495786,25.434143319861047,0.9914468959494105,1486.922758490066,0.3066977994714656,216.89103554013715,5922.2568906404085,8.21772940055995,11.271635485878555,0.0006635754106256411,3.2633719920640223,-0.43949875970518176,0.99904681273096,1779.0,3338.0,6356.0,9789.0,14023.0,19171.0,21253.0,25175.0,27001.0,23224.0,15012.0,13667.0,12893.0,11453.0,11163.0,13374.0,9410.0,2167.0,1132.0,122.0,23.0,6.0,2.0,0.0,1.0,0.0,0.0,0.0,0.0,0.0,0.0,0.0,434.0,1368.0,2550.0,4210.0,6095.0,7924.0,10580.0,15598.0,17499.0,18573.0,22105.0,24632.0,19313.0,13844.0,11420.0,12208.0,11579.0,12499.0,11773.0,13377.0,3696.0,245.0,10.0,1.0,1.0,0.0,0.0,0.0,0.0,0.0,0.0,0.0,47.0,145.0,311.0,608.0,1055.0,1754.0,2460.0,3482.0,4195.0,5412.0,7195.0,9887.0,12665.0,11580.0,11186.0,11274.0,12344.0,14226.0,14844.0,13264.0,13898.0,12794.0,10967.0,10167.0,10477.0,10614.0,11358.0,13223.0,8099.0,1956.0,47.0,0.0
150,535,158,623,170,712,197,794,242,860,305,909,378,942,458,959,528,955,582,937,615,892,639,837,654,778,666,720,675,662,672,608,663,556,285,424,330,381,393,363,457,372,512,398,593,409,622,398,652,396,677,408,685,442,557,464,571,497,586,529,603,563,515,642,544,643,571,645,590,643,604,638,344,478,382,453,420,455,454,486,418,489,379,489,579,496,609,474,639,480,653,509,635,511,605,505,447,763,508,725,555,700,575,707,591,701,610,724,612,763,602,780,583,787,564,789,542,788,502,781,467,759,549,741,570,741,586,740,600,759,585,745,569,746,549,746,339,0.0009532852616381545,20.06111934813868,0.9951681936055368,2076.0266283425544,0.3795311482583028,294.62007759009737,8284.045394022105,8.338352358044645,11.048657321156794,0.0007092489777857322,3.030346397268321,-0.4950789621231472,0.9996148822187297,0.0,1.0,161.0,513.0,955.0,1702.0,2039.0,2507.0,3433.0,4672.0,7829.0,10804.0,11568.0,10147.0,11368.0,11835.0,11784.0,12053.0,14780.0,19920.0,22615.0,28190.0,19141.0,18356.0,12133.0,7550.0,2903.0,239.0,2.0,0.0,1.0,0.0,120.0,641.0,1608.0,2797.0,3295.0,3532.0,3946.0,5492.0,7877.0,10574.0,10323.0,8988.0,8833.0,9175.0,9299.0,10935.0,12562.0,11876.0,14056.0,18311.0,26203.0,25699.0,15772.0,11815.0,9827.0,4450.0,1096.0,98.0,0.0,1.0,0.0,0.0,37.0,399.0,555.0,850.0,1345.0,1601.0,1811.0,1658.0,1690.0,2117.0,2905.0,4035.0,5393.0,6158.0,8351.0,9113.0,8607.0,8153.0,8269.0,9334.0,11067.0,12692.0,12798.0,13363.0,14192.0,14599.0,24322.0,25492.0,23293.0,13084.0,1781.0,137.0
197,485,204,569,214,647,228,726,257,795,309,855,371,904,441,948,510,962,577,944,635,891,687,834,731,773,755,703,762,625,770,551,776,476,262,449,302,409,360,396,418,403,470,425,553,421,602,402,655,399,705,412,737,449,516,478,518,529,520,580,523,632,453,662,484,671,518,679,550,668,579,657,331,489,365,481,396,481,432,496,395,496,364,495,585,494,619,480,648,479,681,487,649,491,619,493,368,733,422,719,477,713,517,720,556,712,603,715,644,725,607,793,560,827,517,835,474,830,419,800,383,737,477,733,516,738,556,731,630,731,558,788,517,797,476,792,34,0.0007606105850544087,34.88391044886896,0.9858151665740198,1229.5943368856451,0.3245813506990618,292.07848938456107,4883.493437093719,8.109757052961974,11.194887588094455,0.0005881727747160627,3.3250812418834785,-0.4266974155595682,0.9987212478919784,151.0,671.0,1142.0,1429.0,1613.0,2150.0,3677.0,6656.0,9512.0,10408.0,12663.0,14376.0,19457.0,21933.0,19056.0,18682.0,16581.0,18797.0,20533.0,14620.0,11755.0,9748.0,8035.0,4224.0,2238.0,502.0,34.0,2.0,0.0,0.0,0.0,0.0,29.0,353.0,714.0,903.0,1014.0,1304.0,1481.0,1883.0,2789.0,3953.0,5932.0,9071.0,12762.0,14693.0,15253.0,19004.0,24234.0,23874.0,21875.0,22653.0,16223.0,15420.0,14543.0,11537.0,5755.0,2772.0,595.0,25.0,1.0,0.0,0.0,0.0,1.0,11.0,144.0,343.0,564.0,593.0,634.0,733.0,843.0,905.0,1199.0,1420.0,1803.0,2436.0,3557.0,6069.0,9026.0,10587.0,13375.0,17644.0,28942.0,28269.0,23737.0,18314.0,15829.0,14958.0,14355.0,13696.0,11298.0,7506.0,1780.0,74.0
263,536,258,603,260,671,273,741,296,812,324,884,365,947,420,993,496,1015,580,1007,660,973,731,926,784,865,821,797,841,722,849,647,853,571,293,471,315,423,369,400,425,401,478,419,552,417,607,399,670,396,729,423,762,470,506,467,500,517,493,565,485,617,433,650,459,665,491,676,529,666,563,653,348,493,373,475,402,473,436,491,402,497,373,498,593,492,626,472,659,474,688,496,657,498,625,496,386,763,424,736,463,725,493,731,524,726,572,738,627,765,571,785,521,791,491,793,461,790,425,783,400,758,462,742,492,746,522,745,612,760,524,774,494,775,464,771,340,0.0003007396788004982,128.09585063539788,0.9621674940723253,1692.8017393126893,0.19041088723376337,267.72663188516043,6643.11110661535,8.265980943433913,12.386631038750375,0.00028465885359241645,4.253545768756933,-0.2998028808338033,0.9928747810166094,1943.0,1823.0,4031.0,6710.0,7553.0,8435.0,9564.0,10949.0,12726.0,14627.0,15025.0,15695.0,19112.0,22666.0,22857.0,22307.0,21597.0,18871.0,15379.0,13208.0,11625.0,8522.0,4782.0,1910.0,308.0,33.0,6.0,1.0,4.0,1.0,1.0,0.0,855.0,1295.0,1454.0,2909.0,4519.0,5742.0,6480.0,7677.0,8165.0,9018.0,10229.0,11311.0,14133.0,14247.0,15066.0,18608.0,23067.0,25091.0,24137.0,24601.0,20961.0,16622.0,12561.0,8231.0,3961.0,1169.0,143.0,9.0,4.0,2.0,3.0,1.0,151.0,489.0,419.0,896.0,1215.0,1293.0,1493.0,2132.0,2670.0,3936.0,4712.0,5090.0,6131.0,6869.0,7944.0,9062.0,10941.0,13270.0,15341.0,17651.0,20553.0,23515.0,28254.0,31166.0,28650.0,23466.0,13709.0,5824.0,3738.0,1479.0,206.0,6.0
305,516,301,583,299,650,302,720,312,792,334,862,372,925,422,965,494,980,585,982,682,964,772,929,845,870,889,788,906,698,916,603,922,507,302,456,311,414,351,398,395,406,435,425,523,418,582,393,645,383,707,404,754,444,473,470,462,521,450,570,436,621,409,671,433,681,461,688,497,680,535,672,345,492,368,470,401,467,436,489,402,493,369,497,580,485,615,462,653,463,689,482,653,489,615,488,384,772,411,762,440,757,469,764,501,757,555,762,628,769,559,785,507,790,473,793,444,791,415,788,397,771,440,771,470,775,503,770,612,769,505,771,472,774,442,771,341,0.0006070094240363674,18.009179017970894,0.9956824247453221,2085.5982103550605,0.3192717276535007,244.85185933177982,8324.383662402273,8.421864914707948,11.366378180595973,0.0005982654001399831,3.1238078628069745,-0.4692846494190562,0.9994832224345744,29.0,900.0,2578.0,4910.0,11073.0,16530.0,23030.0,31056.0,28718.0,18240.0,15125.0,14262.0,14336.0,13717.0,13368.0,12207.0,10845.0,9455.0,8571.0,8435.0,7587.0,6960.0,6764.0,6667.0,6517.0,5979.0,3867.0,2284.0,1149.0,159.0,0.0,0.0,0.0,69.0,669.0,1982.0,3065.0,4593.0,10010.0,14887.0,20441.0,27737.0,31309.0,23265.0,16733.0,16177.0,14868.0,13773.0,13445.0,13148.0,11745.0,10317.0,9018.0,7785.0,7493.0,7325.0,7649.0,8463.0,5702.0,2702.0,907.0,41.0,0.0,0.0,0.0,2.0,68.0,370.0,688.0,881.0,1299.0,1567.0,2091.0,4147.0,8618.0,12814.0,13206.0,15988.0,21386.0,24274.0,20060.0,20455.0,17901.0,17449.0,18950.0,16133.0,13048.0,12810.0,12507.0,10359.0,9556.0,11516.0,12322.0,4328.0,518.0,7.0
271,498,270,568,275,634,279,704,293,774,326,839,377,894,438,943,512,958,591,946,657,907,714,862,757,801,778,731,789,659,800,584,804,506,294,469,320,423,372,403,429,406,481,424,537,423,596,404,659,404,721,427,756,476,509,471,507,526,504,581,501,637,445,659,474,673,505,687,541,675,573,662,349,485,377,465,411,467,445,487,411,489,377,490,586,488,621,466,655,469,685,487,654,492,620,490,404,760,433,731,474,719,508,730,543,720,589,736,628,763,590,811,546,834,507,839,470,832,429,805,420,760,473,750,508,755,543,751,611,763,544,787,508,791,472,784,342,0.0004748143442500421,58.80190038735702,0.9871075110043165,2280.4176859523354,0.2721514112702319,195.70280081617182,9062.868843421977,8.444012396487839,11.895621663400108,0.0004369483953348995,3.6510056505670936,-0.40379597427781216,0.9986485195247311,3664.0,10570.0,14920.0,21064.0,24986.0,29878.0,27956.0,13771.0,9388.0,9756.0,9813.0,10517.0,10528.0,9412.0,7996.0,6516.0,5379.0,4236.0,2741.0,1847.0,1265.0,844.0,493.0,407.0,369.0,298.0,171.0,72.0,28.0,11.0,9.0,6.0,830.0,3649.0,7721.0,10022.0,12867.0,16021.0,16815.0,18251.0,25620.0,22579.0,12203.0,7156.0,6961.0,7087.0,8031.0,8544.0,9679.0,10290.0,9106.0,7560.0,6154.0,4650.0,2722.0,1677.0,1021.0,670.0,476.0,330.0,161.0,37.0,12.0,9.0,39.0,464.0,1178.0,2706.0,3306.0,5325.0,6265.0,6857.0,7427.0,8907.0,10433.0,10992.0,12554.0,15520.0,17705.0,17585.0,11167.0,6286.0,5641.0,5777.0,6568.0,6854.0,6837.0,7883.0,10439.0,10161.0,9422.0,9082.0,7562.0,5262.0,1878.0,829.0
205,436,217,516,233,593,250,664,283,725,331,775,389,817,446,853,503,863,559,851,615,813,668,772,713,723,743,662,758,592,770,521,781,445,266,430,307,399,362,394,418,404,472,422,569,426,617,407,668,395,720,399,752,433,516,487,516,529,515,570,515,611,459,646,486,648,514,652,539,647,566,643,332,485,366,468,407,471,437,502,402,510,361,506,589,501,616,468,656,465,688,481,660,501,621,506,409,711,452,705,489,695,512,701,534,694,568,699,609,704,572,744,539,763,514,767,489,766,452,751,429,713,488,716,512,717,535,714,590,708,537,727,514,731,490,729,343,0.0013985033202624016,28.028902042915007,0.9891831894019785,1295.8874338804771,0.41884223462662346,333.2819879007011,5155.5208334789895,7.9836702953387855,10.55829790957744,0.0007392777159142922,2.921383695489708,-0.48946579033927506,0.9994099815321633,20.0,256.0,1514.0,1525.0,868.0,791.0,946.0,1202.0,1950.0,2582.0,3725.0,6795.0,10064.0,11111.0,13562.0,17672.0,23276.0,25125.0,25150.0,19433.0,13521.0,7562.0,4592.0,2513.0,1557.0,808.0,133.0,78.0,37.0,34.0,8.0,21.0,12.0,58.0,608.0,1828.0,1324.0,636.0,729.0,843.0,943.0,1316.0,1942.0,2977.0,3805.0,5769.0,8153.0,8659.0,8358.0,10588.0,14581.0,19579.0,21113.0,27289.0,21050.0,13986.0,10166.0,6758.0,3388.0,1697.0,199.0,43.0,18.0,16.0,2.0,7.0,67.0,395.0,614.0,810.0,928.0,665.0,593.0,544.0,457.0,537.0,666.0,815.0,1062.0,1438.0,1703.0,2053.0,2734.0,4165.0,6531.0,7925.0,8208.0,10249.0,14822.0,19791.0,21774.0,26839.0,22620.0,14148.0,12133.0,13136.0
225,487,238,559,252,628,267,695,296,756,343,802,402,835,457,868,516,881,578,872,646,839,714,804,768,753,797,689,813,618,826,545,835,472,265,438,297,400,348,385,402,390,455,407,546,410,603,392,662,388,719,403,761,440,500,480,500,515,500,548,500,584,455,634,481,637,505,638,530,636,556,633,335,491,367,472,405,470,434,499,403,506,364,505,585,497,616,470,655,470,691,489,659,502,619,504,410,728,448,702,483,684,507,690,529,686,573,704,620,727,574,761,533,778,508,780,482,776,448,759,430,727,485,707,508,708,531,708,599,727,530,743,507,743,483,740,344,0.0026227642703014705,17.489550109480078,0.9941168554949149,1486.3529188925695,0.5733186927662455,374.3985438558726,5927.922125460827,7.893004476710249,9.728706095780067,0.0011218391616412606,2.4378999379354984,-0.5927350739523634,0.9998451529220561,1075.0,770.0,1049.0,1553.0,1512.0,1389.0,1180.0,1151.0,1298.0,2189.0,2973.0,3868.0,4644.0,6893.0,13191.0,15904.0,15290.0,17655.0,18566.0,15779.0,16227.0,15947.0,18473.0,14203.0,11409.0,8699.0,9360.0,8156.0,285.0,0.0,0.0,0.0,692.0,611.0,611.0,946.0,1106.0,1257.0,1141.0,1061.0,833.0,782.0,803.0,1041.0,1184.0,1770.0,2326.0,3091.0,3867.0,5345.0,7732.0,17647.0,18637.0,19993.0,23752.0,18642.0,21877.0,22994.0,20438.0,11895.0,12791.0,5822.0,1.0,0.0,8.0,98.0,287.0,477.0,608.0,665.0,617.0,651.0,679.0,742.0,736.0,696.0,591.0,531.0,669.0,723.0,810.0,974.0,957.0,1114.0,1563.0,2259.0,2802.0,4339.0,7199.0,13836.0,24345.0,30677.0,31243.0,40913.0,35249.0,23630.0
116,487,120,583,130,681,152,777,202,860,279,927,370,973,462,1005,549,1007,617,974,654,900,688,834,717,765,736,693,746,620,741,555,727,494,244,441,297,396,367,379,438,386,499,420,582,416,625,394,671,383,714,394,729,434,547,473,559,524,573,575,587,630,477,664,523,681,567,694,600,678,623,656,326,486,364,469,404,470,443,492,404,496,363,497,585,496,623,472,659,471,685,491,661,499,625,499,362,749,445,741,515,736,553,743,587,733,622,733,654,734,622,804,589,841,551,850,511,848,440,819,379,754,515,755,553,757,588,749,636,743,586,798,550,809,511,809,345,0.00045405845625405344,26.967520844645755,0.9929999176156672,1926.2886025538592,0.28078619888563705,219.13959231847568,7678.186889370791,8.450317370125457,11.617287088800357,0.0005331964782136694,3.3309556719904534,-0.441559506062835,0.9992338438809041,1301.0,4456.0,6767.0,11712.0,14474.0,21921.0,32896.0,33050.0,30810.0,22932.0,20975.0,18837.0,14650.0,12603.0,10859.0,9592.0,7649.0,6214.0,5266.0,4456.0,3913.0,3363.0,3060.0,2693.0,1874.0,1338.0,857.0,469.0,38.0,1.0,0.0,0.0,365.0,1923.0,3675.0,4790.0,7269.0,9797.0,13658.0,16115.0,23173.0,24992.0,24102.0,24033.0,23649.0,20724.0,17732.0,16071.0,13388.0,11879.0,10135.0,8701.0,7302.0,6134.0,5399.0,4913.0,4268.0,2597.0,1404.0,786.0,52.0,0.0,0.0,0.0,92.0,675.0,1330.0,1623.0,2189.0,3436.0,4323.0,5029.0,6997.0,9286.0,11465.0,15433.0,18358.0,17152.0,17420.0,18350.0,19579.0,20595.0,17703.0,15281.0,13419.0,13883.0,12976.0,11632.0,9528.0,8557.0,10166.0,10304.0,9236.0,2893.0,116.0,0.0
234,508,237,582,244,654,254,727,282,790,327,846,381,894,444,934,511,945,575,931,634,889,688,841,731,787,758,724,770,654,776,584,780,512,272,456,310,423,363,413,415,422,464,444,560,442,610,419,667,412,722,422,760,458,511,493,511,544,511,593,511,643,446,664,476,675,508,685,541,675,572,664,331,492,366,477,401,479,436,502,399,502,363,501,586,502,622,479,657,478,690,494,659,501,622,502,367,729,416,713,470,707,509,715,548,707,603,712,650,725,604,792,551,823,509,829,467,824,414,796,383,732,470,728,509,733,547,728,634,728,550,786,510,792,470,787,346,0.0015861656573113933,14.657295743204065,0.9899454761970794,728.9233342974958,0.4143450250740448,229.5129683859268,2901.0360414467796,7.695127584695595,10.22571126495507,0.0010326622365670775,2.8204885684428547,-0.47372186191988014,0.9990209315456252,31.0,218.0,671.0,2427.0,3941.0,5104.0,7330.0,14018.0,18397.0,20513.0,23153.0,27820.0,28260.0,25340.0,17241.0,13061.0,9276.0,5745.0,3573.0,1587.0,811.0,21.0,0.0,0.0,0.0,0.0,0.0,0.0,0.0,0.0,0.0,0.0,74.0,223.0,453.0,1399.0,2615.0,3506.0,4904.0,6640.0,9539.0,11867.0,15312.0,20279.0,22050.0,26364.0,32772.0,31071.0,19045.0,10051.0,5692.0,3384.0,1185.0,109.0,4.0,0.0,0.0,0.0,0.0,0.0,0.0,0.0,0.0,0.0,0.0,1.0,89.0,235.0,893.0,1546.0,1485.0,1191.0,1805.0,2623.0,3226.0,4308.0,4837.0,6043.0,7317.0,12202.0,19023.0,23176.0,23948.0,30817.0,37559.0,30031.0,12804.0,3225.0,154.0,0.0,0.0,0.0,0.0,0.0,0.0,0.0
219,506,227,584,238,658,250,732,276,798,324,853,380,899,441,937,510,950,579,938,635,900,688,853,730,799,756,733,765,661,775,591,784,516,268,456,301,407,361,387,421,394,480,414,554,414,612,393,671,387,729,411,756,466,516,476,517,522,518,567,518,614,457,649,487,656,517,663,547,656,575,650,335,490,368,471,406,471,440,495,405,500,367,501,587,496,621,471,659,470,689,490,660,500,622,499,395,736,438,718,484,709,517,716,549,709,593,720,631,740,595,785,552,807,517,811,481,806,437,785,416,740,483,734,516,737,549,734,613,742,552,769,518,774,483,769,347,0.00048749702940147804,60.12909243232189,0.972342407194696,1087.5161639702014,0.21595415046038796,217.2696836387607,4289.935563448491,8.037444631570903,11.783233859721328,0.00034697424338098496,3.87524879748907,-0.32842335505091713,0.9947141872509719,942.0,3088.0,4431.0,5732.0,7956.0,11379.0,17416.0,28780.0,35978.0,34467.0,29951.0,23042.0,14761.0,9923.0,6267.0,4003.0,2639.0,1826.0,1446.0,1135.0,983.0,704.0,524.0,146.0,36.0,25.0,15.0,10.0,9.0,6.0,5.0,8.0,169.0,928.0,2532.0,3728.0,4127.0,4906.0,6420.0,8000.0,10548.0,15619.0,23369.0,27575.0,28590.0,27099.0,25650.0,20550.0,13907.0,8771.0,5034.0,3252.0,2248.0,1462.0,1010.0,839.0,731.0,411.0,87.0,24.0,14.0,6.0,18.0,9.0,5.0,146.0,798.0,1358.0,2216.0,3039.0,3323.0,3691.0,3809.0,4508.0,5037.0,6152.0,8125.0,10210.0,12776.0,15331.0,18489.0,19795.0,20639.0,21448.0,21268.0,18932.0,15436.0,12003.0,8358.0,5401.0,3490.0,1449.0,270.0,63.0,27.0,41.0
280,467,276,537,279,609,289,679,310,743,344,807,381,868,428,920,500,939,578,931,646,892,706,840,756,778,788,708,801,631,810,550,817,468,294,447,322,410,369,402,417,411,459,433,553,431,605,411,660,404,713,415,751,454,503,488,499,538,492,587,486,639,421,651,453,665,490,679,531,666,572,656,340,488,370,474,403,477,433,498,400,498,367,496,590,499,622,478,657,477,690,492,659,499,625,501,373,715,412,706,454,705,493,715,535,707,592,711,647,725,595,796,538,827,492,832,450,824,408,788,389,722,454,728,493,735,535,732,631,729,536,783,492,788,452,777,348,0.0006220751085380222,45.91046053781469,0.9846139564148311,1491.85778670041,0.26527897711294385,161.6086727398544,5921.520686263815,8.134732737915433,11.540827156890611,0.0004388070259378615,3.616241127700396,-0.3841617758685951,0.9977088892021955,1506.0,10335.0,27766.0,40501.0,39962.0,28289.0,18373.0,12634.0,9565.0,8217.0,6318.0,4871.0,3753.0,2994.0,2350.0,1841.0,1447.0,1208.0,1118.0,865.0,544.0,276.0,167.0,125.0,71.0,38.0,15.0,7.0,5.0,0.0,0.0,0.0,106.0,1306.0,5367.0,12928.0,23873.0,30595.0,25789.0,22479.0,19341.0,14673.0,11700.0,9657.0,8304.0,7510.0,6563.0,5961.0,5231.0,3952.0,2819.0,1988.0,1541.0,1220.0,934.0,643.0,285.0,193.0,118.0,48.0,26.0,7.0,4.0,0.0,0.0,94.0,1091.0,2077.0,2543.0,4484.0,7727.0,12793.0,17370.0,17146.0,14686.0,12728.0,12502.0,12304.0,11605.0,10292.0,9830.0,8877.0,8387.0,7899.0,7483.0,7360.0,6477.0,6034.0,5786.0,5998.0,5191.0,3048.0,1724.0,884.0,427.0,314.0
243,515,241,580,240,648,242,720,253,794,288,857,343,905,413,941,501,956,596,947,682,923,759,883,815,822,841,747,853,667,858,587,866,504,262,458,286,400,341,378,400,378,456,397,543,391,608,372,678,375,740,406,776,462,497,464,495,513,492,557,488,606,431,653,463,664,498,673,535,662,573,652,333,491,360,476,392,475,428,493,393,493,362,494,597,489,634,472,666,473,699,489,665,491,632,490,384,757,427,739,468,728,501,736,533,727,583,736,646,753,584,767,537,771,502,774,469,772,428,771,401,753,468,749,501,751,534,747,627,750,536,747,502,749,469,747,349,0.0010719665909589198,59.06131783684538,0.9682836984376728,931.0573759119288,0.3059118831868012,241.02250703769133,3665.1681858108677,7.704195719528421,10.907626793151348,0.0005172576842500054,3.420819005606659,-0.3758828024625971,0.9963599194646116,67.0,769.0,3704.0,5520.0,4539.0,3749.0,4112.0,5735.0,9765.0,15119.0,23647.0,35472.0,49450.0,49782.0,37645.0,27601.0,14655.0,5922.0,2284.0,1709.0,1327.0,571.0,143.0,45.0,6.0,1.0,0.0,0.0,1.0,0.0,1.0,2.0,122.0,1191.0,3821.0,4351.0,3541.0,2865.0,3083.0,3522.0,4473.0,7526.0,12246.0,15387.0,20524.0,34784.0,47513.0,50816.0,36223.0,26905.0,15373.0,5122.0,2011.0,1379.0,437.0,95.0,25.0,4.0,0.0,0.0,1.0,0.0,0.0,3.0,38.0,784.0,3379.0,3743.0,2629.0,1990.0,1509.0,1748.0,1800.0,1947.0,2558.0,3217.0,3973.0,6138.0,8750.0,14825.0,19881.0,26646.0,37133.0,46116.0,36545.0,30098.0,23882.0,14539.0,4931.0,1860.0,1538.0,922.0,191.0,27.0,3.0,3.0
294,521,287,588,291,657,301,723,317,790,344,852,380,909,422,959,491,971,568,968,646,937,722,895,784,839,826,767,845,683,850,599,851,511,296,450,307,408,349,395,396,402,440,421,520,415,587,387,655,372,721,387,767,440,478,477,470,523,460,569,451,615,416,660,439,672,467,678,503,671,539,662,334,496,361,471,402,471,439,499,401,508,360,509,579,492,618,461,661,459,696,482,665,498,620,500,387,759,414,736,449,725,475,731,505,725,555,736,613,759,557,786,506,798,474,800,445,800,413,791,403,759,448,753,475,755,505,752,594,757,505,766,474,768,447,766,35,0.0005297818890443783,138.83823078059382,0.9601351755820813,1742.5801781204846,0.23749627888715502,330.0952456226387,6831.482481701358,8.167289959624075,12.08245224287147,0.00034105458335121806,4.145004973566884,-0.31759746032382774,0.9943150068701601,2077.0,1603.0,2110.0,2437.0,2801.0,3144.0,3799.0,5244.0,7067.0,8381.0,10268.0,11357.0,12650.0,14599.0,16836.0,20400.0,24339.0,24912.0,22856.0,20272.0,19307.0,15040.0,9222.0,4849.0,2273.0,1109.0,496.0,248.0,199.0,118.0,34.0,10.0,999.0,898.0,1203.0,1582.0,1598.0,1848.0,2175.0,2789.0,3188.0,3812.0,4919.0,6734.0,7714.0,9473.0,10670.0,11552.0,14318.0,16372.0,19180.0,23412.0,26557.0,25036.0,21883.0,23200.0,16488.0,7432.0,2845.0,1407.0,517.0,226.0,20.0,10.0,320.0,408.0,430.0,471.0,615.0,745.0,730.0,755.0,798.0,925.0,1067.0,1239.0,1611.0,2100.0,2376.0,2503.0,2763.0,3158.0,3872.0,4638.0,5644.0,7217.0,8552.0,9644.0,10610.0,12173.0,14512.0,18671.0,23411.0,25092.0,32929.0,70078.0
216,531,216,599,222,667,229,737,253,805,300,860,363,901,437,930,519,937,600,926,666,890,722,846,761,788,777,720,784,653,785,590,781,524,273,443,306,404,361,390,418,396,468,418,568,421,614,398,665,392,715,404,744,441,517,482,519,528,522,569,525,613,455,646,488,657,521,668,554,658,583,648,338,488,367,468,401,467,433,490,400,493,367,494,590,492,626,470,659,470,684,490,657,496,625,496,389,728,443,708,492,699,522,706,550,699,596,708,639,728,595,748,552,757,520,759,489,757,442,749,408,729,491,728,521,731,551,728,622,729,550,725,520,727,490,726,350,0.0019207459447362725,66.12597764279082,0.9866113516770936,2469.3162030755975,0.43874540476059665,371.9441158909992,9811.138834659614,8.061504224234351,10.596218884821383,0.0007450724455959716,3.1346234281627376,-0.5005980193708675,0.9995064350702927,808.0,1287.0,1559.0,2184.0,2771.0,2979.0,2760.0,2275.0,2326.0,2282.0,2928.0,3654.0,4243.0,5222.0,5703.0,6339.0,6983.0,7803.0,9790.0,12485.0,16407.0,20927.0,23909.0,25996.0,28341.0,23393.0,18503.0,10349.0,3391.0,158.0,3.0,0.0,902.0,1082.0,1271.0,2156.0,3039.0,2728.0,2467.0,2276.0,2006.0,1935.0,2195.0,2425.0,2807.0,3255.0,4022.0,4731.0,5542.0,6215.0,6806.0,7566.0,10741.0,14536.0,18755.0,22123.0,24721.0,27819.0,28572.0,25252.0,15451.0,4361.0,1.0,0.0,61.0,836.0,557.0,534.0,1325.0,2019.0,2341.0,2086.0,1806.0,1704.0,1500.0,1524.0,1454.0,1283.0,1232.0,1277.0,1624.0,1934.0,2164.0,2441.0,3042.0,3496.0,4197.0,4900.0,5775.0,7509.0,11123.0,16039.0,25657.0,36941.0,49034.0,60343.0
115,499,124,588,139,672,158,756,201,831,273,890,361,934,455,961,541,960,612,937,661,887,702,829,728,762,737,691,744,624,744,557,738,489,238,466,299,429,371,418,442,426,509,447,573,445,620,426,671,419,714,426,740,456,542,489,551,546,562,603,574,661,479,686,515,695,552,707,584,694,610,676,322,493,361,475,401,475,440,501,401,502,361,502,588,495,623,471,660,470,687,485,661,495,627,496,390,756,453,746,509,740,543,747,574,736,608,738,635,748,609,777,579,804,544,813,508,812,452,795,408,758,509,767,543,769,575,761,617,750,577,764,543,773,509,771,351,0.0010148815568112163,38.096231734668656,0.9956008886313364,4329.731581864764,0.3730069167638001,237.72900277841217,17280.83009572439,8.460954537524687,11.405583610147167,0.0005904614357801858,3.277683626225551,-0.47269809033846605,0.9995208640283864,5420.0,8323.0,10645.0,16623.0,23439.0,29356.0,25097.0,19647.0,9552.0,6531.0,5707.0,5124.0,5237.0,4711.0,5381.0,5782.0,7771.0,8842.0,9259.0,9204.0,10905.0,11819.0,12405.0,7933.0,4640.0,2839.0,944.0,251.0,192.0,260.0,227.0,80.0,2718.0,4393.0,7400.0,10168.0,16366.0,23713.0,31259.0,29028.0,11337.0,6997.0,5617.0,4762.0,4629.0,4455.0,4532.0,4267.0,4573.0,4670.0,5353.0,6101.0,8261.0,11418.0,11294.0,9004.0,11156.0,13445.0,10819.0,4277.0,1457.0,476.0,189.0,12.0,27.0,772.0,1016.0,935.0,1106.0,1797.0,2694.0,3883.0,6003.0,9035.0,9850.0,19925.0,22231.0,23066.0,15556.0,7711.0,6065.0,4900.0,4393.0,5033.0,5907.0,4403.0,4458.0,4396.0,4579.0,4707.0,4884.0,5239.0,6573.0,9681.0,18875.0,54446.0
165,526,169,600,173,676,189,750,221,818,278,869,352,908,431,936,514,941,588,932,640,892,674,839,697,776,706,713,711,650,706,588,698,532,278,463,315,417,371,390,432,390,493,404,549,419,595,401,645,400,688,419,705,462,523,468,530,508,538,547,546,590,467,641,498,647,533,654,560,649,584,644,335,489,368,470,404,467,435,490,402,498,366,499,575,496,609,478,642,476,662,498,641,505,609,502,407,758,455,727,501,712,535,719,563,711,601,728,628,765,599,780,567,783,535,784,501,782,456,771,427,753,501,742,534,745,563,743,613,759,565,745,535,747,502,743,352,0.0003879898015823534,72.82275193201994,0.9832936884776945,2179.470520096771,0.25054472413478546,207.71902484509332,8645.05932845508,8.409463024590437,12.034068183638638,0.00038647098073133916,3.814373663396659,-0.3781510087979918,0.9979686159385996,423.0,3673.0,9980.0,14180.0,18814.0,19419.0,23504.0,21490.0,18893.0,19933.0,20271.0,18420.0,15268.0,11514.0,8873.0,7219.0,5733.0,3948.0,1962.0,1062.0,472.0,238.0,165.0,128.0,130.0,111.0,66.0,65.0,29.0,22.0,31.0,26.0,129.0,1544.0,7243.0,8280.0,13014.0,13805.0,20129.0,16262.0,12389.0,9816.0,10231.0,11312.0,10759.0,11182.0,14894.0,16965.0,16981.0,14504.0,11775.0,9055.0,6364.0,4263.0,2799.0,1310.0,460.0,200.0,147.0,107.0,67.0,30.0,34.0,12.0,4.0,166.0,1219.0,4365.0,4410.0,5463.0,8168.0,9498.0,14551.0,13620.0,10166.0,7790.0,7120.0,6918.0,6811.0,7048.0,7530.0,7903.0,7982.0,8461.0,9287.0,12021.0,15820.0,18581.0,16954.0,12982.0,8868.0,7551.0,3426.0,939.0,259.0,181.0
160,465,176,541,193,612,212,680,241,741,296,783,370,810,439,835,510,843,576,830,638,799,701,766,745,720,766,661,774,595,787,530,797,462,244,435,291,400,351,386,414,390,473,407,567,408,619,392,674,388,726,399,762,431,521,479,524,508,526,537,529,568,468,621,496,624,524,625,549,623,574,619,325,486,362,467,405,466,438,497,403,509,359,506,588,497,620,467,660,466,693,486,665,506,623,508,422,713,465,694,502,678,522,684,541,678,571,695,608,709,571,731,540,739,520,740,498,740,463,733,441,710,501,698,521,701,540,699,591,708,540,708,521,710,501,709,353,0.0017259209699945306,13.071200205941999,0.9922248722392457,840.5317400984122,0.44275450872300054,268.9455489871666,3349.0557601877117,7.697762696920435,10.040996788158981,0.0008427180116565681,2.697753564035435,-0.5018746461604938,0.9993418051647964,7.0,121.0,667.0,1063.0,1172.0,1487.0,1966.0,2869.0,3979.0,5466.0,7402.0,9651.0,13362.0,17026.0,23588.0,25948.0,29787.0,28766.0,23748.0,13982.0,10664.0,2820.0,7.0,5.0,3.0,3.0,2.0,1.0,0.0,4.0,1.0,2.0,15.0,224.0,948.0,1298.0,1470.0,1682.0,2200.0,2290.0,2756.0,4214.0,5939.0,6970.0,9062.0,13954.0,18855.0,25545.0,29966.0,29659.0,25125.0,22157.0,13632.0,7391.0,204.0,3.0,1.0,2.0,0.0,5.0,1.0,0.0,0.0,1.0,60.0,394.0,1005.0,1077.0,1136.0,1030.0,751.0,517.0,486.0,634.0,906.0,1064.0,1703.0,3586.0,5556.0,8060.0,13029.0,19508.0,24245.0,29678.0,30080.0,29827.0,23167.0,18859.0,8535.0,663.0,12.0,1.0,0.0,0.0,0.0,0.0
226,463,228,541,237,616,253,690,286,755,332,810,385,858,443,899,507,910,570,897,627,852,680,802,727,746,757,681,770,610,778,536,782,461,276,431,319,407,372,403,425,410,472,430,559,429,607,412,655,405,703,408,742,431,515,491,515,549,515,606,515,663,452,677,481,687,512,698,543,687,572,676,331,485,367,468,407,472,437,504,401,506,362,502,589,502,619,469,657,466,689,482,661,499,624,504,388,731,437,730,479,726,510,733,541,725,582,727,626,728,584,780,544,804,511,809,476,806,434,784,408,739,478,748,510,751,542,747,606,735,543,767,511,771,478,768,354,0.0016174992293287024,39.012392710253486,0.9896980489152567,1894.2189804693016,0.448517037743406,277.578216333074,7537.863529166985,8.102667460292718,10.66261386556881,0.0007499820384341602,3.0010517683956808,-0.5005140694150181,0.9995478918359748,358.0,1851.0,4370.0,5395.0,5809.0,5109.0,4493.0,5055.0,5463.0,5932.0,6596.0,8849.0,12984.0,14158.0,18102.0,23961.0,23634.0,24014.0,20604.0,10546.0,6411.0,2697.0,372.0,32.0,3.0,5.0,7.0,6.0,0.0,1.0,1.0,4.0,171.0,961.0,2488.0,4162.0,5040.0,4864.0,4125.0,4036.0,4719.0,5220.0,5420.0,5781.0,6053.0,6381.0,8871.0,11956.0,13999.0,18192.0,22650.0,24378.0,24383.0,19260.0,9312.0,4016.0,354.0,16.0,5.0,4.0,0.0,0.0,1.0,4.0,40.0,171.0,834.0,1748.0,2384.0,3094.0,3547.0,3196.0,2480.0,2241.0,2147.0,2608.0,2859.0,2968.0,2928.0,3160.0,4026.0,4328.0,5383.0,7098.0,10808.0,15177.0,17296.0,22727.0,28226.0,28387.0,23862.0,12683.0,366.0,25.0,10.0,15.0
203,427,205,512,215,595,227,677,252,756,298,825,358,886,426,934,502,952,575,935,638,883,692,823,734,757,759,681,773,601,784,521,789,441,258,428,307,403,366,412,419,427,467,454,571,457,619,433,668,415,720,408,759,433,525,500,527,565,529,630,530,694,457,698,490,714,526,730,559,714,585,697,330,484,364,465,406,469,441,501,401,507,359,505,583,501,616,467,658,461,691,478,665,500,624,504,387,742,443,752,487,754,518,762,548,755,583,751,629,737,585,786,550,808,517,814,483,811,439,790,408,750,486,773,518,778,549,772,608,749,548,770,517,777,485,774,355,0.0008783800980171495,17.974196573660628,0.9920933491587411,1137.0286451039851,0.35609963470507644,193.09301098416995,4530.1403838422775,8.057839426211459,10.821693659409563,0.0006499589012024913,2.9607150866184826,-0.4678322301271819,0.9992579893150864,5189.0,5328.0,8242.0,13064.0,17557.0,19408.0,21881.0,22534.0,29046.0,33642.0,25023.0,13509.0,9016.0,7570.0,3737.0,1463.0,558.0,154.0,63.0,18.0,4.0,2.0,2.0,2.0,4.0,1.0,2.0,1.0,8.0,7.0,1.0,0.0,2032.0,3277.0,3263.0,5131.0,7961.0,12858.0,14293.0,15766.0,17438.0,17283.0,19430.0,25358.0,28519.0,23970.0,15574.0,9707.0,8597.0,4709.0,1298.0,475.0,63.0,3.0,1.0,1.0,2.0,2.0,1.0,3.0,0.0,2.0,3.0,16.0,343.0,857.0,1039.0,2017.0,1890.0,2357.0,3401.0,4608.0,6041.0,6751.0,6750.0,8270.0,10851.0,11869.0,12655.0,13244.0,14901.0,16347.0,18284.0,18682.0,17720.0,13245.0,9826.0,10745.0,8393.0,9322.0,5756.0,820.0,34.0,3.0,8.0,7.0
220,483,225,560,234,635,249,709,277,776,320,831,378,876,440,911,510,923,578,909,639,876,693,832,734,775,759,709,772,639,779,566,780,492,271,429,304,390,358,377,413,389,463,412,571,409,616,383,668,374,718,388,748,428,518,479,518,523,518,565,517,609,451,651,484,660,517,667,549,660,581,651,331,484,365,465,404,467,441,494,403,501,362,500,585,495,620,466,658,464,691,483,662,500,622,501,392,741,441,726,485,718,516,726,547,719,589,727,631,742,589,768,548,780,516,783,483,780,440,768,413,743,484,751,515,754,547,751,611,743,547,742,516,744,485,743,356,0.0006347545579590851,53.83105385123976,0.9756895525233724,1107.3820174663565,0.2720371380578862,240.98416674189164,4375.69701601419,8.011482143313188,11.43910971531999,0.00044779381887352475,3.594387375188325,-0.37142222311893547,0.9970620082809181,1308.0,4484.0,6520.0,7487.0,8514.0,10236.0,13217.0,15584.0,18605.0,20172.0,21957.0,22754.0,21494.0,18759.0,14150.0,10894.0,8278.0,6290.0,4119.0,2748.0,1471.0,697.0,364.0,246.0,181.0,182.0,76.0,50.0,22.0,14.0,17.0,12.0,268.0,1538.0,2562.0,2737.0,3284.0,4492.0,5532.0,7022.0,8454.0,10598.0,14810.0,20418.0,21903.0,23480.0,24690.0,23269.0,20194.0,17032.0,12575.0,8113.0,4442.0,1984.0,819.0,257.0,157.0,111.0,60.0,39.0,24.0,17.0,16.0,5.0,147.0,488.0,1138.0,1116.0,901.0,757.0,739.0,875.0,1139.0,1632.0,2067.0,2496.0,3124.0,4170.0,5599.0,7152.0,8322.0,10812.0,15769.0,20482.0,25643.0,27070.0,27204.0,26456.0,22921.0,14965.0,5984.0,1246.0,281.0,102.0,45.0,60.0
222,407,234,490,252,569,272,641,303,709,348,764,404,808,460,845,516,858,575,847,632,810,689,767,735,713,765,646,782,573,799,496,812,415,260,419,303,392,359,396,413,409,467,427,560,434,612,416,665,401,723,400,766,426,514,491,514,534,514,577,513,621,464,657,488,661,512,664,537,661,560,656,330,479,365,458,410,461,441,498,405,509,358,505,585,500,615,462,660,458,696,478,667,507,621,511,436,741,468,728,492,715,511,722,531,715,561,727,597,738,561,763,533,774,512,777,492,775,467,765,454,741,493,733,511,737,532,733,579,739,532,740,512,744,493,741,357,0.0017808500565851977,15.775779788524112,0.9934579313314651,1205.788855576132,0.527709173271314,256.2446357011854,4807.379642516029,8.014888182868285,10.088755084535368,0.0009831493636860047,2.5258365081425405,-0.5641926944879164,0.9998000910542818,139.0,999.0,1662.0,2559.0,3943.0,5071.0,6654.0,8329.0,12103.0,17249.0,16909.0,13527.0,16159.0,17456.0,19306.0,13726.0,12558.0,13227.0,10272.0,1565.0,34.0,17.0,9.0,7.0,1.0,5.0,7.0,4.0,6.0,6.0,1.0,2.0,112.0,894.0,1453.0,1382.0,1637.0,2015.0,2647.0,4563.0,5750.0,6340.0,8077.0,11287.0,17836.0,16923.0,13903.0,16998.0,15333.0,18312.0,12384.0,12668.0,13064.0,9132.0,768.0,4.0,3.0,7.0,3.0,8.0,6.0,1.0,1.0,1.0,13.0,296.0,799.0,1090.0,1099.0,927.0,813.0,842.0,784.0,742.0,1052.0,1656.0,2601.0,3873.0,4539.0,6249.0,8335.0,10931.0,21011.0,18758.0,17855.0,17684.0,15930.0,14917.0,13846.0,13806.0,10219.0,2834.0,6.0,2.0,2.0,1.0
277,507,270,572,273,634,283,696,304,757,338,812,382,862,431,906,492,926,561,924,630,897,691,855,740,798,774,731,790,656,804,582,807,506,283,430,316,402,362,390,411,393,457,408,547,411,603,394,662,390,720,409,763,444,497,476,494,523,491,569,488,617,437,648,465,657,493,665,527,659,561,653,329,487,362,468,399,468,432,496,396,500,358,499,583,498,622,471,662,470,698,490,663,503,622,504,379,716,423,703,466,696,498,702,534,698,587,708,644,722,588,778,533,801,495,802,460,795,420,767,399,720,465,718,497,722,533,721,627,726,533,766,497,767,462,761,358,0.0016438859619985278,23.228788150202384,0.9921207235000543,1474.3859036890171,0.4747648474724746,262.2850778775428,5874.314826605852,8.102967978546157,10.430648420195743,0.0008254362191776384,2.7721911934625068,-0.5331725457741157,0.9997148162419607,102.0,1174.0,3130.0,3547.0,3903.0,5070.0,7149.0,7372.0,7812.0,12487.0,14178.0,16993.0,19556.0,22102.0,23930.0,21317.0,21108.0,17718.0,12239.0,5126.0,2362.0,1448.0,779.0,720.0,569.0,40.0,12.0,3.0,0.0,1.0,4.0,5.0,30.0,771.0,2896.0,3728.0,3003.0,3102.0,4625.0,6431.0,6992.0,7901.0,7877.0,8994.0,11134.0,13849.0,15625.0,18620.0,20265.0,22109.0,22381.0,21851.0,15516.0,8570.0,2954.0,1125.0,783.0,760.0,47.0,5.0,4.0,2.0,2.0,4.0,7.0,48.0,511.0,1761.0,2782.0,2467.0,1833.0,1824.0,2483.0,3123.0,3160.0,3224.0,2989.0,3091.0,3310.0,3857.0,5402.0,7439.0,10851.0,13430.0,16916.0,24213.0,27950.0,28019.0,32495.0,22138.0,5754.0,761.0,89.0,22.0,4.0,3.0
186,462,195,541,208,617,225,689,257,755,309,807,375,847,441,878,511,887,572,870,622,834,674,793,719,744,745,682,758,613,771,546,780,477,264,436,310,405,370,396,430,402,491,417,564,419,616,404,668,397,718,401,752,434,523,478,523,520,524,562,526,606,461,647,491,653,522,659,547,654,573,646,330,484,366,466,406,466,438,494,402,501,362,500,587,493,621,467,660,466,690,486,661,501,622,501,407,727,453,713,492,702,519,711,544,703,575,715,612,729,574,749,544,761,518,764,489,761,453,749,425,728,491,729,519,733,545,730,597,730,544,732,518,735,490,731,359,0.002303010580156777,7.513975400152889,0.9964771524309208,1066.7729723530047,0.5705521378263994,255.2621094481064,4259.577914011865,7.992758033120834,9.7791429966736,0.00128757752466801,2.2504261606498543,-0.6036171834910149,0.9998805978827452,7.0,334.0,1018.0,1678.0,2986.0,3725.0,4748.0,6200.0,8434.0,12243.0,18492.0,23359.0,26771.0,23860.0,16343.0,12042.0,12740.0,11002.0,6735.0,5274.0,6300.0,5264.0,4378.0,4735.0,3623.0,832.0,366.0,198.0,5.0,0.0,0.0,0.0,0.0,172.0,529.0,930.0,2098.0,1984.0,3111.0,3279.0,4418.0,5782.0,8255.0,12992.0,18628.0,24273.0,26279.0,28642.0,18511.0,15288.0,13556.0,7840.0,6811.0,6452.0,4573.0,3954.0,3807.0,1286.0,223.0,19.0,0.0,0.0,0.0,0.0,11.0,173.0,436.0,1068.0,1121.0,980.0,629.0,677.0,784.0,1756.0,2319.0,2977.0,3828.0,4464.0,6300.0,9587.0,17349.0,26618.0,27240.0,29895.0,27540.0,17408.0,13313.0,9917.0,9323.0,6904.0,1056.0,19.0,0.0,0.0,0.0,0.0
235,455,239,530,247,602,257,673,280,740,322,799,376,849,438,895,511,910,581,898,636,852,681,800,715,739,733,673,745,602,758,529,764,454,279,446,317,418,368,415,417,427,464,448,561,449,606,425,654,412,705,413,740,444,514,490,514,549,514,608,514,668,454,673,483,687,514,701,545,688,572,673,340,487,371,470,406,472,438,499,404,503,368,502,582,498,616,470,652,467,681,484,655,500,619,502,398,734,440,735,477,734,508,743,537,735,575,737,619,734,579,767,542,786,510,789,479,785,440,765,415,738,478,753,508,758,538,754,602,740,540,752,509,758,479,752,36,0.001214088791378881,24.28974725433562,0.9841684971141922,767.3542197246534,0.3186174090787589,295.8653305550716,3045.1271316443053,7.58121112089224,10.512151396453127,0.0006039344685944786,3.187458488874133,-0.404289043039834,0.9973335765131389,4.0,50.0,321.0,770.0,1288.0,2266.0,2660.0,2917.0,2847.0,3161.0,4441.0,6847.0,13079.0,21074.0,27844.0,26184.0,26135.0,25189.0,18382.0,8584.0,3827.0,1053.0,272.0,38.0,5.0,4.0,4.0,4.0,3.0,4.0,1.0,2.0,1.0,19.0,80.0,315.0,689.0,1067.0,1648.0,2160.0,2431.0,2279.0,2639.0,2871.0,4001.0,6032.0,10435.0,16989.0,22124.0,28806.0,29864.0,28899.0,21768.0,11137.0,2638.0,308.0,44.0,3.0,4.0,3.0,3.0,2.0,1.0,0.0,4.0,14.0,37.0,92.0,192.0,418.0,613.0,632.0,785.0,1038.0,953.0,1016.0,1052.0,1458.0,1993.0,2394.0,3069.0,4449.0,6365.0,10133.0,13515.0,17577.0,22899.0,25717.0,30122.0,24233.0,17655.0,9921.0,908.0,6.0,0.0,0.0
263,492,259,563,261,631,267,703,284,774,315,838,363,897,413,946,480,970,560,967,648,947,728,908,792,850,832,776,849,692,859,603,867,514,285,445,310,410,354,398,400,402,446,417,539,419,593,400,655,399,713,416,763,447,485,475,478,526,469,576,460,627,423,657,446,671,475,681,510,672,545,661,331,487,361,467,398,467,437,493,397,497,360,496,580,494,618,469,658,471,696,493,658,501,617,498,377,735,413,718,450,710,483,718,516,714,576,724,644,746,576,790,515,807,479,807,444,801,411,783,395,739,448,733,482,736,515,736,628,745,516,777,482,777,448,771,360,0.0014056594637038091,12.455507296738544,0.9966858338107336,1879.3441724217864,0.48254826312919885,316.56870614198544,7504.921182390408,8.24718930633887,10.432380125347015,0.000879736913945303,2.595981339614424,-0.5617084595091884,0.9998383616060734,90.0,729.0,1375.0,3438.0,7276.0,8907.0,9634.0,13052.0,14110.0,12724.0,10774.0,9894.0,9186.0,10293.0,11179.0,10984.0,9976.0,11273.0,13548.0,16649.0,20874.0,21976.0,19352.0,17339.0,12594.0,4197.0,707.0,120.0,61.0,12.0,4.0,6.0,1.0,39.0,315.0,809.0,1119.0,1822.0,2946.0,5970.0,7157.0,8633.0,10660.0,12955.0,15613.0,12718.0,12237.0,12463.0,13151.0,13238.0,12193.0,10618.0,13265.0,18528.0,22517.0,25906.0,22594.0,19395.0,4559.0,684.0,160.0,52.0,9.0,7.0,1.0,0.0,22.0,76.0,78.0,121.0,295.0,497.0,744.0,901.0,1112.0,1234.0,1452.0,1672.0,2770.0,3678.0,4500.0,5538.0,7764.0,11736.0,15046.0,13393.0,14237.0,14706.0,16632.0,17696.0,21096.0,29014.0,34628.0,30276.0,23030.0,8388.0
188,511,195,590,204,665,220,743,247,817,295,882,360,934,434,975,514,986,588,972,649,929,705,881,748,821,773,754,784,681,788,611,788,541,272,455,307,414,361,394,419,393,475,412,569,413,621,398,674,400,722,419,749,459,527,477,529,528,531,580,533,634,465,667,496,678,527,689,555,680,582,668,337,488,366,467,403,466,439,490,402,495,366,496,592,492,624,468,660,468,691,490,662,497,625,497,381,758,438,750,488,743,523,751,554,744,596,750,639,757,597,804,556,824,523,828,487,825,437,805,399,762,488,758,523,761,553,758,622,763,555,791,523,796,488,793,361,0.0014483094265280055,61.7268307682222,0.9539154613861365,669.7356607234497,0.3430411199839707,335.3890856528741,2617.2158121255598,7.513747063069574,10.507821248142506,0.0005817343464763003,3.278274818092425,-0.3893492556097088,0.9965189419572769,10.0,57.0,95.0,192.0,454.0,745.0,1143.0,1653.0,2303.0,3081.0,4092.0,4751.0,5792.0,8309.0,13940.0,22849.0,38757.0,38302.0,40180.0,37038.0,26579.0,15708.0,7962.0,5136.0,2668.0,1035.0,290.0,22.0,9.0,6.0,3.0,0.0,8.0,48.0,73.0,133.0,183.0,340.0,599.0,984.0,1323.0,1674.0,2307.0,3250.0,4133.0,4684.0,5735.0,7836.0,11009.0,18280.0,28630.0,47009.0,47188.0,43873.0,30076.0,13160.0,6534.0,2820.0,647.0,303.0,305.0,11.0,2.0,4.0,0.0,1.0,2.0,4.0,32.0,54.0,115.0,141.0,237.0,360.0,579.0,1019.0,1365.0,1353.0,1275.0,1324.0,1749.0,2191.0,3117.0,4550.0,6691.0,9091.0,14163.0,20496.0,34742.0,43642.0,42181.0,42106.0,34776.0,13450.0,2114.0,241.0
233,506,235,582,244,657,256,731,280,799,320,859,374,907,437,942,512,953,587,940,647,902,697,854,735,795,758,730,772,657,779,584,780,510,278,456,309,412,363,395,418,400,471,417,564,414,614,396,668,391,721,408,747,455,517,476,518,531,519,584,520,641,452,673,483,680,516,689,549,681,579,672,337,485,367,470,401,469,432,489,400,492,366,494,592,490,624,470,657,469,685,485,660,494,625,493,402,765,443,754,481,747,511,757,543,748,580,756,621,766,581,791,545,805,512,809,480,805,443,790,417,767,480,771,511,775,544,771,607,768,544,769,512,775,481,770,362,0.0006967814706580653,22.6263366305894,0.9908205544313259,1232.78047933378,0.2921692740781384,275.17138448356627,4908.495580704544,8.102966106922224,11.173187650789188,0.0005874166676476725,3.245893435290899,-0.4280508756377441,0.998735397155948,1183.0,3091.0,8039.0,15218.0,24229.0,34473.0,37092.0,30320.0,23710.0,18461.0,13536.0,10204.0,8077.0,8237.0,5355.0,2966.0,1535.0,628.0,303.0,246.0,67.0,2.0,0.0,0.0,0.0,0.0,0.0,0.0,0.0,0.0,0.0,0.0,9.0,154.0,556.0,1156.0,1722.0,2565.0,2748.0,3022.0,3757.0,5167.0,5827.0,7644.0,10638.0,15923.0,22898.0,26816.0,29035.0,25219.0,20359.0,16869.0,13534.0,12213.0,10489.0,5480.0,2199.0,688.0,273.0,12.0,0.0,0.0,0.0,0.0,2.0,34.0,109.0,459.0,600.0,916.0,1199.0,1472.0,1471.0,1621.0,2123.0,2545.0,3448.0,3138.0,3430.0,3975.0,5361.0,6920.0,9476.0,13215.0,17222.0,19431.0,19549.0,17515.0,15853.0,15765.0,15296.0,16097.0,14150.0,11459.0,10150.0,12971.0
317,505,313,568,313,627,320,691,330,761,353,824,389,884,433,942,498,966,579,963,668,924,750,870,817,807,860,728,881,644,893,559,898,474,306,431,327,398,370,383,416,389,458,414,524,410,584,382,657,375,728,393,780,433,483,459,473,512,461,564,449,620,421,656,444,671,470,682,505,673,539,662,352,473,372,451,404,451,437,473,404,482,372,484,593,472,627,447,665,445,700,465,667,480,629,481,399,760,419,746,447,738,473,747,501,740,552,751,613,768,556,804,508,821,479,822,451,815,424,792,415,763,450,765,476,770,503,768,592,771,504,777,477,779,451,772,363,0.0008753074564940007,25.90420204964944,0.9931376155322048,1887.2501905336117,0.36462216013436344,185.3946945876472,7523.09656008479,8.168465031128925,11.01097459753237,0.0006223447422965683,3.0940591523685814,-0.4658165956681505,0.9992984265963923,1011.0,20301.0,33087.0,12787.0,14380.0,19960.0,35150.0,28409.0,22014.0,17533.0,16553.0,17144.0,14286.0,9480.0,4257.0,2259.0,1560.0,941.0,641.0,359.0,62.0,8.0,7.0,3.0,6.0,2.0,3.0,0.0,3.0,1.0,1.0,0.0,149.0,8191.0,28667.0,17951.0,7605.0,8247.0,9205.0,10738.0,16881.0,23931.0,24910.0,18840.0,18267.0,16005.0,14545.0,15099.0,13652.0,9867.0,4699.0,2167.0,1457.0,754.0,322.0,35.0,6.0,7.0,2.0,3.0,1.0,3.0,1.0,1.0,53.0,937.0,7934.0,10305.0,16115.0,11112.0,6182.0,3712.0,2612.0,2618.0,2663.0,3200.0,3143.0,3037.0,3351.0,5342.0,12173.0,23370.0,25644.0,20886.0,18710.0,16496.0,16520.0,18932.0,16460.0,11578.0,4434.0,2767.0,1369.0,430.0,86.0,37.0
199,538,201,612,204,686,216,761,244,830,293,887,358,933,432,969,514,980,590,967,660,928,722,881,767,826,794,760,807,688,810,615,812,545,276,464,312,418,372,401,432,409,485,435,548,432,601,409,659,403,714,421,745,467,516,468,516,508,517,549,518,592,457,644,485,655,517,664,548,655,577,644,341,492,371,472,403,471,436,492,403,491,372,492,593,493,627,472,659,474,687,495,657,494,626,493,385,765,436,732,485,717,517,724,550,716,594,731,637,766,596,802,554,821,519,827,482,822,435,803,402,764,485,738,518,739,550,737,621,766,551,789,519,791,484,788,364,0.000567549594229684,63.57447049417628,0.9849217317437591,2107.9878579443466,0.3150619969364603,247.59378330069825,8368.376961283197,8.426221165917363,11.558389306692376,0.0005450257859375334,3.3430299757788204,-0.4449638013576854,0.9992321303925294,5365.0,7670.0,6341.0,6214.0,6363.0,7179.0,7854.0,8717.0,11689.0,14555.0,17749.0,21398.0,22818.0,22890.0,24729.0,21468.0,19296.0,17177.0,11124.0,8877.0,5807.0,2862.0,1666.0,1186.0,691.0,313.0,170.0,60.0,8.0,2.0,2.0,3.0,3619.0,6378.0,5690.0,5595.0,4873.0,5078.0,6065.0,7066.0,8761.0,9871.0,11640.0,13788.0,16409.0,20495.0,22076.0,21623.0,23032.0,19099.0,16630.0,18409.0,16070.0,8338.0,6019.0,2676.0,1604.0,881.0,264.0,160.0,30.0,1.0,2.0,1.0,137.0,2151.0,3881.0,3476.0,2928.0,2561.0,2459.0,2883.0,2889.0,2841.0,3753.0,4705.0,4795.0,6381.0,7945.0,10177.0,10922.0,12363.0,15803.0,17944.0,19112.0,21051.0,19362.0,18936.0,18600.0,20576.0,15325.0,12054.0,8684.0,3903.0,2436.0,1210.0
131,520,141,601,155,681,180,761,225,832,296,889,381,930,466,957,545,961,611,940,658,888,701,832,729,771,743,703,753,637,751,572,739,510,251,447,297,405,359,383,425,384,485,404,575,405,620,388,667,388,708,404,730,440,540,478,550,521,561,565,572,610,487,658,522,665,556,673,581,665,602,655,331,491,368,475,405,475,439,497,404,499,367,499,588,497,622,475,655,475,683,495,656,499,624,499,385,743,446,717,506,707,544,714,578,708,619,719,650,740,620,794,581,821,543,827,503,823,442,797,399,746,506,733,544,737,578,733,633,745,579,783,543,788,504,785,365,0.0011204808832425996,35.00984923576195,0.9910055049854709,1946.589279903621,0.43654010504208224,349.806261241229,7751.347270378748,8.29229052527036,10.887938315144156,0.0007533725990342752,2.970739614158535,-0.5078327021677799,0.9996527471233552,870.0,960.0,1477.0,1733.0,2179.0,2556.0,2664.0,3960.0,5103.0,5755.0,6520.0,7311.0,7882.0,10859.0,14829.0,13481.0,15114.0,17198.0,18522.0,18820.0,18085.0,18744.0,21959.0,19059.0,15631.0,13240.0,12485.0,5093.0,1257.0,98.0,12.0,2.0,147.0,561.0,857.0,1119.0,1285.0,1553.0,1829.0,2099.0,2517.0,2667.0,3481.0,5179.0,5311.0,6148.0,7186.0,8163.0,12462.0,15282.0,13253.0,15742.0,17671.0,19107.0,19577.0,21838.0,23530.0,23590.0,20281.0,18691.0,9406.0,2552.0,369.0,5.0,0.0,12.0,183.0,330.0,529.0,768.0,945.0,1040.0,1048.0,1175.0,1376.0,1667.0,1754.0,1996.0,2872.0,4258.0,4786.0,5090.0,5692.0,6942.0,9218.0,13574.0,12091.0,13441.0,15204.0,18455.0,22185.0,24976.0,28058.0,30790.0,24843.0,28160.0
209,494,207,575,210,658,221,743,251,825,297,897,355,958,421,1006,501,1019,581,1008,652,962,714,905,765,836,801,758,815,675,823,591,826,508,265,437,290,392,342,370,397,373,447,398,565,400,621,376,681,372,737,396,763,451,510,478,509,539,508,598,507,659,445,675,473,689,506,701,540,689,571,677,337,488,363,468,400,469,433,493,398,502,361,502,587,495,621,471,660,470,689,493,660,506,621,505,385,758,428,745,473,743,508,748,541,743,586,746,632,761,588,821,543,844,507,848,468,843,425,819,401,761,472,757,508,763,541,758,614,764,542,806,507,810,470,805,366,0.0007361992119319663,48.233002207571474,0.9737600079071352,919.1609898254235,0.30588148904713747,149.93118016245313,3628.4109570941237,7.850071388327558,11.154011417097184,0.0004753169451005123,3.542329997394315,-0.3742949101530777,0.996731820014156,183.0,3077.0,18311.0,31537.0,34174.0,37387.0,38296.0,36811.0,33122.0,27600.0,23254.0,15393.0,9159.0,5168.0,2812.0,924.0,294.0,189.0,80.0,53.0,45.0,31.0,26.0,15.0,16.0,8.0,6.0,9.0,4.0,2.0,8.0,16.0,42.0,1813.0,12463.0,24087.0,27234.0,25427.0,22394.0,26560.0,31928.0,31856.0,33421.0,28225.0,22232.0,14814.0,7971.0,4173.0,2037.0,879.0,151.0,76.0,46.0,46.0,31.0,20.0,17.0,10.0,11.0,9.0,9.0,2.0,8.0,18.0,1.0,118.0,3870.0,11623.0,17114.0,18217.0,17173.0,15591.0,13215.0,11906.0,12651.0,14846.0,19358.0,24487.0,27468.0,28498.0,23721.0,20274.0,17108.0,13059.0,6165.0,1228.0,132.0,65.0,31.0,24.0,12.0,11.0,13.0,6.0,7.0,18.0
168,507,172,589,184,673,204,752,244,822,305,880,378,923,452,958,525,968,591,946,639,891,685,836,722,775,743,707,756,637,761,565,753,496,261,420,309,387,369,376,430,382,480,407,565,408,606,386,655,377,704,388,734,424,527,482,533,535,540,587,548,641,470,678,505,685,539,693,569,685,596,677,328,486,365,468,404,470,439,500,401,502,362,500,587,499,619,468,655,465,686,483,660,496,623,499,383,753,443,738,500,728,537,736,568,728,607,739,641,751,606,807,569,833,534,840,494,836,440,809,396,756,500,753,537,758,569,753,626,757,567,796,533,802,495,799,367,0.0007947122615690424,36.18435848248946,0.9941716735481543,3105.0489531184658,0.40657149597960085,303.63490208722664,12384.011453991381,8.618159346779262,11.347889624454455,0.0006809423618513838,3.1230573414160143,-0.511382619933708,0.999770314279608,3434.0,8264.0,8843.0,7572.0,6685.0,6835.0,6894.0,8216.0,9431.0,11874.0,13192.0,14104.0,14591.0,14075.0,13209.0,15012.0,12823.0,13136.0,12834.0,11123.0,11891.0,10366.0,10891.0,9357.0,8656.0,4588.0,3234.0,1884.0,180.0,23.0,3.0,1.0,685.0,2488.0,5914.0,6256.0,5588.0,5392.0,5404.0,5741.0,5715.0,5439.0,5574.0,6643.0,7982.0,10367.0,13191.0,12525.0,11822.0,11108.0,12695.0,13714.0,13045.0,16770.0,14497.0,16526.0,15988.0,14348.0,12877.0,9995.0,4550.0,380.0,2.0,0.0,15.0,169.0,588.0,1472.0,1925.0,2802.0,3538.0,3340.0,3313.0,3265.0,3416.0,3318.0,3241.0,3347.0,3603.0,3564.0,3555.0,4212.0,5053.0,7160.0,11002.0,14039.0,13152.0,11201.0,12431.0,13681.0,16273.0,18587.0,23646.0,27837.0,24394.0,26082.0
272,485,272,555,281,624,294,690,315,753,348,813,389,868,437,919,498,940,567,933,636,898,698,851,749,793,782,726,802,651,816,572,824,487,287,442,317,410,364,407,410,418,453,439,549,439,600,414,655,406,712,415,756,449,500,483,496,541,491,599,486,657,437,669,463,684,493,695,527,686,561,676,339,485,368,466,404,468,437,495,402,495,366,495,589,497,623,470,660,470,693,490,661,500,624,499,393,727,427,721,465,719,498,729,535,722,587,728,636,739,588,799,536,827,496,830,460,822,424,788,408,734,464,738,498,745,534,742,623,743,535,788,498,791,463,782,368,0.0009360735652192539,16.647275415273267,0.9938145353561877,1345.6157666293366,0.3984531705880682,257.85966015235215,5365.815791102083,8.193248307601579,10.80857291386166,0.0007912871093971204,2.8617146060765952,-0.4981902727588181,0.9995691292455208,24.0,278.0,1191.0,2952.0,4539.0,7383.0,10666.0,15003.0,14086.0,15941.0,16364.0,19550.0,15388.0,15429.0,15493.0,14847.0,15903.0,14398.0,11540.0,7777.0,3224.0,1860.0,725.0,250.0,56.0,8.0,0.0,0.0,0.0,0.0,0.0,0.0,63.0,224.0,1085.0,2336.0,2566.0,2786.0,4742.0,9590.0,12219.0,13522.0,13263.0,13715.0,17464.0,19764.0,13753.0,14656.0,16042.0,14255.0,14816.0,14771.0,10611.0,7031.0,3501.0,1465.0,455.0,133.0,43.0,4.0,0.0,0.0,0.0,0.0,0.0,0.0,23.0,551.0,950.0,764.0,748.0,953.0,1121.0,1246.0,1566.0,1862.0,2132.0,2536.0,3364.0,5061.0,7350.0,9333.0,12058.0,15968.0,19815.0,19330.0,22401.0,18834.0,17753.0,15234.0,13509.0,12390.0,9737.0,4691.0,2307.0,1288.0
156,500,166,585,183,669,203,755,238,832,295,900,367,950,449,980,527,989,598,969,656,918,703,854,733,780,750,704,762,630,765,559,760,487,265,409,314,385,366,376,420,383,467,405,591,406,630,384,673,375,715,382,744,411,529,473,534,529,540,584,547,639,469,668,503,680,538,691,568,681,595,667,325,489,364,481,400,479,439,492,399,498,362,498,586,490,626,478,662,478,695,485,663,497,626,496,368,755,431,731,490,725,533,731,571,723,614,730,650,748,615,808,574,836,534,843,489,839,428,814,383,758,491,747,534,750,571,746,632,752,571,798,532,804,489,802,369,0.0019995787216417894,21.490395905541845,0.990688060606871,1154.310064637898,0.4607299206539061,329.932153142179,4595.74986264604,7.824962652252394,10.153204669936978,0.0008312303546898528,2.8061175768504496,-0.5133141225285718,0.9995006783888452,79.0,250.0,614.0,1383.0,2251.0,2592.0,2800.0,4033.0,6908.0,10278.0,15663.0,17657.0,20852.0,22647.0,25061.0,26771.0,27464.0,25422.0,22405.0,22336.0,19409.0,11992.0,2606.0,892.0,520.0,69.0,66.0,24.0,4.0,1.0,0.0,0.0,14.0,103.0,204.0,767.0,1597.0,1993.0,1970.0,2015.0,1995.0,2164.0,2752.0,3200.0,4482.0,6155.0,10184.0,13779.0,18585.0,20128.0,21537.0,28715.0,34425.0,39574.0,31981.0,27459.0,13282.0,2132.0,1177.0,534.0,123.0,14.0,8.0,1.0,0.0,2.0,22.0,199.0,966.0,1308.0,1559.0,1317.0,1328.0,1384.0,1354.0,1337.0,1350.0,1403.0,1594.0,1880.0,1943.0,2244.0,2537.0,3497.0,5561.0,7799.0,9934.0,14248.0,20319.0,26897.0,30453.0,38410.0,47708.0,49451.0,14540.0,505.0
267,484,271,555,281,623,292,691,312,756,348,814,405,860,462,899,526,921,598,911,672,881,743,837,794,778,821,704,838,627,854,543,862,458,279,419,308,391,352,390,396,402,438,419,536,422,589,403,648,395,705,403,758,425,489,492,489,532,487,571,486,612,450,657,471,665,494,669,522,665,549,658,335,481,364,459,404,459,435,497,400,504,360,500,585,496,615,461,659,461,697,484,663,503,619,503,428,760,449,729,474,711,496,718,516,712,558,732,603,766,563,794,524,805,503,805,478,800,453,786,446,756,477,740,498,742,518,741,583,761,520,765,501,765,478,762,37,0.0022049595874009623,12.278812834243375,0.9960704237681687,1562.2882520247076,0.5732458254358468,319.9922292759097,6236.874195264623,8.08501117350372,9.884419550101335,0.0011687453389563813,2.3719088893735485,-0.6081879043760116,0.9999008048529598,1874.0,1371.0,1194.0,1152.0,1478.0,1907.0,2235.0,2628.0,3152.0,3972.0,5122.0,6836.0,7813.0,13459.0,16688.0,24033.0,20390.0,14776.0,15025.0,16459.0,15081.0,17704.0,18767.0,14968.0,11693.0,3595.0,918.0,0.0,1.0,0.0,2.0,0.0,1659.0,1372.0,950.0,994.0,1172.0,1256.0,1437.0,1789.0,2006.0,2059.0,2705.0,3599.0,5310.0,6583.0,8661.0,16030.0,18670.0,25121.0,18133.0,16098.0,17004.0,17026.0,17721.0,19802.0,16357.0,13732.0,5654.0,1391.0,0.0,2.0,0.0,0.0,594.0,813.0,838.0,922.0,788.0,772.0,678.0,610.0,587.0,622.0,678.0,832.0,926.0,1147.0,1318.0,1506.0,2316.0,3259.0,4713.0,6834.0,10467.0,17984.0,34700.0,27389.0,21367.0,22096.0,25895.0,23152.0,20656.0,9472.0,362.0,0.0
256,503,255,575,257,647,263,723,279,796,317,858,366,915,421,963,499,979,583,971,661,936,733,892,794,834,826,760,838,677,844,596,848,514,280,467,301,423,348,404,397,407,444,426,546,426,603,407,663,406,720,425,760,468,494,481,488,529,482,577,476,627,428,654,454,667,485,678,521,664,555,653,335,490,364,469,401,470,432,494,398,498,362,498,587,495,620,472,657,472,689,493,658,500,622,499,376,733,416,722,460,718,495,726,534,718,591,720,650,729,597,782,540,808,498,813,460,809,416,786,392,739,459,738,495,742,534,737,633,734,538,774,497,779,461,774,370,0.0006225431255445383,49.764170002153705,0.9790482692267353,1187.7939720478744,0.2586558316775389,278.8969048619805,4701.411718189345,8.032960008208779,11.526646604748505,0.00041093423812224556,3.6851868551844786,-0.36309643535213476,0.9967152934317354,198.0,423.0,1196.0,1963.0,2357.0,3538.0,5422.0,7681.0,10974.0,14204.0,16467.0,20277.0,24942.0,27947.0,33652.0,35204.0,26701.0,19154.0,10625.0,6319.0,3517.0,1909.0,1064.0,609.0,137.0,59.0,35.0,16.0,14.0,10.0,13.0,21.0,147.0,145.0,488.0,1162.0,1450.0,1959.0,2876.0,4106.0,5835.0,7529.0,10027.0,12386.0,13456.0,16184.0,19988.0,23141.0,26427.0,32323.0,33729.0,26023.0,18066.0,10180.0,4836.0,1906.0,1100.0,898.0,146.0,51.0,29.0,22.0,13.0,20.0,3.0,55.0,90.0,275.0,327.0,554.0,770.0,1124.0,1824.0,2623.0,3536.0,4368.0,5254.0,5907.0,6703.0,7567.0,7615.0,8667.0,10363.0,12693.0,14565.0,17583.0,19545.0,21780.0,26761.0,29277.0,27320.0,21462.0,12369.0,5161.0,424.0,83.0
250,499,249,569,255,635,264,701,284,765,322,824,374,874,431,921,500,939,572,929,639,896,698,853,744,797,771,730,786,659,803,586,813,510,280,455,317,424,366,419,417,426,466,442,545,441,600,421,660,419,719,431,764,468,505,481,502,536,498,593,494,650,440,660,468,675,500,687,535,675,566,662,336,488,367,472,401,474,434,496,398,496,364,495,588,498,623,476,659,475,693,491,659,497,625,497,376,719,419,711,467,712,504,722,542,714,597,716,655,721,602,786,546,812,506,816,465,809,417,777,392,724,466,733,504,740,543,735,639,727,545,773,506,778,467,771,371,0.0006459917921983776,31.893974584398155,0.9956312696899416,3650.3903591903772,0.36160197945991585,287.98800379908243,14569.667462177098,8.63512649093075,11.554769843780196,0.0005890217518788101,3.255480382422137,-0.48721783759229365,0.999669739680431,396.0,1140.0,4997.0,9221.0,13245.0,18402.0,26225.0,15759.0,11212.0,8638.0,7017.0,6149.0,5327.0,5514.0,6030.0,6353.0,6642.0,7083.0,7141.0,8159.0,10199.0,9063.0,8297.0,7100.0,5473.0,4886.0,4393.0,3237.0,1376.0,732.0,215.0,1.0,27.0,550.0,1565.0,4139.0,4647.0,5672.0,9247.0,15531.0,19786.0,15504.0,10572.0,8353.0,7131.0,6741.0,6396.0,5715.0,5054.0,5133.0,5146.0,5490.0,6188.0,6778.0,7213.0,8322.0,10116.0,12780.0,11194.0,9461.0,7506.0,5683.0,1734.0,248.0,0.0,0.0,10.0,202.0,786.0,1338.0,1939.0,2008.0,1773.0,1809.0,1852.0,2004.0,2634.0,3832.0,5450.0,6952.0,8459.0,10210.0,10956.0,12429.0,12225.0,11222.0,9437.0,6554.0,6060.0,6046.0,7414.0,7260.0,8919.0,12137.0,16106.0,51599.0
224,501,223,575,228,649,236,723,258,792,301,854,358,909,425,954,504,968,585,954,653,909,713,856,764,796,791,725,801,652,808,577,811,501,267,459,294,407,351,385,409,389,466,411,545,417,602,392,662,389,721,408,754,458,508,471,507,524,507,577,506,632,441,658,472,667,505,679,540,667,576,658,331,491,361,472,397,472,435,493,396,497,360,498,588,491,619,471,655,472,687,489,656,495,621,495,359,734,410,724,464,718,508,726,552,717,604,722,652,734,608,794,556,829,509,836,461,831,408,801,376,740,464,744,509,749,553,743,635,740,554,780,509,787,463,781,372,0.000493794429013697,45.000229942107495,0.9878142660656957,1846.624616918275,0.28559067379480413,272.69123510801626,7341.4982377309825,8.389777607062548,11.736106977999457,0.00045969056270524564,3.5566167604587045,-0.41302901989009166,0.9987736149752644,2855.0,3090.0,4132.0,6649.0,10724.0,16357.0,23777.0,29409.0,25157.0,17002.0,16323.0,17875.0,16692.0,15304.0,17754.0,15083.0,11757.0,7626.0,5034.0,3475.0,2159.0,1490.0,959.0,512.0,89.0,27.0,3.0,0.0,1.0,0.0,0.0,1.0,892.0,1003.0,1387.0,2289.0,2794.0,3857.0,5603.0,7799.0,10761.0,13310.0,16592.0,19984.0,21960.0,19270.0,15402.0,14918.0,15827.0,14803.0,14626.0,15761.0,16085.0,13677.0,9535.0,5778.0,3793.0,2244.0,1043.0,249.0,69.0,3.0,1.0,1.0,28.0,270.0,331.0,380.0,480.0,832.0,1070.0,1193.0,1201.0,1419.0,1911.0,2709.0,3747.0,4213.0,4809.0,5694.0,6754.0,7511.0,9527.0,11581.0,12093.0,12702.0,15662.0,16012.0,14225.0,14463.0,14852.0,13512.0,14034.0,14767.0,16411.0,46923.0
285,501,275,561,272,623,280,685,295,749,325,807,368,861,417,913,483,935,559,931,638,908,711,871,771,814,808,743,824,661,837,580,843,500,291,427,319,397,361,391,405,400,446,420,544,418,599,393,659,383,718,395,766,429,489,479,483,524,475,568,466,613,424,649,449,662,478,671,514,661,549,652,334,489,366,474,402,475,437,500,399,503,363,501,582,499,621,475,660,474,697,489,662,502,623,504,374,721,412,707,452,701,486,706,525,701,589,708,659,724,595,778,530,804,488,807,450,801,412,774,394,727,452,724,486,728,525,724,642,727,529,767,489,769,453,764,373,0.0006404739638971421,39.219370042715354,0.9892442233670348,1823.2920158431207,0.34735393761559813,260.1994463984893,7253.948693329785,8.397809490640698,11.380606911780793,0.0006702160996146858,3.279147104821656,-0.4625969070818577,0.9994005866897857,433.0,1776.0,3780.0,5547.0,6737.0,8551.0,10598.0,14041.0,17887.0,16201.0,15643.0,16696.0,18576.0,17980.0,14911.0,12238.0,12055.0,11422.0,10579.0,9281.0,7946.0,6395.0,5484.0,3986.0,1556.0,508.0,2.0,0.0,0.0,0.0,0.0,0.0,61.0,577.0,1826.0,2986.0,3783.0,4574.0,5707.0,7162.0,8225.0,9881.0,11987.0,15619.0,16389.0,15300.0,15895.0,18193.0,19227.0,17165.0,13188.0,12636.0,12398.0,10912.0,10069.0,8285.0,5739.0,2594.0,431.0,0.0,0.0,0.0,0.0,0.0,0.0,22.0,251.0,1053.0,1464.0,1825.0,2042.0,2705.0,3313.0,3588.0,3844.0,4462.0,4678.0,5680.0,6680.0,9148.0,12203.0,15575.0,15013.0,15674.0,16571.0,17335.0,20938.0,17434.0,16470.0,15642.0,15514.0,12584.0,8108.0,990.0,3.0,0.0
151,505,162,586,175,666,195,746,234,816,295,870,371,909,451,937,526,944,593,926,648,882,698,833,734,775,756,706,764,634,765,564,760,493,259,438,304,409,359,400,415,404,465,423,582,427,624,406,669,397,713,405,740,437,529,484,535,536,541,587,547,639,470,660,505,669,539,681,568,670,592,658,324,493,361,472,399,473,435,500,397,507,358,506,589,499,621,471,658,469,690,489,662,504,625,505,383,738,442,717,493,711,528,715,561,710,599,715,635,728,603,772,566,791,531,796,494,793,441,777,399,738,493,729,529,731,562,727,617,732,563,762,530,765,494,764,374,0.0014626415429189995,25.771562715349177,0.9903454071332913,1335.4626696593205,0.39972684314221246,326.3642731857209,5316.079115921926,7.99244686268489,10.609995921969707,0.0006826629255326383,3.023872533519954,-0.48345505679231726,0.9993614555541002,421.0,846.0,1291.0,1795.0,2701.0,3388.0,4133.0,4477.0,5949.0,7068.0,7582.0,7424.0,8781.0,11017.0,15654.0,22248.0,28092.0,29018.0,28931.0,29060.0,18295.0,12699.0,6287.0,2538.0,1903.0,1383.0,827.0,253.0,24.0,19.0,7.0,14.0,213.0,542.0,790.0,907.0,1065.0,1286.0,1721.0,2555.0,3528.0,4353.0,5292.0,6061.0,6893.0,8000.0,8848.0,10051.0,11497.0,17389.0,24539.0,28325.0,28116.0,32023.0,30351.0,17033.0,6536.0,2661.0,1950.0,1086.0,438.0,43.0,20.0,13.0,52.0,304.0,262.0,363.0,426.0,470.0,606.0,696.0,760.0,678.0,697.0,666.0,876.0,1147.0,1405.0,2144.0,2895.0,3999.0,4638.0,5638.0,6879.0,8665.0,9368.0,10633.0,14373.0,21958.0,27651.0,30055.0,35538.0,39132.0,25179.0,5972.0
189,496,197,580,205,663,216,745,244,819,297,883,365,935,439,976,521,990,599,976,663,930,720,875,764,811,786,737,793,659,796,581,799,499,259,470,298,427,357,411,417,418,475,435,557,436,612,418,668,413,723,425,755,467,517,478,519,533,522,588,526,645,453,674,486,683,521,693,553,682,583,672,333,490,365,469,403,468,438,494,402,497,365,498,588,493,622,467,659,468,690,488,661,497,624,496,372,743,431,746,486,745,520,750,556,743,603,744,650,743,606,794,560,821,521,826,484,823,430,798,389,749,485,757,520,761,556,755,633,748,558,788,521,795,486,791,375,0.0006076404639640248,18.87256258080894,0.9937319242348237,1505.4687001894908,0.3251642824715966,259.8491536109481,6003.002238177152,8.271912217255224,11.213822865754532,0.0006531935344882138,3.130444304650777,-0.4586580969185416,0.9992978275514335,186.0,436.0,869.0,1616.0,3381.0,6105.0,8009.0,11461.0,17597.0,19768.0,18949.0,18693.0,18521.0,18575.0,16683.0,16854.0,17504.0,15186.0,14282.0,14045.0,12523.0,9880.0,8097.0,5909.0,2746.0,1516.0,897.0,146.0,0.0,0.0,0.0,0.0,175.0,341.0,425.0,921.0,1305.0,2392.0,4341.0,6777.0,9209.0,12347.0,18314.0,21713.0,21435.0,20683.0,19431.0,17892.0,16843.0,15325.0,18694.0,18351.0,15632.0,11829.0,11242.0,8985.0,3828.0,1376.0,627.0,1.0,0.0,0.0,0.0,0.0,8.0,90.0,200.0,314.0,574.0,582.0,649.0,1230.0,2252.0,3846.0,5473.0,7315.0,8709.0,13053.0,18560.0,16899.0,15943.0,18542.0,19293.0,18202.0,18454.0,19121.0,18406.0,18181.0,17621.0,13233.0,12453.0,8601.0,2459.0,171.0,0.0,0.0
179,490,186,573,198,654,219,731,260,800,314,859,376,908,446,944,514,952,573,938,620,892,657,835,690,773,715,708,732,642,741,575,745,506,273,430,317,401,371,393,428,400,479,418,578,422,619,407,664,402,707,406,737,434,531,480,534,535,538,591,542,647,469,671,499,683,533,692,563,683,590,669,336,496,371,481,409,480,442,502,408,513,369,512,594,501,627,482,662,481,689,499,663,513,627,512,408,765,455,741,500,730,531,739,560,731,593,741,621,766,591,807,559,828,528,832,495,828,451,808,430,767,499,766,529,770,559,765,602,767,559,771,530,777,500,772,376,0.001355506924205432,28.54349602660001,0.9949622319891086,2832.8263362741063,0.4546289406722873,174.3371369461875,11302.761849069822,8.229828900667831,10.720147944102784,0.0008006550373069566,2.855365857493613,-0.5185618317539106,0.9996925531435186,815.0,4547.0,33468.0,35402.0,19304.0,13577.0,10738.0,7938.0,10368.0,11031.0,12946.0,16040.0,21111.0,17253.0,13599.0,6437.0,3330.0,1765.0,1222.0,777.0,327.0,251.0,167.0,106.0,59.0,53.0,21.0,14.0,11.0,3.0,6.0,6.0,270.0,4163.0,30858.0,27942.0,18953.0,11734.0,9036.0,8314.0,7752.0,7413.0,6989.0,8764.0,8916.0,8518.0,9623.0,13455.0,17504.0,17025.0,14829.0,6730.0,2273.0,800.0,372.0,208.0,130.0,61.0,25.0,14.0,11.0,6.0,2.0,2.0,53.0,3083.0,26204.0,21021.0,12893.0,11304.0,7972.0,5912.0,5099.0,5812.0,5955.0,5642.0,4727.0,4170.0,4583.0,4025.0,4927.0,5939.0,6555.0,7196.0,9123.0,11787.0,14164.0,12737.0,15978.0,15397.0,7855.0,1848.0,460.0,195.0,58.0,18.0
176,502,178,580,185,662,204,742,245,811,305,867,375,914,452,945,532,953,601,936,645,889,685,834,716,772,734,704,743,634,742,565,732,499,272,427,315,386,374,369,435,373,490,396,581,394,622,376,667,374,706,391,723,430,536,475,544,520,552,563,561,609,463,644,505,652,547,663,583,653,616,644,338,487,372,471,408,473,443,497,408,499,370,498,591,497,622,473,656,472,682,488,660,498,625,500,385,740,446,709,505,697,541,706,575,699,616,712,645,742,616,796,576,825,538,829,499,825,441,799,402,743,503,731,540,735,574,733,629,745,574,780,539,785,501,781,377,0.0006357582581054534,44.90276143300183,0.983901438117577,1394.6079183605784,0.26552154500190545,175.7097255445339,5533.5289120093075,8.121284230254425,11.489004364358792,0.0004314433204697983,3.5968789567037183,-0.3885557967330008,0.9978432995739908,889.0,3540.0,13991.0,48462.0,42671.0,34066.0,27454.0,22805.0,17506.0,12544.0,9247.0,7436.0,5756.0,4309.0,3356.0,2510.0,1834.0,1359.0,1110.0,857.0,685.0,562.0,451.0,400.0,382.0,384.0,416.0,60.0,13.0,12.0,8.0,4.0,131.0,1342.0,2423.0,4161.0,22892.0,29772.0,26438.0,25536.0,23936.0,21890.0,20626.0,18930.0,14886.0,12006.0,9994.0,7913.0,5849.0,4456.0,3020.0,2026.0,1527.0,1190.0,939.0,689.0,499.0,363.0,348.0,439.0,599.0,233.0,18.0,8.0,14.0,104.0,683.0,1475.0,1322.0,1427.0,2591.0,13358.0,18507.0,17300.0,14326.0,12908.0,13749.0,14844.0,15319.0,15907.0,15422.0,15747.0,15590.0,14120.0,11499.0,10047.0,9293.0,8470.0,6785.0,4972.0,3356.0,2228.0,1311.0,888.0,958.0,559.0
261,483,264,553,271,622,282,692,301,760,338,821,387,878,443,930,513,949,590,940,666,900,729,848,778,784,804,712,819,638,826,561,828,480,280,443,310,412,357,410,404,421,450,442,546,444,598,423,653,415,708,420,755,447,494,483,489,540,484,597,480,655,439,674,461,689,488,701,520,690,552,680,336,483,366,467,400,469,434,493,397,495,363,494,587,496,621,475,657,474,692,491,658,501,624,500,402,739,436,740,469,741,499,750,530,743,578,747,631,748,580,783,532,799,499,801,468,794,436,773,417,746,468,760,499,767,530,763,615,752,530,765,499,768,468,759,378,0.0016167846224560195,11.841314117235303,0.9941025086222992,1004.0593960121587,0.46283426004033096,302.6248247092393,4004.396269931425,7.907364908681535,10.17558355187956,0.0009554071572909063,2.6088152174232864,-0.5276431723369592,0.9996128243110503,0.0,5.0,258.0,716.0,1105.0,1878.0,2158.0,2588.0,3256.0,3654.0,4330.0,5288.0,8248.0,12450.0,14738.0,21122.0,31979.0,29295.0,24469.0,20327.0,20299.0,14879.0,6894.0,3146.0,2843.0,1707.0,204.0,72.0,35.0,0.0,0.0,0.0,0.0,0.0,94.0,502.0,816.0,1159.0,1954.0,2122.0,2489.0,2999.0,3732.0,3863.0,5452.0,8487.0,12254.0,15636.0,22230.0,29150.0,25746.0,26090.0,24481.0,22095.0,14520.0,6293.0,3347.0,2282.0,124.0,25.0,1.0,0.0,0.0,0.0,0.0,0.0,16.0,192.0,409.0,442.0,472.0,640.0,998.0,1176.0,1172.0,1549.0,1870.0,2418.0,3199.0,4210.0,5720.0,7004.0,10466.0,19314.0,25657.0,23778.0,22995.0,22311.0,18580.0,17927.0,19509.0,14684.0,7916.0,3225.0,94.0,0.0
236,492,237,563,248,635,260,707,287,775,330,837,386,888,449,931,516,943,582,928,643,886,699,837,741,779,767,713,780,643,789,572,790,496,267,442,306,407,362,403,416,417,465,441,565,439,613,415,665,404,715,410,752,441,508,488,507,542,505,597,504,652,450,672,476,684,506,695,537,683,566,672,332,488,365,468,404,472,439,503,401,506,362,503,587,500,621,470,659,468,689,488,663,503,625,504,384,734,431,732,477,730,509,737,543,729,591,731,640,733,596,791,549,818,512,824,475,820,429,793,402,741,476,748,509,752,544,746,624,738,546,781,510,785,476,780,379,0.0005446017036580306,27.924941707116613,0.9961824650529125,3657.6039926514454,0.3425774257872868,255.66789396180425,14602.491028898663,8.660778328723556,11.590845074959242,0.000572851604390483,3.213741530566611,-0.4877920536794723,0.9996864161439529,1445.0,5730.0,15983.0,15111.0,10466.0,9554.0,8455.0,8450.0,7874.0,7432.0,7268.0,7685.0,9090.0,11060.0,13880.0,12418.0,10427.0,11124.0,13248.0,11133.0,9755.0,8505.0,7453.0,4777.0,1886.0,887.0,242.0,111.0,45.0,8.0,4.0,19.0,648.0,1800.0,6510.0,14882.0,12068.0,9268.0,8368.0,7383.0,7048.0,7261.0,6938.0,6855.0,6810.0,6992.0,7807.0,8434.0,9567.0,12009.0,13342.0,11346.0,11544.0,13425.0,11135.0,11102.0,9413.0,6682.0,2148.0,583.0,111.0,27.0,7.0,12.0,27.0,653.0,1417.0,2173.0,4581.0,8218.0,7573.0,6845.0,5776.0,5431.0,5512.0,5256.0,4836.0,4660.0,4802.0,5015.0,4927.0,5087.0,5335.0,5240.0,5736.0,6148.0,7319.0,8547.0,10408.0,13199.0,13300.0,14213.0,17576.0,16772.0,13685.0,11258.0
210,484,215,564,225,641,237,719,260,793,309,855,372,907,441,948,517,960,594,949,666,912,732,865,782,806,810,731,824,650,832,568,838,484,260,462,295,422,350,408,406,414,460,432,554,433,607,414,663,410,717,421,759,456,505,479,506,532,506,585,507,641,449,669,477,680,508,689,541,678,570,668,332,486,365,468,403,469,435,493,400,497,363,496,588,493,622,470,659,470,692,489,661,498,625,498,376,734,432,739,478,739,510,746,546,738,594,740,653,736,597,771,549,788,512,791,478,788,432,772,394,741,477,755,510,760,547,755,636,742,547,757,511,761,478,756,38,0.0008457069845613188,15.616284102857101,0.9920507176619453,982.2077988017372,0.3283372070213283,236.03439737515558,3913.2149111040926,7.934311590677453,10.77972563081406,0.000733279297611039,3.022218948053664,-0.44642742079929254,0.9988614207871136,678.0,1977.0,3609.0,5022.0,5790.0,7584.0,14447.0,19242.0,22607.0,26064.0,29965.0,32639.0,29789.0,26699.0,21342.0,14262.0,6779.0,3402.0,918.0,151.0,1.0,0.0,0.0,1.0,0.0,0.0,1.0,0.0,0.0,0.0,0.0,0.0,96.0,1048.0,1475.0,2267.0,3673.0,4347.0,4755.0,7785.0,15256.0,18649.0,21426.0,22933.0,24341.0,27638.0,29906.0,29696.0,27501.0,17246.0,8619.0,3774.0,531.0,5.0,0.0,1.0,0.0,0.0,1.0,0.0,0.0,0.0,0.0,0.0,44.0,135.0,248.0,408.0,523.0,611.0,1001.0,1256.0,1702.0,2250.0,3142.0,4347.0,7457.0,9424.0,10807.0,11821.0,13264.0,13842.0,16047.0,19397.0,22469.0,21925.0,22289.0,19276.0,19657.0,21750.0,15537.0,9070.0,3230.0,40.0,0.0,0.0
121,525,132,611,150,698,176,783,224,853,293,902,374,935,457,951,533,950,592,927,630,874,664,817,690,754,705,689,716,627,713,564,698,503,250,433,301,397,367,376,436,379,497,403,574,412,606,393,643,386,678,389,700,415,541,484,551,530,564,576,578,623,494,676,527,680,560,685,584,677,606,666,321,490,361,467,402,467,439,499,400,502,359,501,584,498,613,466,647,465,670,487,650,500,616,500,406,766,471,738,528,721,558,728,584,718,611,730,624,755,607,786,584,807,556,815,522,814,468,800,424,765,526,757,557,757,583,754,610,757,583,767,557,773,525,773,380,0.0015866869530019978,49.70263583704701,0.9888588823265887,2231.755389219553,0.45352217155530145,354.3671986342073,8877.318921041158,8.17555045026497,10.706372831438348,0.00078361112276538,3.0191070040666887,-0.509281648009344,0.9996326697585619,15.0,79.0,506.0,1577.0,3134.0,4026.0,3719.0,3290.0,2935.0,3121.0,3382.0,4000.0,4613.0,5316.0,5943.0,6411.0,7724.0,9802.0,12156.0,13467.0,17768.0,26237.0,26345.0,23209.0,20740.0,20902.0,20936.0,12958.0,3014.0,1952.0,1.0,0.0,64.0,279.0,1176.0,2649.0,3609.0,3520.0,3115.0,2765.0,2604.0,2574.0,3089.0,3378.0,4010.0,4858.0,5762.0,6127.0,6715.0,7917.0,9131.0,10636.0,13826.0,17356.0,25255.0,29729.0,25385.0,21807.0,22561.0,19703.0,6915.0,2734.0,29.0,0.0,2.0,33.0,323.0,855.0,1165.0,1898.0,2271.0,2221.0,2415.0,2039.0,1717.0,1639.0,1581.0,1921.0,2081.0,2415.0,2859.0,3025.0,3286.0,4127.0,5307.0,5566.0,6418.0,8858.0,12452.0,18230.0,30502.0,42094.0,40123.0,36737.0,23515.0,1603.0
248,534,250,603,255,670,262,738,283,802,320,856,374,897,435,927,507,938,580,927,648,901,707,860,747,806,771,741,779,671,781,602,782,534,292,464,316,418,365,395,418,395,468,412,553,416,605,399,659,398,708,417,737,457,510,464,507,505,505,545,503,589,450,635,477,644,505,650,535,644,563,636,351,488,375,472,404,470,434,485,406,487,378,491,588,485,617,468,646,469,672,485,645,489,617,487,400,750,439,735,477,727,506,738,536,729,575,739,617,755,575,768,537,771,505,772,476,769,439,763,414,749,476,748,506,752,536,749,602,754,536,750,506,752,476,749,381,0.0008132794541439553,60.36465688538217,0.970381388365342,1019.1473730218113,0.31979920031219766,311.47794161611023,4016.224835201916,7.950137556160152,11.093646318250945,0.0005400676456059123,3.3648198175718815,-0.40647421762584923,0.9980401863410534,8.0,13.0,45.0,233.0,449.0,867.0,1494.0,2061.0,3104.0,5691.0,7942.0,10738.0,10724.0,13982.0,15069.0,16326.0,18837.0,19640.0,19396.0,20654.0,23579.0,22085.0,13920.0,7208.0,3687.0,1769.0,432.0,94.0,57.0,49.0,79.0,237.0,7.0,0.0,44.0,194.0,313.0,570.0,937.0,1742.0,2144.0,3289.0,5396.0,7204.0,9122.0,11204.0,13413.0,17354.0,21401.0,21049.0,19565.0,20419.0,21166.0,25177.0,21182.0,10223.0,4799.0,1732.0,318.0,84.0,61.0,46.0,67.0,247.0,0.0,0.0,0.0,0.0,4.0,9.0,33.0,93.0,327.0,515.0,700.0,816.0,1169.0,1541.0,1915.0,2643.0,4171.0,6158.0,9672.0,13161.0,15508.0,16142.0,17929.0,22219.0,23171.0,25669.0,27292.0,23323.0,16534.0,6422.0,2454.0,879.0
210,517,211,589,218,658,228,729,252,797,299,855,363,900,436,934,517,945,593,933,656,896,708,847,743,788,757,721,765,651,770,584,768,517,270,450,307,413,361,400,417,405,469,425,569,424,617,402,669,398,718,414,744,455,519,478,521,527,523,576,525,627,456,657,488,668,522,679,554,668,583,657,332,492,363,471,400,473,436,498,399,502,362,502,587,498,621,471,657,471,687,492,659,501,622,502,387,735,435,721,484,714,519,722,553,715,598,725,641,740,599,769,556,784,520,787,483,782,435,764,404,739,483,744,519,748,554,746,625,742,555,748,519,751,484,747,382,0.0009242381279066812,18.535636829921433,0.9913349251927612,1069.795212635489,0.34260673528724495,252.37040789552276,4260.645213712041,7.989658847294988,10.812938909824451,0.0007754900654792032,3.0605943707011516,-0.45381500227752114,0.999010718990408,176.0,754.0,1632.0,2604.0,3367.0,4375.0,6520.0,8140.0,11204.0,14166.0,19560.0,24738.0,27573.0,28661.0,25195.0,19737.0,15351.0,11044.0,11403.0,8798.0,3416.0,1188.0,498.0,94.0,0.0,0.0,0.0,0.0,0.0,0.0,0.0,0.0,33.0,619.0,1478.0,2131.0,2432.0,3276.0,3842.0,5116.0,6917.0,8928.0,11867.0,14174.0,19280.0,23718.0,28394.0,29654.0,25182.0,21022.0,15828.0,14292.0,7658.0,3384.0,781.0,188.0,0.0,0.0,0.0,0.0,0.0,0.0,0.0,0.0,2.0,35.0,375.0,728.0,1071.0,1344.0,1337.0,1507.0,1732.0,2049.0,2738.0,3527.0,4101.0,4959.0,6388.0,8450.0,11895.0,16395.0,20533.0,23223.0,23525.0,24873.0,23654.0,17163.0,15467.0,17594.0,11391.0,3803.0,335.0,0.0,0.0,0.0
245,520,243,592,242,662,246,736,262,812,299,880,352,938,415,987,493,1005,577,996,655,958,725,905,779,842,811,766,825,683,829,604,833,524,277,460,297,417,343,396,395,396,445,411,548,408,605,393,665,396,720,418,755,461,498,469,494,515,490,562,486,612,429,654,459,664,491,675,527,665,561,655,335,489,364,472,396,471,430,490,396,493,364,494,584,490,619,472,654,473,687,490,655,495,620,494,364,746,412,740,458,737,495,744,535,737,590,739,651,746,593,793,539,811,498,814,458,809,412,791,382,752,458,750,496,754,536,751,633,751,538,783,498,786,459,781,383,0.0006877000994413518,43.957173761192834,0.974622184629666,866.1052342936155,0.28112993574449796,281.0032189329943,3420.4637634132814,7.854242912459098,11.241635205235298,0.00044322730386334115,3.5969716837410046,-0.36231919063418794,0.996228166955099,29.0,189.0,328.0,467.0,893.0,1400.0,1872.0,2818.0,5118.0,8929.0,15092.0,19890.0,25283.0,29671.0,32290.0,33649.0,28835.0,24825.0,22378.0,18062.0,13293.0,8323.0,1573.0,100.0,9.0,11.0,5.0,1.0,4.0,0.0,0.0,1.0,89.0,175.0,298.0,390.0,590.0,933.0,1379.0,2104.0,2855.0,5270.0,9030.0,14100.0,19584.0,25026.0,30046.0,35254.0,36890.0,27309.0,19553.0,19239.0,21336.0,14123.0,8499.0,1196.0,34.0,14.0,8.0,8.0,3.0,0.0,1.0,2.0,6.0,31.0,85.0,122.0,141.0,170.0,276.0,533.0,735.0,865.0,890.0,1134.0,1726.0,2740.0,5005.0,9394.0,14264.0,16923.0,17960.0,20396.0,23585.0,28027.0,27035.0,25729.0,24461.0,19038.0,18122.0,19650.0,13964.0,2290.0,38.0,3.0
185,524,191,605,203,683,219,759,252,830,307,888,376,930,452,956,529,964,602,947,662,904,711,848,742,782,758,711,767,640,772,572,770,503,270,437,308,402,360,385,415,389,463,409,577,413,620,395,668,390,712,405,737,441,526,473,531,524,536,574,542,626,468,656,501,667,534,677,563,667,588,655,334,488,366,468,402,469,436,493,400,498,365,498,588,494,622,471,656,470,684,491,657,499,623,499,376,744,432,723,488,715,527,722,565,716,608,722,646,740,610,792,568,815,527,821,487,816,430,792,390,747,488,734,527,738,565,734,631,743,565,783,526,788,487,784,384,0.0015489073582876391,16.683865035912692,0.9927222557387794,1146.4025753266906,0.4306248135930029,366.547742986866,4568.926436270922,7.908280533296234,10.328207622846245,0.0007481987672187811,2.869172972380505,-0.5062061224836093,0.9994885993798972,4.0,29.0,182.0,429.0,757.0,942.0,1339.0,1690.0,2305.0,3347.0,4976.0,5530.0,7093.0,8408.0,11315.0,15967.0,19684.0,21244.0,27668.0,27936.0,25364.0,22564.0,17239.0,14131.0,13436.0,11276.0,6468.0,1022.0,23.0,4.0,1.0,0.0,1.0,50.0,135.0,276.0,658.0,798.0,1019.0,1121.0,1492.0,2071.0,2555.0,3142.0,3772.0,4788.0,6023.0,7328.0,9592.0,13112.0,17135.0,20553.0,22123.0,27264.0,29276.0,26123.0,21775.0,18147.0,16661.0,11902.0,3306.0,147.0,22.0,6.0,3.0,0.0,3.0,13.0,14.0,77.0,125.0,198.0,377.0,517.0,711.0,826.0,804.0,853.0,899.0,759.0,754.0,886.0,1363.0,1907.0,2569.0,3303.0,4553.0,6051.0,8200.0,11563.0,16278.0,22098.0,29787.0,38199.0,39550.0,79133.0
214,507,215,587,221,664,234,737,260,804,305,863,366,908,434,946,504,963,576,949,645,913,708,868,757,812,786,744,799,667,807,590,810,511,281,448,314,408,365,392,420,403,466,428,564,430,608,404,661,393,712,409,741,448,512,484,511,542,511,599,510,658,442,675,473,688,509,700,547,689,580,677,342,488,375,472,406,473,439,499,405,496,373,494,588,498,622,474,653,472,684,489,654,494,622,495,384,750,429,741,476,737,508,745,542,738,590,743,635,754,590,796,543,820,508,825,473,819,427,794,398,751,476,755,509,761,542,757,621,755,542,786,508,790,475,785,385,0.0007484663281191202,28.311326712953417,0.9878175845988035,1161.8991499845224,0.3028751391869774,290.5788726321548,4619.285273225112,8.02084704361985,11.122521057975995,0.0006013241192278891,3.2979720506240873,-0.4170160527452178,0.9983659709408449,908.0,1582.0,1332.0,1656.0,2395.0,4072.0,6389.0,9360.0,14051.0,20169.0,27160.0,36432.0,32717.0,22856.0,19898.0,19071.0,15363.0,12042.0,10344.0,5005.0,1675.0,910.0,221.0,5.0,2.0,0.0,0.0,0.0,0.0,0.0,0.0,0.0,423.0,465.0,1407.0,1238.0,1779.0,2360.0,2377.0,2843.0,3441.0,4726.0,6496.0,9512.0,12678.0,15349.0,19537.0,23644.0,29539.0,26547.0,20063.0,19565.0,19238.0,18797.0,13763.0,6525.0,2389.0,780.0,115.0,19.0,0.0,0.0,0.0,0.0,54.0,139.0,169.0,404.0,636.0,637.0,472.0,515.0,528.0,549.0,600.0,922.0,1193.0,1787.0,2715.0,3163.0,3946.0,5027.0,6512.0,10207.0,13678.0,17218.0,22149.0,29583.0,29483.0,24219.0,21548.0,22817.0,24525.0,15924.0,4083.0,213.0
223,494,222,570,226,648,238,725,260,797,300,856,360,902,429,934,509,946,589,935,658,905,718,858,759,796,782,726,795,651,800,574,802,498,277,448,312,407,366,398,420,410,472,431,550,430,604,411,660,399,715,410,749,455,511,471,511,516,510,559,509,604,448,651,477,659,509,666,543,661,574,654,331,483,363,463,401,464,438,490,400,497,361,497,583,491,618,464,657,464,690,486,660,498,621,497,404,757,444,733,479,720,509,729,540,722,577,736,619,762,576,782,540,790,508,791,476,787,442,776,421,756,478,745,508,748,540,746,602,760,539,752,509,754,478,749,386,0.0005978385003302068,19.416226833427046,0.9934540790837522,1483.033779395054,0.309461265543224,220.13061050658655,5912.718890746797,8.28172651886885,11.257748774854122,0.0005538519237837378,3.15018894389253,-0.45495022147347836,0.9992693154060686,559.0,1988.0,4807.0,7613.0,7835.0,10001.0,12626.0,14377.0,16049.0,18246.0,21355.0,26500.0,24537.0,17202.0,13122.0,11383.0,11010.0,8804.0,6563.0,6832.0,5614.0,3940.0,2412.0,1964.0,1386.0,617.0,175.0,20.0,8.0,10.0,7.0,10.0,124.0,913.0,1811.0,4656.0,6435.0,6956.0,8579.0,11679.0,13615.0,15891.0,18116.0,21012.0,23506.0,27898.0,21726.0,14789.0,11008.0,11660.0,9355.0,7328.0,7659.0,5222.0,2843.0,2193.0,1560.0,791.0,203.0,11.0,11.0,8.0,7.0,7.0,51.0,321.0,510.0,689.0,1132.0,1980.0,3255.0,4485.0,5536.0,7920.0,9979.0,11836.0,13444.0,16133.0,17853.0,18590.0,20323.0,23448.0,19977.0,15240.0,14269.0,11703.0,9024.0,8867.0,8460.0,5755.0,2652.0,1871.0,1723.0,529.0,11.0,6.0
263,475,268,551,277,621,289,689,310,755,341,813,383,866,435,913,503,934,580,928,654,894,717,846,768,782,795,710,811,632,822,554,829,471,281,439,309,400,358,389,409,399,455,418,547,418,598,396,657,388,716,401,758,439,498,483,495,538,492,590,489,644,438,666,464,678,494,688,529,679,562,670,335,485,363,470,398,471,433,495,397,498,361,498,585,496,620,473,657,471,692,487,659,501,621,502,404,740,436,726,471,719,500,729,530,722,577,733,629,747,578,786,533,801,500,802,468,796,435,775,423,742,470,751,500,756,531,754,611,749,532,761,500,763,470,757,387,0.0009492486652508052,34.05681419676279,0.9782560711142267,783.146821267042,0.32428056009897005,210.73427770215432,3098.5304708714048,7.807092562693889,10.823120795925862,0.0006004823295867121,3.203383028565792,-0.4125209685170786,0.997977550351388,278.0,2053.0,5052.0,11480.0,16734.0,33470.0,36755.0,29950.0,24924.0,23667.0,20455.0,14798.0,8012.0,5206.0,4258.0,2140.0,435.0,173.0,106.0,82.0,39.0,20.0,8.0,13.0,2.0,1.0,0.0,2.0,0.0,1.0,0.0,0.0,10.0,241.0,1345.0,2593.0,3787.0,5136.0,7822.0,11454.0,15936.0,26834.0,35511.0,26280.0,22212.0,21794.0,18911.0,16668.0,9839.0,6395.0,5096.0,1709.0,232.0,139.0,91.0,44.0,14.0,7.0,9.0,3.0,1.0,0.0,1.0,0.0,0.0,4.0,96.0,385.0,885.0,1194.0,1266.0,1499.0,1871.0,2257.0,3044.0,4042.0,5977.0,7805.0,10490.0,13748.0,20122.0,28734.0,23069.0,20406.0,20931.0,21310.0,20133.0,13575.0,7234.0,6105.0,3466.0,446.0,15.0,4.0,1.0,0.0
251,477,252,549,263,619,274,689,297,758,334,821,383,876,442,923,512,937,583,922,651,883,712,836,758,779,786,713,802,642,811,568,812,489,270,444,306,411,357,409,406,423,451,447,556,442,602,419,653,411,705,418,746,446,499,488,497,544,496,600,495,658,436,663,464,678,497,693,534,678,566,664,331,484,363,469,399,472,433,499,396,499,360,496,584,499,618,475,654,474,687,491,655,501,620,501,373,710,422,711,469,712,505,721,544,712,600,709,661,709,605,776,548,808,506,814,467,809,419,780,391,718,468,729,505,735,543,728,646,716,547,775,506,781,469,775,388,0.0010871837661772794,23.82929668336091,0.9916515596389157,1427.4416036848497,0.40357212672600495,280.3217135856171,5685.937118056063,8.136378933060364,10.755400621217081,0.0008044768919762926,2.974643169831556,-0.4937605698250691,0.9995165574204613,259.0,1527.0,2503.0,2684.0,2729.0,2966.0,3779.0,5135.0,7546.0,8820.0,10490.0,10815.0,12253.0,13290.0,13930.0,17933.0,20958.0,17367.0,15012.0,14589.0,16155.0,14205.0,9079.0,3074.0,408.0,153.0,62.0,29.0,3.0,1.0,0.0,0.0,76.0,434.0,985.0,1395.0,1982.0,2966.0,3721.0,3651.0,4268.0,5783.0,8585.0,10502.0,11492.0,11914.0,13370.0,15711.0,16430.0,18351.0,20609.0,18727.0,16697.0,17270.0,14310.0,7413.0,851.0,167.0,72.0,21.0,1.0,0.0,0.0,0.0,18.0,154.0,499.0,732.0,703.0,791.0,880.0,1048.0,1304.0,1535.0,2067.0,2693.0,2954.0,3405.0,4251.0,6291.0,9015.0,10954.0,13490.0,15153.0,17395.0,17537.0,23442.0,24804.0,20911.0,19414.0,17943.0,7960.0,411.0,0.0,0.0,0.0
285,502,277,567,279,632,288,698,306,762,337,821,380,873,430,916,491,934,562,932,633,905,700,862,756,803,796,732,823,656,840,576,845,494,306,403,337,379,377,375,419,384,458,405,542,399,594,376,651,369,707,383,755,411,498,470,493,515,487,560,481,606,441,653,464,662,488,667,518,662,549,655,341,487,368,466,406,466,441,493,403,502,365,503,583,492,616,466,657,465,693,484,659,500,618,500,400,758,430,730,463,715,490,722,518,716,562,731,609,760,562,794,519,809,490,811,460,805,430,786,421,757,463,753,491,756,518,755,587,759,518,758,490,760,462,755,389,0.0017010170155680325,25.631207264008587,0.992714246439128,1759.7893794210213,0.4257388561170024,277.9311977751117,7013.526310420082,8.01534855616752,10.545865680051712,0.0007639016972398674,2.9785771571517623,-0.4976777707242659,0.9994926693464538,1312.0,3501.0,4125.0,4454.0,5152.0,5615.0,6336.0,6455.0,7815.0,9816.0,13958.0,18960.0,17852.0,22189.0,28864.0,33663.0,29518.0,21447.0,8251.0,1584.0,490.0,261.0,194.0,91.0,42.0,21.0,6.0,1.0,0.0,0.0,0.0,0.0,708.0,2434.0,3055.0,3415.0,3764.0,3853.0,3914.0,4213.0,4961.0,5717.0,5580.0,7689.0,9091.0,10511.0,12663.0,17592.0,16766.0,21295.0,28908.0,35334.0,34966.0,12843.0,1835.0,668.0,119.0,47.0,24.0,7.0,1.0,0.0,0.0,0.0,130.0,866.0,1972.0,2141.0,2101.0,2496.0,2557.0,2480.0,2402.0,2257.0,2319.0,2765.0,3070.0,3483.0,4410.0,4665.0,4978.0,5725.0,5790.0,6841.0,10384.0,13172.0,16760.0,15666.0,19442.0,27238.0,31850.0,34322.0,18517.0,1075.0,81.0,18.0
240,510,241,586,251,662,262,735,284,806,322,867,379,917,444,953,516,967,592,952,666,920,729,872,775,808,803,736,816,660,825,581,831,503,277,453,308,419,354,405,403,408,447,425,559,419,610,400,664,389,718,401,760,434,502,471,500,515,497,557,494,602,450,641,473,650,500,658,529,651,557,642,334,492,366,474,401,473,438,495,402,500,366,502,585,492,620,470,656,471,690,488,658,498,621,497,392,737,429,710,472,701,504,708,537,702,588,714,639,736,590,790,539,812,504,815,469,810,426,788,406,738,471,723,504,727,537,724,625,738,538,780,504,784,470,779,39,0.0023654217473093363,16.70419275904865,0.9942909251966094,1464.0425848350842,0.48048913507897684,335.8859269522052,5839.46614658129,7.865593822203417,10.084820261102543,0.0008489174999935337,2.7213868292105645,-0.5321981561260409,0.9996295349719007,93.0,1529.0,2526.0,2381.0,2561.0,2561.0,2442.0,2540.0,2775.0,3428.0,4532.0,6442.0,8980.0,10784.0,13969.0,18756.0,22151.0,25100.0,28625.0,32384.0,39208.0,23553.0,7305.0,2584.0,1459.0,740.0,218.0,42.0,15.0,13.0,3.0,13.0,33.0,431.0,1509.0,1782.0,2074.0,2063.0,2403.0,2366.0,2456.0,2676.0,3248.0,4383.0,5493.0,6393.0,7754.0,8909.0,11348.0,16490.0,20515.0,24350.0,30501.0,34404.0,41964.0,26176.0,5903.0,1859.0,971.0,943.0,226.0,50.0,11.0,28.0,1.0,18.0,80.0,292.0,821.0,1062.0,913.0,1149.0,1182.0,1467.0,1601.0,1618.0,1573.0,1476.0,1653.0,1872.0,1993.0,2537.0,2808.0,3402.0,4049.0,5352.0,6327.0,8106.0,10873.0,14722.0,19002.0,28519.0,31227.0,42157.0,42763.0,29097.0
250,484,252,555,259,624,270,696,291,763,324,827,371,889,433,940,508,959,588,944,664,904,726,849,772,785,797,714,809,634,819,555,825,475,284,422,313,385,362,375,408,387,452,411,555,407,605,380,661,367,715,381,756,416,500,470,496,527,492,583,487,641,441,669,465,681,493,691,525,681,558,672,335,485,366,466,403,467,438,495,400,499,363,499,588,494,624,469,663,466,695,485,665,500,626,500,386,741,425,729,464,723,498,731,531,724,582,733,636,743,585,787,535,810,499,813,463,808,424,784,404,747,464,760,498,764,533,761,617,748,533,760,499,764,464,759,390,0.0009110901860294125,34.22399063764645,0.986338773959338,1252.614484974812,0.3810209367333962,221.29884013854735,4976.233949261614,8.133202408710474,11.013121126956499,0.0006453397893921237,3.131681972071479,-0.45771246213152145,0.9991996373418748,541.0,3355.0,6142.0,7561.0,9822.0,17775.0,22216.0,23873.0,22960.0,21736.0,24454.0,24841.0,18283.0,16543.0,15287.0,11493.0,6437.0,3699.0,2114.0,1574.0,1094.0,577.0,215.0,78.0,36.0,21.0,15.0,11.0,13.0,8.0,4.0,10.0,132.0,1184.0,3835.0,5585.0,7114.0,7059.0,9052.0,16291.0,22556.0,24002.0,18851.0,18901.0,19814.0,23029.0,20448.0,16446.0,15435.0,14366.0,9246.0,4285.0,2464.0,1576.0,750.0,214.0,68.0,30.0,18.0,15.0,5.0,3.0,4.0,10.0,13.0,41.0,588.0,997.0,1499.0,1675.0,1432.0,1598.0,1695.0,2506.0,3091.0,3834.0,5033.0,7733.0,11636.0,18162.0,22829.0,16623.0,14888.0,14101.0,15476.0,18722.0,21039.0,20961.0,19192.0,19137.0,11651.0,4825.0,1413.0,267.0,68.0,63.0
313,565,300,627,297,692,303,757,316,824,334,889,358,948,394,996,452,1013,523,1013,591,996,656,970,721,930,772,872,807,803,837,728,853,652,318,496,344,468,388,463,431,476,470,495,533,503,596,489,662,489,722,508,759,555,487,555,470,604,453,654,435,703,404,744,427,756,451,768,485,765,520,759,349,552,374,537,411,541,443,568,406,578,369,574,579,583,616,559,658,564,694,586,655,599,614,596,371,846,400,838,429,826,451,838,473,830,512,850,562,875,507,884,465,892,441,892,420,886,392,868,388,847,427,861,450,868,472,867,543,873,466,836,446,839,425,833,391,0.0006964412173552571,54.90098202164272,0.9924129457758536,3619.1456956552684,0.37081832035658946,279.83191386053863,14421.681800599417,8.670908060045878,11.679750647140274,0.000589135906866441,3.3342532269174483,-0.4787802996829821,0.9996511046844848,516.0,2993.0,7261.0,11585.0,11956.0,10041.0,9386.0,8655.0,8481.0,8166.0,7152.0,6949.0,7568.0,9271.0,11393.0,13183.0,15441.0,13306.0,12567.0,9028.0,7364.0,6310.0,7289.0,7001.0,5929.0,5463.0,4728.0,2772.0,1582.0,507.0,60.0,14.0,340.0,1961.0,5478.0,9160.0,8739.0,8345.0,8300.0,6794.0,6596.0,5988.0,5667.0,5609.0,5564.0,6179.0,6677.0,7416.0,7679.0,9077.0,11048.0,15945.0,23015.0,14446.0,9372.0,7736.0,7165.0,7738.0,7334.0,6601.0,4440.0,2688.0,602.0,218.0,6.0,200.0,1220.0,3861.0,5996.0,5455.0,4284.0,3434.0,3713.0,3964.0,4224.0,4104.0,4782.0,5032.0,5159.0,5110.0,4203.0,3860.0,3824.0,4234.0,4885.0,5120.0,7277.0,10291.0,16594.0,27219.0,25896.0,12932.0,12239.0,15905.0,12271.0,6623.0
310,493,299,555,295,620,306,689,324,758,353,823,390,883,430,942,490,963,566,957,651,927,734,886,803,829,846,754,862,666,866,576,865,489,314,429,324,390,364,379,407,382,446,399,519,394,576,370,640,366,701,387,744,431,480,479,472,525,461,571,450,620,420,664,442,674,468,682,501,674,535,668,356,486,377,469,410,468,442,493,410,496,376,496,572,490,608,465,644,464,680,481,647,494,609,495,399,764,421,750,449,739,473,746,500,739,551,752,606,766,554,798,506,814,475,815,449,812,422,795,413,768,450,769,474,773,503,770,589,767,502,773,474,776,449,773,392,0.0004886318882588966,47.53028625125341,0.9897667375621138,2322.822093881355,0.30023973299558526,229.45831464842257,9243.758089274163,8.520205018648426,11.790709929701958,0.0005042484181674055,3.582885522045665,-0.43322160478217875,0.9991931265539694,1652.0,6063.0,9271.0,11396.0,13693.0,15883.0,17722.0,17618.0,17977.0,22062.0,22096.0,17836.0,14618.0,13608.0,12417.0,15205.0,12779.0,11904.0,9347.0,4306.0,1678.0,777.0,423.0,370.0,216.0,11.0,6.0,0.0,0.0,0.0,0.0,0.0,1699.0,5093.0,6277.0,6691.0,8038.0,8978.0,10118.0,11343.0,13080.0,14167.0,13437.0,14313.0,17159.0,19102.0,17550.0,14893.0,13478.0,13956.0,13619.0,16610.0,14060.0,10296.0,3658.0,1460.0,997.0,520.0,321.0,16.0,5.0,0.0,0.0,0.0,1128.0,3770.0,4145.0,3852.0,4078.0,4152.0,4337.0,4874.0,5456.0,6423.0,7012.0,7226.0,7235.0,7258.0,7217.0,7985.0,9857.0,11489.0,12982.0,15310.0,16232.0,14625.0,13060.0,12582.0,12630.0,13683.0,13617.0,18175.0,13684.0,3925.0,2110.0,825.0
252,425,260,501,272,576,289,649,315,717,357,780,405,838,455,895,519,914,589,904,655,858,718,799,769,730,799,650,817,567,836,480,846,391,279,439,313,418,360,423,406,438,451,461,543,464,598,439,655,425,712,423,768,438,496,500,494,562,492,623,491,685,443,683,467,700,498,712,533,698,564,683,339,487,368,489,400,490,432,495,398,501,366,501,591,496,622,492,657,493,694,492,659,504,623,505,420,726,454,739,484,740,511,748,540,739,582,738,631,729,587,782,544,805,513,809,483,803,452,779,437,740,484,752,511,756,541,752,613,738,542,772,511,776,483,768,393,0.0009631408843652245,22.85654724853385,0.9895986522009114,1098.9792759153142,0.34305895639152106,268.4745091352556,4373.06055641274,8.019892470931385,10.886232597248817,0.0006564698642300003,3.116034811409875,-0.45026190587619425,0.9990078766765617,167.0,743.0,1904.0,3024.0,4038.0,5238.0,6183.0,8946.0,11540.0,13698.0,20088.0,25161.0,23431.0,23621.0,21047.0,15953.0,7246.0,4157.0,2905.0,1848.0,1079.0,626.0,465.0,162.0,130.0,101.0,19.0,0.0,0.0,0.0,0.0,0.0,24.0,134.0,574.0,1202.0,1978.0,2916.0,3791.0,4509.0,5124.0,7387.0,8818.0,10339.0,13509.0,17802.0,21519.0,22235.0,22763.0,22607.0,18443.0,7694.0,4026.0,2767.0,1606.0,745.0,578.0,212.0,131.0,85.0,2.0,0.0,0.0,0.0,0.0,0.0,0.0,0.0,36.0,179.0,316.0,577.0,716.0,1307.0,1750.0,1927.0,2148.0,3452.0,4318.0,4998.0,5026.0,5615.0,7579.0,8947.0,10464.0,12310.0,14051.0,16197.0,16710.0,17432.0,16619.0,16189.0,15703.0,9525.0,6291.0,3138.0
181,471,188,558,201,642,217,723,250,800,303,865,370,916,442,955,515,965,586,946,648,898,705,842,745,774,767,697,778,619,788,542,793,461,263,435,306,410,356,403,407,413,454,432,584,430,627,407,673,396,720,401,752,427,521,487,523,542,525,596,527,652,466,676,494,685,523,694,551,686,575,675,331,488,365,465,406,467,438,497,403,503,363,502,587,496,620,463,660,459,692,482,665,499,625,501,385,750,439,744,488,742,519,749,550,742,593,746,636,750,596,808,552,829,519,832,485,828,435,806,403,757,488,765,519,768,550,765,617,758,550,794,518,797,486,793,394,0.002215077092383242,12.822129455923362,0.9912884339118456,736.2629269940207,0.442582225185351,352.15066662890763,2932.229578520175,7.574756600195311,9.915177237952165,0.0008205358705975583,2.6780234751967864,-0.49288484741956706,0.9991561981950261,0.0,6.0,55.0,251.0,338.0,415.0,517.0,772.0,1102.0,1371.0,2153.0,3457.0,4808.0,6622.0,9153.0,11790.0,15696.0,21262.0,30223.0,38144.0,42159.0,30933.0,20524.0,12233.0,6506.0,3102.0,1718.0,466.0,63.0,49.0,37.0,60.0,0.0,16.0,108.0,214.0,210.0,235.0,357.0,416.0,512.0,757.0,1185.0,1797.0,2879.0,4210.0,6100.0,7447.0,9922.0,12379.0,15900.0,20008.0,28671.0,42643.0,49189.0,32219.0,16285.0,7945.0,2934.0,1113.0,208.0,59.0,57.0,10.0,0.0,0.0,0.0,0.0,8.0,30.0,45.0,86.0,204.0,304.0,442.0,625.0,780.0,1235.0,1423.0,1802.0,2078.0,2731.0,4052.0,5044.0,5326.0,7799.0,9460.0,11938.0,18904.0,26215.0,36330.0,49252.0,48465.0,25342.0,5475.0,590.0
203,491,205,566,217,642,235,715,267,783,314,840,375,884,444,914,512,920,570,903,619,859,662,806,695,744,719,680,735,614,745,548,743,484,283,441,328,417,380,410,432,419,476,439,574,441,611,428,650,418,689,415,719,435,528,499,531,548,535,596,540,644,474,682,503,686,532,690,556,685,579,676,339,486,375,469,413,472,443,503,409,504,370,501,584,503,613,472,648,470,676,486,652,503,616,506,420,766,464,748,505,734,529,744,552,734,579,748,604,764,576,790,550,805,525,809,498,808,460,796,435,766,503,764,528,767,551,763,590,765,550,767,527,771,501,769,395,0.0016538324277821374,42.960883175196315,0.9904589323154902,2253.1378820342115,0.4841620721765219,340.5829524795232,8969.590644961652,8.231739950791486,10.559348702316619,0.0008315552005718357,2.8334730157080332,-0.5419155368834124,0.9997845546523213,87.0,252.0,1045.0,2891.0,4759.0,4413.0,3156.0,2825.0,3242.0,3374.0,3942.0,5108.0,5415.0,6414.0,8235.0,10261.0,13098.0,16208.0,17027.0,15501.0,14070.0,11380.0,13623.0,14341.0,14651.0,10707.0,4672.0,2233.0,385.0,131.0,72.0,5.0,83.0,324.0,832.0,1843.0,3036.0,4074.0,3231.0,2493.0,2371.0,2367.0,2398.0,3006.0,3453.0,4154.0,4292.0,4917.0,5441.0,6751.0,9038.0,12907.0,20385.0,19164.0,18875.0,14951.0,16043.0,20580.0,15287.0,7232.0,3328.0,534.0,129.0,4.0,27.0,167.0,403.0,728.0,1063.0,1291.0,1880.0,2688.0,2502.0,1991.0,1591.0,1271.0,1251.0,1309.0,1475.0,1572.0,1764.0,2109.0,2580.0,3291.0,3701.0,4331.0,5518.0,8671.0,12316.0,20686.0,25723.0,28236.0,23448.0,27038.0,19836.0,3066.0
280,467,282,543,293,617,305,690,320,763,352,833,397,893,447,944,518,961,602,952,685,910,760,858,814,789,845,710,857,625,864,537,870,450,290,420,316,386,363,382,408,397,452,417,539,421,593,400,652,391,711,403,761,433,491,476,485,531,478,587,471,645,444,673,462,686,486,694,515,685,546,677,347,475,372,456,409,459,445,487,406,494,369,493,586,490,615,464,655,466,693,485,658,502,618,501,416,769,444,753,472,742,499,753,527,744,570,756,619,773,572,806,530,820,499,823,471,817,443,799,434,772,473,774,500,778,529,776,598,774,528,774,499,777,472,771,396,0.0016165475437582566,16.397483477043572,0.9830627622718522,484.2030857299151,0.35788423850864465,277.2312847661094,1920.4148594426188,7.370500463868069,10.092844958338471,0.0006540194078407345,2.9494185460659805,-0.4174625984282015,0.9973459748228546,0.0,0.0,13.0,173.0,520.0,527.0,1004.0,1645.0,2445.0,3247.0,5286.0,11553.0,18960.0,29896.0,40009.0,50400.0,49411.0,29141.0,11921.0,6033.0,2001.0,628.0,215.0,39.0,20.0,4.0,3.0,3.0,2.0,1.0,0.0,9.0,0.0,0.0,20.0,148.0,376.0,632.0,1128.0,2002.0,2770.0,3852.0,5147.0,7918.0,13402.0,23487.0,31991.0,43099.0,50097.0,44497.0,21657.0,9327.0,3061.0,369.0,77.0,21.0,13.0,4.0,5.0,0.0,1.0,0.0,4.0,4.0,0.0,0.0,0.0,36.0,99.0,153.0,339.0,605.0,968.0,998.0,1023.0,1082.0,1401.0,1648.0,2113.0,2924.0,4595.0,8327.0,15017.0,21976.0,24314.0,26792.0,35824.0,39952.0,32068.0,24237.0,12685.0,4648.0,966.0,251.0,45.0,23.0
233,449,241,525,253,598,267,668,294,728,341,779,396,821,452,861,512,877,576,867,639,831,701,789,754,738,786,675,803,602,816,525,828,443,267,435,303,402,357,395,410,407,460,428,549,426,603,406,660,396,717,405,759,438,506,486,505,532,504,577,502,622,450,646,477,653,505,659,533,653,562,648,333,483,367,469,404,471,434,497,400,499,364,495,587,499,617,474,654,473,692,487,657,499,620,501,399,704,441,699,482,692,508,699,537,693,582,702,628,711,584,756,540,779,509,781,479,776,440,750,418,710,480,716,508,721,538,718,611,715,538,740,508,743,480,737,397,0.002195528225064885,8.843223136249497,0.99411146373941,750.7870003769476,0.5234574844556642,236.7173785511355,2994.3047783715483,7.71576649730442,9.690453956180628,0.0010754129590640614,2.3537656217570615,-0.558209663018991,0.999685122707956,11.0,499.0,1367.0,1772.0,1371.0,1316.0,2155.0,4667.0,8329.0,13338.0,19079.0,33524.0,32059.0,27882.0,19913.0,20205.0,14331.0,6433.0,3193.0,866.0,9.0,2.0,2.0,2.0,0.0,1.0,0.0,2.0,1.0,0.0,1.0,0.0,7.0,409.0,1159.0,1608.0,1332.0,1140.0,1669.0,3199.0,5296.0,7880.0,13493.0,19044.0,31112.0,27618.0,24815.0,19353.0,14602.0,16134.0,11761.0,6951.0,3125.0,615.0,2.0,1.0,0.0,1.0,1.0,2.0,0.0,0.0,1.0,0.0,2.0,37.0,438.0,1131.0,911.0,681.0,529.0,611.0,823.0,1063.0,1488.0,2492.0,3946.0,8105.0,13656.0,18160.0,28215.0,30799.0,20842.0,16153.0,12005.0,14043.0,17197.0,11244.0,5421.0,1990.0,337.0,10.0,0.0,1.0,0.0,0.0
212,462,218,541,231,617,245,692,274,760,321,817,384,867,449,908,519,924,588,912,654,878,712,830,754,771,779,701,792,625,804,548,811,468,266,432,310,406,363,406,414,418,464,437,563,436,612,417,662,407,716,410,759,436,513,486,513,536,512,586,512,635,458,660,485,669,512,678,540,669,567,661,333,484,367,467,405,469,437,498,401,502,363,501,589,499,621,472,659,470,692,488,662,503,625,505,391,721,440,715,483,712,513,718,544,712,589,715,638,720,591,763,546,783,513,787,480,782,438,761,411,727,482,734,512,737,544,734,620,726,545,751,513,754,482,749,398,0.00283344168807171,17.279336995034253,0.9898903822576366,854.7617280758268,0.506852843834787,316.6392846234959,3401.7675753082476,7.5960129796942875,9.6412483753126,0.0010642037306556184,2.6260139901642923,-0.5397829529298095,0.9995535846757313,31.0,293.0,624.0,983.0,1465.0,1537.0,1565.0,1671.0,2375.0,3678.0,5834.0,8451.0,13221.0,19155.0,22722.0,28806.0,31963.0,34151.0,28406.0,17295.0,11035.0,2558.0,222.0,6.0,0.0,0.0,1.0,1.0,0.0,0.0,0.0,0.0,38.0,151.0,426.0,710.0,895.0,981.0,1259.0,1436.0,1486.0,1744.0,2207.0,3146.0,4929.0,7339.0,9684.0,12766.0,17844.0,22604.0,29015.0,33588.0,38061.0,30271.0,14355.0,3037.0,73.0,2.0,1.0,1.0,0.0,0.0,0.0,0.0,8.0,41.0,94.0,161.0,374.0,488.0,602.0,703.0,666.0,746.0,715.0,725.0,959.0,1200.0,1220.0,1483.0,1891.0,2722.0,3905.0,5878.0,7034.0,10172.0,14256.0,18142.0,23333.0,29405.0,42098.0,32329.0,29600.0,7099.0,0.0,0.0
204,511,202,584,208,654,221,724,253,789,303,844,366,887,436,922,505,937,573,922,635,883,687,832,728,772,750,704,763,635,774,566,769,496,280,432,322,402,372,394,424,403,468,424,570,425,613,403,661,391,711,399,744,433,520,483,522,538,524,593,526,649,455,674,489,681,525,689,557,680,586,671,335,491,370,479,402,480,437,502,401,499,368,498,592,500,624,477,655,475,686,486,657,492,626,496,386,739,441,734,492,727,524,732,553,724,596,728,640,730,596,770,556,792,524,799,491,797,440,778,400,742,492,757,524,759,554,754,623,735,554,755,523,759,491,758,399,0.0009354967305774083,16.753023704841098,0.9961848618380338,2196.060898460987,0.42515070648295505,325.172677493626,8767.490570139085,8.400344636559563,10.833735093555509,0.0007862589313084525,2.8107607870631597,-0.5367972384004411,0.9997992846460559,4779.0,2187.0,1393.0,1442.0,1966.0,2563.0,3387.0,4368.0,7361.0,9309.0,10645.0,12560.0,15283.0,15548.0,15410.0,16401.0,15304.0,16348.0,16978.0,15650.0,12075.0,9188.0,8676.0,8036.0,7492.0,6038.0,2515.0,864.0,193.0,0.0,0.0,0.0,1884.0,3131.0,1512.0,1019.0,1066.0,1214.0,1335.0,1551.0,1838.0,2888.0,3752.0,5011.0,6671.0,11438.0,12119.0,12810.0,13817.0,15881.0,17028.0,15628.0,15298.0,17144.0,15522.0,13093.0,12461.0,11595.0,8866.0,9727.0,6591.0,1837.0,232.0,0.0,69.0,321.0,795.0,900.0,2513.0,1058.0,900.0,723.0,737.0,750.0,865.0,958.0,1088.0,1255.0,1291.0,1594.0,2016.0,3404.0,5139.0,6622.0,11454.0,13350.0,15687.0,16811.0,17221.0,17557.0,16955.0,17048.0,17553.0,13044.0,11375.0,42906.0
206,466,211,545,222,621,237,695,267,763,314,824,373,875,439,917,507,931,574,915,635,871,692,822,733,762,756,694,765,620,770,545,771,469,272,420,310,390,360,379,410,388,456,408,578,407,622,385,669,379,717,390,747,423,518,478,519,529,521,579,521,630,461,659,491,667,520,676,547,666,572,657,333,489,365,470,404,471,438,496,401,502,363,502,585,496,620,470,658,468,689,485,661,501,623,501,388,741,437,725,482,716,515,723,548,717,588,723,630,735,592,792,550,815,515,819,480,815,434,791,409,745,482,743,515,746,548,743,609,741,548,773,515,777,481,774,4,0.0011008858051727549,33.00659274838848,0.978478673668558,767.1188118878677,0.3283083833644722,215.5352272160235,3035.4686548030786,7.719674695217074,10.757649798043428,0.0005622353673888135,3.258651777853698,-0.4012778261766968,0.9975485929442396,1456.0,2534.0,2483.0,3352.0,4800.0,8107.0,18315.0,31769.0,36719.0,38542.0,33324.0,23711.0,15787.0,9473.0,6156.0,2655.0,1067.0,577.0,512.0,486.0,495.0,564.0,190.0,50.0,27.0,8.0,12.0,11.0,5.0,1.0,1.0,2.0,463.0,2039.0,2035.0,1768.0,2443.0,3447.0,4990.0,6160.0,9265.0,17887.0,25858.0,32114.0,33836.0,30891.0,26662.0,20272.0,11838.0,6533.0,2128.0,632.0,491.0,460.0,554.0,342.0,41.0,13.0,12.0,9.0,4.0,1.0,1.0,2.0,300.0,1106.0,1519.0,1349.0,1055.0,1166.0,1399.0,1858.0,2021.0,2371.0,3177.0,3568.0,4829.0,7808.0,11295.0,15657.0,21263.0,26430.0,28087.0,29235.0,27454.0,23231.0,16455.0,7845.0,2196.0,347.0,105.0,32.0,20.0,7.0,3.0,3.0
216,497,223,572,230,645,242,719,269,788,317,844,380,891,448,929,523,941,598,927,665,890,723,839,767,778,791,705,799,630,804,557,808,481,266,462,299,418,355,403,412,408,468,428,555,430,609,411,664,403,717,415,753,454,510,477,511,522,513,568,514,616,453,646,482,655,514,664,545,653,576,644,336,490,367,472,405,471,437,491,403,497,367,499,590,489,623,471,658,471,688,487,660,497,625,496,395,727,443,716,486,708,518,713,550,706,591,712,637,723,595,765,553,786,518,791,485,789,442,773,411,732,486,725,517,727,551,723,620,726,551,752,517,757,485,754,40,0.0004713391501398724,49.18104033513714,0.9840628968809946,1543.2030806091843,0.24653401304116673,299.6428570099871,6123.631282101604,8.206867004019312,11.715931707800705,0.00040765942525932005,3.6556493123930203,-0.37665942850003986,0.9976092908312872,288.0,487.0,908.0,1181.0,1605.0,2009.0,2965.0,6444.0,8633.0,10137.0,10402.0,11067.0,12603.0,15375.0,18581.0,18744.0,19492.0,21286.0,22399.0,22882.0,19329.0,12717.0,6922.0,3309.0,1242.0,294.0,56.0,9.0,4.0,1.0,5.0,23.0,234.0,196.0,577.0,851.0,1031.0,1258.0,1795.0,2253.0,3350.0,6580.0,8724.0,10020.0,10832.0,11755.0,12689.0,14908.0,17497.0,17899.0,18620.0,20587.0,23581.0,24649.0,20760.0,11941.0,5568.0,2608.0,574.0,29.0,9.0,4.0,14.0,6.0,46.0,97.0,195.0,304.0,492.0,517.0,658.0,862.0,960.0,1218.0,1801.0,2726.0,5511.0,6934.0,6753.0,8382.0,8343.0,8272.0,9630.0,10677.0,12235.0,13776.0,14652.0,14700.0,16818.0,19221.0,19727.0,20757.0,20083.0,13812.0,7700.0,3540.0
266,476,272,550,283,619,292,688,309,753,344,812,387,867,438,915,501,935,570,928,637,896,697,847,746,787,775,716,791,640,805,559,814,475,288,420,323,395,369,393,414,405,453,428,549,431,594,410,644,400,698,402,745,427,500,483,499,539,497,596,495,653,446,668,472,681,500,692,534,683,566,673,332,483,364,463,403,466,440,500,399,504,360,501,580,502,617,470,656,468,691,488,659,505,619,505,391,724,428,717,473,714,508,723,541,716,595,722,646,735,594,795,541,821,504,824,467,816,426,784,406,728,472,735,506,743,541,740,634,737,540,786,505,789,469,780,400,0.001363978908679495,21.126058985809564,0.9924510962055169,1399.2211643891796,0.4359620989107915,278.9213005971542,5575.758598570916,8.093407437354234,10.597529116710643,0.0008634503614418632,2.860791094139823,-0.5069622090659998,0.9995840375091496,131.0,850.0,1004.0,1489.0,2320.0,3572.0,5180.0,7007.0,11539.0,13363.0,16685.0,27985.0,24889.0,15848.0,11190.0,10600.0,7291.0,6531.0,6616.0,8914.0,10287.0,11647.0,10489.0,7752.0,2626.0,92.0,3.0,0.0,0.0,0.0,0.0,0.0,313.0,520.0,497.0,945.0,1402.0,1851.0,2250.0,2971.0,5053.0,7627.0,8811.0,10718.0,11046.0,15087.0,24729.0,31672.0,21864.0,10246.0,7589.0,7155.0,8278.0,11377.0,13979.0,11437.0,7107.0,1363.0,6.0,6.0,1.0,0.0,0.0,0.0,47.0,281.0,231.0,271.0,630.0,1009.0,1234.0,1112.0,1127.0,1163.0,1305.0,1610.0,2018.0,2316.0,3019.0,4177.0,5673.0,8579.0,10108.0,12623.0,16930.0,27397.0,27810.0,27646.0,13648.0,12245.0,16820.0,18103.0,6322.0,446.0,0.0,0.0
303,512,290,574,282,641,286,710,294,783,310,858,342,919,386,964,461,978,554,977,655,961,749,924,825,868,878,789,903,698,914,603,925,508,306,463,312,410,352,386,400,391,445,411,524,405,584,379,654,373,721,399,765,448,474,471,460,511,443,550,427,594,399,650,421,660,450,666,490,656,532,647,344,495,365,469,400,468,437,496,400,500,364,501,583,486,617,457,656,457,693,478,656,485,618,486,377,772,398,746,428,731,457,738,490,730,544,742,611,765,544,787,491,798,456,802,425,801,399,792,393,770,429,757,458,760,491,756,591,763,491,766,457,770,428,767,401,0.00047787452829429626,47.054018220359524,0.9845334784208205,1521.1721213695523,0.25128701373389806,255.00742151407115,6037.634467257843,8.192204394252183,11.718728531468063,0.00044555843075915543,3.677209635174745,-0.3725600919696082,0.9974267240934062,1070.0,2920.0,4771.0,7183.0,10026.0,12231.0,15232.0,19977.0,23873.0,24778.0,24107.0,23260.0,22647.0,24492.0,27659.0,25933.0,20776.0,13610.0,5820.0,1810.0,439.0,251.0,161.0,83.0,15.0,7.0,2.0,0.0,0.0,0.0,0.0,0.0,541.0,1134.0,2430.0,3736.0,5068.0,6344.0,7984.0,9182.0,11369.0,15444.0,19340.0,23547.0,23349.0,20612.0,20388.0,20986.0,19699.0,21804.0,27635.0,28499.0,16103.0,6002.0,1478.0,303.0,116.0,30.0,7.0,3.0,0.0,0.0,0.0,0.0,0.0,70.0,268.0,416.0,725.0,991.0,1149.0,1766.0,2635.0,3290.0,3901.0,4772.0,6728.0,7386.0,8310.0,9736.0,12070.0,14360.0,16015.0,18223.0,18810.0,16153.0,16296.0,17698.0,20131.0,20724.0,21121.0,28857.0,27810.0,11004.0,1594.0,124.0
85,496,86,589,89,683,116,774,172,849,253,911,345,957,438,993,525,999,592,973,625,907,652,840,672,771,687,699,699,632,701,566,697,503,266,442,324,412,388,408,450,415,511,438,572,437,607,418,645,407,682,406,704,431,548,480,560,532,573,583,586,637,493,670,527,681,560,693,586,682,605,665,336,490,376,474,414,467,440,489,409,498,375,499,576,486,610,465,642,462,660,482,641,493,609,491,399,773,459,748,516,736,550,744,572,737,598,747,614,768,593,814,569,840,544,845,508,843,454,820,422,776,515,761,548,762,570,760,597,770,569,791,547,798,512,798,402,0.002732170270410028,19.67336799966189,0.9921938640597403,1260.8622792738997,0.4846292485977791,354.27917787010097,5023.775749095952,7.652753700275729,9.834739784353463,0.0008749992889556303,2.6752084025113714,-0.5227929353530144,0.9994694416586941,675.0,929.0,1506.0,2117.0,2481.0,2810.0,3197.0,3256.0,3198.0,3381.0,3925.0,4451.0,5207.0,6334.0,8665.0,14954.0,20406.0,34747.0,43128.0,35528.0,24777.0,20371.0,20988.0,15158.0,3724.0,1230.0,266.0,87.0,3.0,4.0,2.0,3.0,408.0,395.0,621.0,877.0,1227.0,1666.0,1717.0,2129.0,2344.0,2827.0,3615.0,3405.0,3404.0,3829.0,4346.0,5179.0,6085.0,7697.0,10577.0,19326.0,30380.0,54159.0,45322.0,30442.0,25788.0,15872.0,3400.0,442.0,17.0,4.0,4.0,4.0,48.0,70.0,119.0,185.0,249.0,402.0,489.0,765.0,758.0,893.0,1115.0,1291.0,1321.0,1338.0,1610.0,2078.0,2070.0,2415.0,2795.0,2970.0,3044.0,3660.0,4261.0,5418.0,6981.0,10550.0,18782.0,31058.0,59955.0,56459.0,38220.0,26139.0
186,462,191,544,200,626,220,703,262,771,318,833,381,887,449,931,521,940,585,921,631,864,673,805,710,743,737,675,751,606,757,537,757,466,275,431,316,399,371,390,426,397,475,420,587,418,629,397,674,388,716,394,740,424,533,485,537,539,541,592,546,646,462,661,499,671,537,684,570,672,598,659,346,485,379,474,413,475,442,493,411,494,377,494,594,493,625,474,656,470,684,480,660,490,628,492,385,729,446,731,497,727,528,732,557,725,595,723,633,716,598,783,562,811,530,816,496,814,443,791,403,736,497,743,528,744,558,739,613,726,559,774,529,781,496,779,403,0.0007124763285986475,64.18292284661656,0.9688971581082306,1032.0881431714784,0.28409475300688863,244.42727387474332,4064.169649839305,7.962377208115788,11.351390399616994,0.00046558790801724234,3.5803485805319686,-0.372601063242353,0.9969014382313756,255.0,1149.0,2025.0,3926.0,7197.0,11751.0,13992.0,17959.0,22862.0,26217.0,28721.0,28638.0,25456.0,19167.0,11940.0,7198.0,3991.0,2528.0,1644.0,497.0,188.0,113.0,68.0,44.0,38.0,30.0,20.0,18.0,11.0,5.0,4.0,11.0,30.0,345.0,971.0,1567.0,2317.0,3869.0,5030.0,6836.0,9319.0,10489.0,13267.0,17359.0,20580.0,23362.0,25601.0,28442.0,26207.0,18684.0,10743.0,6060.0,3242.0,1966.0,896.0,197.0,101.0,57.0,44.0,34.0,15.0,18.0,6.0,9.0,5.0,42.0,332.0,481.0,734.0,994.0,1310.0,1772.0,2621.0,2969.0,3162.0,4250.0,4677.0,5320.0,6015.0,7007.0,7299.0,10119.0,12739.0,15577.0,17296.0,20945.0,24993.0,25528.0,22490.0,17368.0,13039.0,6472.0,1686.0,274.0,96.0,51.0
264,487,260,558,265,628,276,698,300,769,340,834,385,896,437,956,506,980,582,974,656,941,721,891,773,830,811,758,825,677,832,593,835,508,281,445,310,409,360,402,407,415,450,440,537,442,591,415,650,402,708,411,759,442,488,488,483,548,476,607,469,666,421,676,449,694,482,709,519,693,555,679,335,483,366,469,399,471,432,496,396,495,363,492,586,499,623,477,659,477,693,492,660,500,624,500,377,726,418,726,460,728,492,738,531,731,595,732,662,738,599,803,537,830,495,833,460,826,418,795,395,734,459,745,492,751,531,747,647,741,535,800,496,801,461,793,404,0.0009156712312335683,18.595363354868038,0.9966220555730123,2752.6477869461687,0.41480832945194573,302.7712076797925,10991.995784429822,8.469571029024141,11.060950718531513,0.000714748424303595,2.9536542080441697,-0.5202041749360369,0.9997647996916473,295.0,1834.0,4913.0,8528.0,7744.0,8203.0,9187.0,12815.0,17468.0,18181.0,16617.0,12919.0,11693.0,9916.0,10791.0,15171.0,14067.0,12441.0,11831.0,9738.0,11271.0,11077.0,10308.0,6907.0,3630.0,759.0,235.0,103.0,59.0,13.0,0.0,0.0,199.0,458.0,994.0,1308.0,1814.0,2798.0,5039.0,7591.0,9745.0,11320.0,16837.0,17023.0,15493.0,14780.0,10472.0,8717.0,8405.0,7608.0,7775.0,8624.0,8979.0,11087.0,13843.0,13792.0,10579.0,11809.0,14001.0,12885.0,3765.0,895.0,74.0,5.0,0.0,10.0,141.0,247.0,414.0,674.0,760.0,847.0,1012.0,1284.0,1403.0,1771.0,1880.0,3021.0,5048.0,6915.0,12592.0,15828.0,13074.0,12516.0,10520.0,8702.0,7700.0,7170.0,6620.0,6537.0,7101.0,6998.0,7881.0,8992.0,14357.0,86699.0
277,481,274,555,278,631,288,709,307,784,343,851,385,912,434,970,506,990,591,986,680,950,761,895,830,825,874,745,899,657,905,564,901,471,285,446,309,415,354,412,401,425,444,447,524,452,580,428,642,419,703,428,759,455,481,484,474,541,466,598,458,656,425,682,446,698,474,709,511,699,545,689,340,476,368,461,403,464,437,490,400,492,365,490,582,494,615,472,652,474,689,490,653,501,616,500,390,762,424,763,456,763,484,774,516,766,569,770,633,768,571,808,517,822,484,822,454,815,424,795,403,766,455,779,485,786,516,784,615,773,516,787,484,789,455,781,405,0.0006878835366286438,23.38633365284838,0.989868019337921,1154.1885946403727,0.2914121348367985,296.68104610272906,4593.368044908631,8.058660812201406,11.139275400998477,0.0005726528661945804,3.2936961532595452,-0.4230142176781161,0.9986022480166167,11.0,204.0,756.0,1287.0,1456.0,1745.0,2815.0,4669.0,5207.0,6022.0,7726.0,10317.0,15160.0,21578.0,27224.0,26625.0,27879.0,27546.0,21426.0,18675.0,14640.0,12286.0,11179.0,10540.0,5291.0,2084.0,406.0,7.0,0.0,0.0,0.0,0.0,3.0,99.0,427.0,842.0,1374.0,1592.0,1825.0,2839.0,4332.0,5065.0,5888.0,7389.0,9737.0,14223.0,19857.0,26026.0,29953.0,30547.0,30985.0,24027.0,19507.0,14596.0,13146.0,12121.0,6220.0,2079.0,62.0,0.0,0.0,0.0,0.0,0.0,2.0,63.0,92.0,120.0,283.0,492.0,563.0,566.0,647.0,946.0,1467.0,2007.0,2429.0,3608.0,5270.0,6224.0,7671.0,9615.0,13691.0,17063.0,19383.0,25187.0,28236.0,26913.0,22241.0,20868.0,21268.0,18508.0,18796.0,8301.0,2001.0,240.0
164,485,177,567,194,647,212,724,243,792,297,848,366,886,437,916,508,924,574,906,631,866,690,825,734,774,756,709,764,636,770,565,774,492,245,451,292,410,354,388,419,388,479,409,575,414,629,402,683,401,733,419,759,464,531,478,535,523,541,567,547,613,474,652,505,659,536,666,564,657,589,647,331,492,369,471,409,470,441,498,407,505,366,504,589,497,621,468,658,467,690,489,661,500,623,501,382,737,447,726,500,716,530,721,559,714,598,719,635,728,596,773,558,792,526,797,494,797,442,783,402,740,499,733,530,735,559,731,617,733,557,762,527,767,497,768,406,0.0017016754266679327,16.98141427451868,0.9920702274366718,1071.1213105304705,0.4889048695762601,287.0906070623988,4267.503827847362,7.926732281274491,10.155276810232793,0.0008913703968592437,2.622308757982597,-0.5352314359576438,0.9996670280781766,7.0,69.0,683.0,2038.0,2206.0,2644.0,2786.0,4035.0,7906.0,13455.0,12835.0,15065.0,17207.0,19175.0,20337.0,23173.0,29736.0,26395.0,21450.0,18973.0,11978.0,2511.0,200.0,44.0,36.0,45.0,32.0,11.0,5.0,6.0,4.0,9.0,12.0,74.0,339.0,847.0,1094.0,1737.0,2617.0,3065.0,3365.0,4756.0,9090.0,12680.0,12959.0,15212.0,18388.0,19477.0,18393.0,24117.0,29095.0,25486.0,22027.0,18223.0,9297.0,2537.0,66.0,46.0,16.0,13.0,4.0,7.0,4.0,13.0,0.0,2.0,2.0,109.0,465.0,599.0,679.0,828.0,1113.0,1369.0,1644.0,1671.0,1796.0,2006.0,2927.0,4772.0,7504.0,10513.0,12769.0,16276.0,16228.0,16803.0,19483.0,24416.0,28202.0,32594.0,28721.0,11414.0,8657.0,1476.0,10.0,8.0
275,497,272,569,280,640,291,712,305,784,334,848,381,900,434,942,499,960,574,952,658,925,740,884,803,825,843,752,864,672,874,587,880,502,285,451,308,408,355,392,404,400,451,421,534,420,588,398,651,390,712,409,758,451,486,473,478,526,470,578,461,633,430,665,450,679,477,689,511,678,544,666,334,487,359,463,398,463,438,494,397,501,358,501,585,493,621,465,661,467,696,491,661,503,621,501,396,762,425,744,458,735,486,743,515,736,567,745,627,764,567,789,518,801,487,804,457,800,427,788,411,763,458,762,487,766,517,764,609,763,517,766,487,767,457,764,407,0.0006655082929321452,24.60377160499631,0.9939687264849559,2039.8255325190412,0.3259278852029048,299.26640311891884,8134.698358471142,8.358586778491198,11.319913082748373,0.0006193629197974026,3.211742156088855,-0.4625343918607069,0.9993813306349824,531.0,1236.0,1690.0,2441.0,3403.0,4975.0,7282.0,8912.0,10502.0,10759.0,10391.0,10897.0,10796.0,10380.0,9883.0,9606.0,10674.0,12185.0,15261.0,17714.0,19018.0,18595.0,13587.0,13133.0,14513.0,12979.0,7220.0,4287.0,281.0,12.0,4.0,3.0,251.0,905.0,1194.0,1642.0,2344.0,2718.0,3485.0,4450.0,5895.0,9501.0,11111.0,12328.0,11970.0,12608.0,13001.0,12180.0,11629.0,12148.0,13037.0,16658.0,20522.0,22052.0,21096.0,17854.0,15700.0,11931.0,4829.0,110.0,1.0,0.0,0.0,0.0,54.0,219.0,405.0,655.0,782.0,776.0,988.0,1304.0,1514.0,2076.0,2728.0,3341.0,3723.0,4642.0,7109.0,9105.0,10380.0,11812.0,13036.0,12447.0,12417.0,13147.0,13904.0,17206.0,23439.0,27360.0,31519.0,26937.0,18093.0,2015.0,16.0,1.0
237,536,234,605,236,675,243,746,260,812,297,871,355,916,423,948,501,962,580,952,652,925,717,884,767,830,796,763,809,688,818,616,822,542,280,446,311,404,360,388,413,392,461,412,554,412,604,390,660,386,713,405,748,445,508,473,506,518,503,562,500,609,439,654,469,663,501,671,535,663,568,655,336,492,366,470,401,471,434,497,400,498,365,498,589,497,622,472,656,471,688,493,657,498,622,498,373,742,418,719,466,707,500,715,536,709,589,722,641,743,589,790,536,809,498,812,461,806,415,787,387,745,465,734,500,738,536,735,626,746,536,777,499,780,464,776,408,0.0013020233898838021,13.056098691059425,0.993643876281677,1027.1332729392798,0.41648934457628256,258.8467270807512,4095.476993066066,7.93711784214767,10.42405842923697,0.0009338150716121276,2.7811726202572764,-0.49812763554872846,0.9994445682685267,115.0,425.0,1527.0,1852.0,1922.0,2307.0,3685.0,5279.0,7003.0,10104.0,13646.0,18492.0,20077.0,22694.0,22303.0,21686.0,19949.0,19461.0,18008.0,16910.0,14613.0,9982.0,9798.0,6752.0,5627.0,1747.0,586.0,9.0,0.0,0.0,0.0,0.0,74.0,584.0,1766.0,1991.0,2147.0,2644.0,3256.0,4574.0,6447.0,8948.0,11629.0,16005.0,21875.0,27591.0,27376.0,24548.0,27659.0,27586.0,21349.0,12495.0,8629.0,9320.0,6327.0,1641.0,80.0,18.0,0.0,0.0,0.0,0.0,0.0,0.0,18.0,304.0,925.0,1469.0,1209.0,1086.0,1285.0,1574.0,1914.0,1992.0,2168.0,2574.0,3135.0,3862.0,5559.0,8003.0,12901.0,19155.0,26104.0,34614.0,37845.0,44202.0,38805.0,18129.0,7570.0,154.0,3.0,0.0,0.0,0.0,0.0,0.0
268,506,259,572,263,641,272,713,284,786,312,852,362,906,427,940,509,948,592,938,671,914,740,874,784,817,809,743,822,669,829,597,828,526,286,436,319,404,365,394,414,400,457,421,554,416,603,392,658,383,711,394,755,424,501,472,494,513,486,556,479,599,442,647,463,657,488,664,517,656,545,648,337,494,366,477,401,476,439,495,401,500,366,501,588,493,626,474,663,476,697,493,662,500,627,498,390,750,424,717,462,701,493,709,527,702,578,717,632,746,581,775,532,788,496,792,462,789,424,780,407,749,462,734,494,736,529,734,615,747,531,753,496,755,463,753,409,0.0007555686192306248,26.13205300214699,0.9945655871256883,2404.533037565996,0.4032730476549846,311.07856758487037,9592.000097261862,8.553446238548997,11.23723997518153,0.000673726136573273,3.069792119971906,-0.5133437050332903,0.9997559534739434,769.0,967.0,1559.0,2003.0,2913.0,4050.0,5084.0,6252.0,8337.0,10205.0,12405.0,15238.0,17202.0,17839.0,17784.0,16721.0,14448.0,12170.0,10279.0,8378.0,7257.0,6949.0,7439.0,7241.0,8131.0,10631.0,9436.0,9465.0,6214.0,4209.0,2592.0,1010.0,732.0,848.0,1180.0,1394.0,1507.0,1855.0,2324.0,3607.0,5221.0,5602.0,6567.0,8706.0,11244.0,14587.0,17673.0,20211.0,19349.0,16784.0,15855.0,13867.0,11296.0,9275.0,8175.0,7900.0,8170.0,9218.0,12118.0,10387.0,7214.0,6302.0,4416.0,1593.0,30.0,426.0,489.0,553.0,745.0,859.0,757.0,834.0,928.0,1086.0,1257.0,1709.0,2340.0,3517.0,4294.0,5627.0,6683.0,8536.0,12641.0,16915.0,19341.0,21006.0,20156.0,19438.0,17040.0,13734.0,12159.0,12243.0,13135.0,18807.0,13159.0,14733.0
229,524,238,600,251,673,262,747,282,818,318,882,367,938,427,981,504,992,582,980,644,937,698,884,738,824,758,753,768,679,781,606,791,529,270,454,294,399,349,369,410,369,466,389,565,394,620,372,679,371,732,401,755,458,514,463,513,510,514,554,514,602,456,648,484,657,515,666,544,657,571,648,334,487,365,465,404,465,442,489,404,497,365,498,582,491,619,467,657,467,685,489,657,500,619,498,402,764,442,743,483,731,513,739,543,731,586,743,625,761,587,799,546,816,513,819,481,816,440,800,423,768,482,756,513,758,544,755,606,765,545,782,513,787,482,782,41,0.0009033057847047917,42.21446406603974,0.9714146268363897,738.7960856179348,0.27083271364459205,227.44536698263602,2912.9698784057,7.688747105526975,11.081095707842154,0.0004431745002059867,3.5638584804460396,-0.3463508209385958,0.9947286889201302,56.0,966.0,2601.0,3451.0,4721.0,6112.0,8070.0,11249.0,15143.0,25756.0,36069.0,45541.0,43566.0,34450.0,18360.0,8116.0,4241.0,2669.0,1995.0,1320.0,691.0,267.0,89.0,48.0,33.0,25.0,6.0,14.0,6.0,12.0,3.0,10.0,12.0,153.0,1073.0,2141.0,2952.0,4311.0,6184.0,7829.0,9891.0,13178.0,19367.0,28491.0,39150.0,46802.0,40375.0,27869.0,12674.0,5339.0,2817.0,2171.0,1589.0,813.0,264.0,85.0,47.0,23.0,13.0,10.0,13.0,7.0,2.0,11.0,6.0,87.0,381.0,764.0,764.0,1130.0,1692.0,2423.0,3190.0,4418.0,5388.0,6190.0,7048.0,8005.0,9079.0,11096.0,14447.0,20723.0,25471.0,31138.0,32912.0,30379.0,26230.0,18087.0,9386.0,3288.0,1284.0,430.0,113.0,56.0,31.0,20.0
280,511,277,584,281,657,293,730,313,805,342,878,377,951,422,1013,492,1033,573,1028,648,990,713,932,770,865,811,787,832,702,848,614,860,524,285,453,299,401,345,379,396,384,444,408,533,408,597,382,667,378,731,402,770,457,480,470,471,517,460,563,450,611,421,655,442,666,468,674,501,665,535,657,335,492,362,468,399,469,436,495,398,501,360,502,580,491,617,467,656,468,689,490,657,499,617,498,387,762,412,738,451,728,481,734,514,728,577,738,635,767,585,836,524,864,487,868,454,864,414,836,403,767,452,748,481,751,515,748,622,769,521,832,486,834,456,828,410,0.0008714139889464577,37.550960247151,0.9762200097880234,789.8381285121245,0.28137453693654585,209.7257978282639,3121.801553801346,7.767004769129631,11.049909632293135,0.00047165319234990656,3.455459513761588,-0.36965185692464,0.996356153901552,517.0,1433.0,2648.0,4402.0,6600.0,9966.0,16101.0,20611.0,27861.0,35417.0,44506.0,44124.0,33619.0,21749.0,11407.0,5806.0,3038.0,1757.0,1205.0,876.0,673.0,322.0,166.0,107.0,64.0,42.0,25.0,13.0,10.0,9.0,6.0,6.0,337.0,1092.0,2059.0,3008.0,3891.0,6086.0,8935.0,14007.0,18085.0,21118.0,26732.0,32514.0,42903.0,41176.0,33810.0,19676.0,9322.0,4267.0,2168.0,1326.0,995.0,696.0,421.0,192.0,114.0,52.0,42.0,32.0,11.0,10.0,6.0,3.0,81.0,377.0,952.0,1528.0,2008.0,2329.0,2711.0,3614.0,4651.0,5577.0,7520.0,9517.0,11018.0,12307.0,14983.0,19358.0,23108.0,27241.0,33075.0,38504.0,35964.0,22312.0,11137.0,3480.0,1126.0,358.0,129.0,64.0,26.0,16.0,10.0,5.0
135,513,143,597,153,678,175,760,214,834,281,894,364,936,453,958,540,960,610,943,655,895,690,834,711,768,722,702,730,639,727,578,716,520,261,451,311,411,375,391,442,396,503,418,573,425,613,407,658,403,698,418,716,456,546,470,556,518,569,566,581,616,488,663,523,673,556,682,582,675,603,663,331,486,364,465,401,465,437,490,400,495,363,495,582,495,613,471,648,473,672,496,648,504,614,502,401,760,463,749,516,740,547,748,574,740,606,750,633,763,604,787,577,797,548,801,515,798,463,786,419,763,515,765,546,768,574,764,616,765,576,765,548,769,516,767,411,0.0009952018759277592,11.734425822943663,0.9950656235261963,1189.1967222551566,0.37072720990055164,274.12280984722435,4745.052463197677,8.030532403883988,10.634103910297577,0.0008598140954380432,2.8552880911820453,-0.4881667347077546,0.9994213395227924,42.0,469.0,1094.0,2220.0,4043.0,5915.0,6283.0,7729.0,8735.0,10928.0,14077.0,17514.0,21020.0,21328.0,20473.0,20849.0,20521.0,19540.0,15324.0,13979.0,12956.0,11775.0,8688.0,4349.0,1280.0,127.0,2.0,0.0,0.0,0.0,0.0,0.0,38.0,188.0,442.0,1052.0,2055.0,3142.0,3600.0,4214.0,4979.0,6446.0,8079.0,10913.0,13039.0,16185.0,19659.0,24410.0,27273.0,28525.0,25203.0,19212.0,21163.0,21026.0,8919.0,1498.0,0.0,0.0,0.0,0.0,0.0,0.0,0.0,0.0,50.0,130.0,102.0,201.0,415.0,495.0,967.0,1415.0,1628.0,1999.0,2651.0,3829.0,5372.0,7719.0,9719.0,11254.0,15248.0,18346.0,17105.0,17246.0,19039.0,23154.0,24537.0,20591.0,17233.0,16389.0,20504.0,10695.0,3184.0,43.0,0.0,0.0
151,495,153,583,152,675,170,765,216,842,283,903,362,951,443,990,529,1002,610,983,664,927,709,867,749,801,770,726,778,647,774,568,765,496,258,457,293,408,349,381,411,378,472,394,567,397,619,380,674,382,725,402,744,451,524,473,529,523,536,572,542,624,454,649,493,661,534,676,568,664,598,652,339,491,367,478,400,475,430,490,399,499,366,499,590,490,623,475,657,473,684,487,657,498,623,497,373,749,427,724,483,715,525,722,559,715,602,723,643,742,604,801,562,824,526,830,481,825,425,802,388,750,484,737,526,741,562,737,625,747,560,784,524,790,481,787,412,0.0003316112751475083,109.91284856977752,0.9663303584608429,1632.4240278863513,0.2176636906812678,221.9801417843033,6419.783262975618,8.321499889961395,12.290672305448792,0.00031866149170195886,4.122506133081908,-0.3241980247935457,0.9952422083990854,427.0,2604.0,5796.0,9065.0,11537.0,13315.0,18204.0,23171.0,26930.0,31215.0,30638.0,28423.0,26014.0,24151.0,19292.0,13846.0,10083.0,6679.0,4139.0,2539.0,1870.0,1240.0,1095.0,809.0,300.0,148.0,61.0,41.0,29.0,18.0,17.0,18.0,213.0,1995.0,4680.0,7078.0,9199.0,9399.0,10754.0,13335.0,15440.0,19669.0,22911.0,25781.0,27316.0,25575.0,24223.0,22754.0,21552.0,19082.0,14022.0,7943.0,3963.0,2277.0,1701.0,1037.0,948.0,615.0,156.0,46.0,21.0,17.0,7.0,5.0,3.0,237.0,1439.0,3052.0,5606.0,6539.0,6410.0,6027.0,6524.0,7424.0,8405.0,8582.0,9272.0,10987.0,12652.0,14456.0,16467.0,17563.0,17756.0,16983.0,16983.0,16650.0,16938.0,17279.0,17054.0,16276.0,15201.0,12562.0,6404.0,1673.0,246.0,64.0
215,478,222,558,235,638,246,716,270,786,313,848,371,902,437,947,510,959,582,944,645,896,699,840,739,777,763,708,773,631,785,556,792,477,261,435,301,398,358,392,413,403,463,427,563,423,614,400,667,390,721,400,755,439,514,483,514,542,514,600,514,659,454,674,481,687,513,702,544,687,571,674,332,489,364,467,405,468,440,499,403,504,362,504,583,497,618,466,659,465,690,486,662,501,621,501,385,744,433,737,480,731,511,739,545,732,590,738,637,745,592,804,547,830,510,834,475,830,430,802,407,750,479,755,511,759,545,756,615,750,545,789,510,794,478,789,413,0.0006243207731587711,42.9668254471017,0.9852160058262591,1453.7520889748262,0.27696476040133994,237.45246419461824,5772.041530452181,8.17371267275199,11.452090523555405,0.0004738866932184672,3.480175136579929,-0.4051374333008435,0.998369261014968,7487.0,5600.0,6434.0,7803.0,9420.0,13210.0,16558.0,18439.0,19685.0,20360.0,23144.0,24380.0,20805.0,17808.0,13614.0,9947.0,7290.0,4500.0,2333.0,1252.0,454.0,129.0,82.0,70.0,68.0,26.0,17.0,7.0,4.0,4.0,2.0,4.0,4567.0,2564.0,2867.0,3472.0,4327.0,4883.0,6589.0,8758.0,10726.0,13473.0,16065.0,18054.0,19102.0,19365.0,24867.0,24315.0,20807.0,17748.0,12722.0,8185.0,4238.0,1868.0,903.0,253.0,94.0,60.0,31.0,16.0,8.0,3.0,3.0,3.0,777.0,1039.0,877.0,977.0,1251.0,1511.0,1919.0,2380.0,2451.0,2694.0,2879.0,3343.0,3841.0,4283.0,5023.0,6289.0,7536.0,10176.0,12579.0,14009.0,16100.0,19590.0,23726.0,26171.0,23076.0,20043.0,17918.0,13862.0,3974.0,493.0,98.0,51.0
297,491,295,553,308,616,329,676,354,736,386,793,425,844,465,889,517,905,582,902,654,868,719,823,779,767,821,701,843,622,854,539,856,457,295,416,323,401,360,406,396,419,431,440,534,438,585,416,638,403,695,405,749,420,483,494,481,550,478,607,474,663,445,683,465,695,489,704,514,697,538,690,341,480,367,460,407,464,437,503,400,508,361,505,574,505,608,466,652,463,689,486,658,509,614,512,420,760,446,751,470,742,493,752,516,744,559,757,609,767,561,801,520,814,493,814,467,808,445,789,435,765,470,769,494,775,519,774,590,772,516,774,491,775,468,770,414,0.0006120318601883654,32.80952224840002,0.9932893952935755,2444.9392978126552,0.3578588232182586,290.6789244232841,9746.947669002198,8.524613358382512,11.454105089504106,0.0006452359187527011,3.1783739770856965,-0.4787895006297788,0.9995947054629081,11.0,186.0,983.0,2228.0,2672.0,3194.0,4011.0,6361.0,8290.0,8486.0,8694.0,8470.0,8469.0,10260.0,10890.0,10816.0,9100.0,8867.0,10378.0,10201.0,9230.0,9136.0,11620.0,13155.0,12441.0,9022.0,8485.0,3814.0,1220.0,513.0,60.0,0.0,12.0,268.0,1064.0,1683.0,2381.0,2755.0,3274.0,4773.0,7003.0,8401.0,7912.0,8183.0,8622.0,8609.0,9979.0,10987.0,11843.0,10830.0,10798.0,11539.0,11324.0,9141.0,9163.0,10453.0,12630.0,13201.0,10576.0,2882.0,792.0,185.0,0.0,0.0,24.0,227.0,741.0,1046.0,1167.0,1400.0,1692.0,2149.0,3154.0,3292.0,3962.0,5376.0,6037.0,6678.0,6569.0,7250.0,8045.0,8649.0,10355.0,12134.0,13230.0,12993.0,13296.0,13276.0,11354.0,11848.0,12884.0,17062.0,13293.0,1931.0,149.0,0.0
211,476,217,556,228,632,245,708,271,777,319,840,378,891,445,930,518,943,588,929,647,890,698,838,739,776,761,706,778,631,790,556,794,479,273,441,312,406,366,395,419,406,470,428,562,426,610,403,663,393,715,403,750,442,517,477,518,533,518,588,519,645,455,675,485,684,517,693,548,684,577,675,335,487,367,468,405,470,440,497,403,504,364,504,586,498,618,470,656,467,689,487,661,504,622,505,392,746,441,745,485,739,516,747,548,738,589,745,634,748,592,786,552,807,518,812,485,807,442,784,410,752,484,763,516,767,549,762,617,754,550,766,518,770,486,765,415,0.0007656748390545236,19.499379091862703,0.9920950040544307,1233.490482622748,0.3175250879940643,240.39610616447783,4914.462551399123,8.05527966691616,10.987808204927186,0.0006839787101640164,3.1485762488767346,-0.44372622462019634,0.9989480035389154,519.0,2004.0,4305.0,5980.0,6647.0,8316.0,9271.0,12024.0,16441.0,21498.0,23017.0,21830.0,18395.0,16688.0,15404.0,17175.0,17758.0,14629.0,7351.0,4507.0,987.0,24.0,0.0,0.0,0.0,0.0,0.0,0.0,0.0,0.0,0.0,0.0,178.0,663.0,1753.0,3280.0,4267.0,5942.0,5877.0,6321.0,7840.0,10095.0,13366.0,15662.0,20452.0,24490.0,22943.0,18264.0,16383.0,18564.0,21661.0,17037.0,7966.0,1612.0,60.0,25.0,51.0,18.0,0.0,0.0,0.0,0.0,0.0,0.0,0.0,121.0,368.0,440.0,770.0,1202.0,1766.0,2237.0,2770.0,3520.0,4450.0,5117.0,5438.0,6023.0,7833.0,11016.0,14011.0,18673.0,22089.0,24227.0,22928.0,17751.0,18265.0,21130.0,19502.0,9782.0,3171.0,104.0,55.0,11.0,0.0,0.0
190,496,194,575,204,654,217,734,248,807,300,869,366,918,442,958,520,972,596,956,663,915,719,864,760,800,781,727,795,652,807,575,812,494,268,431,309,404,361,396,411,403,460,420,562,424,608,405,659,397,709,403,750,429,513,478,513,530,515,579,516,630,452,665,483,675,514,684,545,675,574,665,332,487,363,473,396,474,430,491,395,493,363,493,588,491,622,474,656,476,687,489,655,494,622,493,381,750,432,730,480,721,513,729,546,721,593,731,640,750,596,805,549,828,514,832,478,827,430,805,395,753,479,742,513,746,546,743,625,753,547,790,513,794,479,790,416,0.0010289673889534502,42.6641168174131,0.9880460067515693,1784.3756094986638,0.424350208597448,307.02035968236504,7094.838321177223,8.282868483975754,10.88390150662771,0.0008031515071475247,2.9695702811504274,-0.5061800592808408,0.9996406907913973,164.0,901.0,1955.0,2132.0,2049.0,2036.0,2533.0,2672.0,3362.0,3960.0,6163.0,9909.0,14094.0,16129.0,17435.0,18230.0,18146.0,18577.0,17837.0,18067.0,16889.0,18580.0,17628.0,15729.0,17009.0,11058.0,5150.0,1983.0,865.0,20.0,2.0,0.0,171.0,994.0,2132.0,2329.0,2005.0,2206.0,2249.0,2490.0,3079.0,3618.0,4762.0,6877.0,10311.0,14854.0,17068.0,17379.0,19322.0,20118.0,20214.0,19409.0,19146.0,19326.0,18931.0,19394.0,18521.0,9883.0,3289.0,1138.0,48.0,1.0,0.0,0.0,11.0,606.0,1418.0,1427.0,1407.0,1460.0,1753.0,1874.0,1657.0,1520.0,1481.0,1837.0,2090.0,2221.0,3358.0,5175.0,7936.0,11593.0,12353.0,12729.0,13944.0,17125.0,22928.0,23721.0,21335.0,24269.0,29345.0,26221.0,17839.0,8904.0,1666.0,61.0
192,502,199,579,209,655,225,728,254,798,303,858,367,907,440,944,522,953,599,938,660,896,712,847,749,787,764,719,771,648,773,579,772,512,261,452,301,404,365,381,430,387,492,408,553,409,609,390,671,387,728,410,758,463,522,471,526,519,529,563,533,612,460,654,493,661,528,671,560,664,590,654,335,486,365,470,400,468,435,489,401,492,366,493,596,493,627,474,662,474,691,493,662,498,627,496,396,748,446,727,492,714,526,723,557,714,600,729,640,748,601,777,563,791,529,795,493,789,447,772,415,749,491,750,526,752,559,750,623,751,561,751,528,755,493,750,417,0.0006242220422394787,58.01479140414008,0.9790105347723738,1382.1861825376336,0.2802799874588384,291.9022394756961,5470.729938746401,8.124585051778176,11.432565421927112,0.0004754883242044429,3.520534411649832,-0.39721050303356453,0.9980663003436402,21.0,97.0,492.0,1429.0,2487.0,3097.0,3740.0,4890.0,6502.0,9538.0,17086.0,25583.0,25181.0,19670.0,17606.0,17998.0,21079.0,20555.0,22639.0,19211.0,11715.0,7177.0,5292.0,2616.0,557.0,124.0,14.0,3.0,2.0,3.0,4.0,0.0,6.0,31.0,199.0,959.0,1519.0,2283.0,2738.0,2853.0,3294.0,3760.0,4912.0,6850.0,10271.0,14574.0,20299.0,25102.0,21884.0,17994.0,17665.0,18010.0,19356.0,24752.0,24073.0,12594.0,7202.0,2936.0,254.0,25.0,5.0,1.0,3.0,4.0,1.0,6.0,83.0,582.0,1125.0,1419.0,1859.0,1849.0,1909.0,1981.0,2111.0,2397.0,3152.0,3978.0,5359.0,7247.0,10348.0,14598.0,17444.0,19570.0,18568.0,15323.0,16560.0,17953.0,22306.0,26725.0,26365.0,15220.0,8121.0,2096.0,140.0,13.0
219,505,223,576,233,644,243,717,266,786,311,845,374,892,444,927,517,939,591,925,660,888,723,842,768,783,790,715,801,643,812,574,820,500,268,444,303,407,354,387,408,385,460,401,554,405,608,388,666,392,719,411,759,446,509,464,509,510,508,554,507,601,458,649,482,656,508,664,537,656,563,648,333,491,364,473,400,472,437,493,400,500,363,501,588,491,623,471,659,473,692,490,659,499,623,498,378,729,429,715,473,706,508,712,540,707,591,715,648,727,594,771,543,790,508,794,472,789,427,772,397,734,473,728,508,731,541,729,629,733,542,758,508,761,473,756,418,0.001199368043790829,15.626464796151629,0.9948103702897035,1505.7044652949344,0.45212509278502466,301.6850358105779,6007.191396383587,8.218381153981852,10.548739280522163,0.0009159042556592402,2.7563132984190872,-0.5396550077002997,0.999766566274179,303.0,1026.0,1055.0,1318.0,1734.0,2573.0,3926.0,5165.0,7193.0,10529.0,13346.0,15376.0,15708.0,15918.0,16424.0,18677.0,20772.0,20106.0,16067.0,15652.0,15862.0,16770.0,14117.0,6718.0,5726.0,1403.0,37.0,0.0,0.0,0.0,0.0,0.0,242.0,579.0,911.0,1035.0,1198.0,1415.0,1906.0,2858.0,4130.0,5399.0,7320.0,9529.0,12839.0,15107.0,16298.0,16201.0,16810.0,18314.0,21406.0,20381.0,17971.0,16902.0,17600.0,17761.0,11544.0,6464.0,1381.0,0.0,0.0,0.0,0.0,0.0,4.0,28.0,255.0,396.0,538.0,654.0,653.0,770.0,817.0,843.0,953.0,1009.0,1817.0,2883.0,3968.0,4886.0,7004.0,9559.0,12900.0,15009.0,16177.0,16500.0,19236.0,21502.0,23744.0,23050.0,21774.0,21482.0,20022.0,11200.0,3868.0,0.0
243,481,249,555,264,627,281,695,306,763,347,824,399,876,452,919,512,933,575,921,638,884,697,834,746,773,777,706,794,633,807,555,811,475,277,446,317,421,368,413,421,417,472,428,544,426,596,414,652,411,704,419,751,441,510,482,508,526,507,570,505,616,465,660,488,666,511,671,535,667,558,662,339,484,372,464,412,463,443,493,409,501,369,501,587,492,617,462,657,462,692,482,661,499,621,499,428,758,456,735,489,718,511,726,532,718,569,737,608,762,571,791,536,807,512,810,488,806,457,789,446,758,490,755,511,757,534,755,590,761,534,759,511,762,489,759,419,0.0014713873559418,9.299175201858725,0.9969108862393864,1505.228887187479,0.5382792187833656,254.13767146596774,6011.616373548062,8.218163163840362,10.166108983611474,0.0012581253836254462,2.382346442658702,-0.5930691952447837,0.9998937928889196,10.0,638.0,1538.0,2326.0,3332.0,5919.0,8091.0,13367.0,20437.0,16892.0,16038.0,16239.0,16783.0,15136.0,14761.0,11290.0,10304.0,13932.0,14561.0,10017.0,10742.0,4716.0,94.0,4.0,3.0,0.0,0.0,0.0,0.0,0.0,0.0,0.0,0.0,242.0,1208.0,1840.0,2753.0,3291.0,4805.0,7183.0,8884.0,13010.0,18470.0,16398.0,15354.0,14893.0,15241.0,15303.0,14534.0,12304.0,11569.0,12096.0,12225.0,11903.0,10001.0,3599.0,64.0,0.0,0.0,0.0,0.0,0.0,0.0,0.0,0.0,13.0,248.0,681.0,1042.0,1171.0,1261.0,1227.0,1419.0,1789.0,2165.0,2547.0,3616.0,5286.0,8301.0,13078.0,18517.0,15468.0,15644.0,17019.0,18074.0,17106.0,14009.0,11185.0,11897.0,12630.0,12541.0,10051.0,7901.0,1284.0,0.0,0.0
192,491,192,568,196,647,206,728,238,797,295,854,362,899,436,934,513,946,587,931,652,892,709,840,754,781,781,713,795,637,802,563,803,488,275,420,317,389,367,378,419,385,467,407,568,406,613,386,663,380,711,392,747,423,514,477,513,524,512,570,512,616,446,656,478,666,512,676,546,667,579,658,333,487,367,467,404,468,441,498,402,502,363,500,585,498,617,468,656,468,690,488,658,501,619,502,381,746,431,726,479,715,513,723,545,716,591,728,639,748,592,786,546,805,512,809,476,804,429,782,399,749,478,755,513,759,545,756,620,752,545,757,512,761,478,756,42,0.0010266436648488034,18.747803542075097,0.9902082987519385,957.3637110644986,0.3596703278166513,257.92725803709567,3810.7070407159226,7.935870268004546,10.715685479545261,0.0007802364962675025,3.0134273300652343,-0.45592898566798096,0.9989973331657396,73.0,550.0,1789.0,2736.0,2934.0,4344.0,8003.0,15341.0,27422.0,35576.0,36916.0,36406.0,29695.0,22617.0,15976.0,11298.0,7498.0,5161.0,4617.0,3656.0,2305.0,1301.0,630.0,193.0,46.0,4.0,0.0,0.0,0.0,0.0,0.0,0.0,1.0,97.0,776.0,1602.0,2410.0,2570.0,2701.0,3371.0,4946.0,7350.0,12151.0,21519.0,29780.0,35803.0,34175.0,29755.0,24957.0,19930.0,14368.0,10339.0,7390.0,5658.0,3538.0,1523.0,376.0,1.0,0.0,0.0,0.0,0.0,0.0,0.0,0.0,3.0,105.0,476.0,847.0,1149.0,1409.0,1205.0,1236.0,1446.0,1625.0,1818.0,2315.0,3307.0,4703.0,6320.0,9203.0,13414.0,19131.0,23339.0,27533.0,25160.0,22413.0,23048.0,21418.0,21071.0,16915.0,13763.0,9659.0,2620.0,412.0,24.0
242,477,247,554,255,629,264,701,283,772,320,835,370,889,433,938,511,954,592,946,664,906,725,852,774,787,801,714,817,634,825,556,830,473,276,447,309,404,364,394,420,406,470,429,534,426,589,403,648,393,708,401,752,437,504,475,502,533,500,591,497,651,436,669,468,680,501,692,537,681,572,670,332,483,366,469,401,470,435,490,400,493,364,492,586,491,621,471,658,471,692,486,659,494,623,494,379,742,421,729,466,724,504,732,544,725,595,731,644,744,597,788,547,815,504,821,464,815,421,787,396,746,465,745,504,751,544,746,627,747,545,776,504,783,465,776,420,0.0006134568371574634,35.01496312231468,0.9892369808808356,1626.9997159296381,0.29145413000394327,321.17536157373814,6472.983900596257,8.24923144684147,11.449788003463082,0.0005158730046820897,3.415080122111523,-0.42157847681917976,0.9987724046614062,503.0,1154.0,1787.0,2139.0,3015.0,4584.0,6339.0,7007.0,7295.0,9043.0,12153.0,13599.0,13282.0,14787.0,19021.0,21053.0,20488.0,19443.0,16616.0,14277.0,12373.0,12794.0,10555.0,6506.0,4339.0,2350.0,1093.0,66.0,16.0,4.0,0.0,0.0,186.0,348.0,714.0,1221.0,1345.0,1213.0,1807.0,2958.0,4233.0,5087.0,6532.0,6768.0,7470.0,9009.0,11303.0,14667.0,15103.0,16383.0,19437.0,23161.0,23960.0,23185.0,16965.0,14135.0,12644.0,9868.0,5744.0,2063.0,150.0,20.0,2.0,0.0,7.0,75.0,208.0,299.0,374.0,480.0,566.0,673.0,725.0,814.0,990.0,1094.0,1321.0,1828.0,2391.0,3022.0,3716.0,4755.0,5778.0,6749.0,7443.0,8753.0,11859.0,14509.0,15384.0,16522.0,20767.0,25039.0,29039.0,27503.0,19255.0,25743.0
260,509,260,581,267,651,275,723,295,791,331,851,383,902,442,945,516,962,595,947,669,907,736,856,785,793,814,722,828,645,836,568,841,488,285,443,311,404,357,395,403,407,446,430,551,432,599,409,652,397,708,407,750,441,493,488,489,539,484,590,480,642,442,672,464,683,489,691,519,682,549,674,340,487,364,462,401,466,436,499,399,503,362,502,580,500,613,469,652,467,685,490,655,504,615,505,393,753,432,745,471,741,499,747,527,741,579,749,634,756,582,807,532,826,500,828,470,823,432,800,410,758,470,760,499,765,528,762,617,761,530,793,500,795,471,790,421,0.0017431713645820453,59.06959342180623,0.9622124946052107,781.5713499710746,0.3870042088876817,293.4020107124708,3067.2158064625,7.563309757837397,10.302728097680644,0.0006678056935831413,3.1178786140392147,-0.43183759121455223,0.9980937769185977,78.0,335.0,732.0,1279.0,1619.0,2367.0,3227.0,4390.0,6752.0,8956.0,12725.0,18945.0,31022.0,39001.0,42058.0,42845.0,26132.0,11068.0,2713.0,553.0,190.0,92.0,33.0,19.0,14.0,17.0,12.0,18.0,25.0,20.0,23.0,11.0,11.0,88.0,278.0,680.0,1110.0,1277.0,1712.0,2476.0,3388.0,4526.0,4594.0,5860.0,8299.0,10580.0,13927.0,20264.0,28915.0,39304.0,40183.0,40389.0,21170.0,6722.0,1232.0,98.0,42.0,28.0,12.0,24.0,23.0,13.0,16.0,30.0,3.0,5.0,12.0,51.0,163.0,378.0,590.0,839.0,1233.0,1712.0,1645.0,1543.0,1600.0,1676.0,1785.0,2135.0,2957.0,4406.0,6270.0,7803.0,9038.0,12428.0,20681.0,30823.0,37378.0,40652.0,35551.0,21562.0,10862.0,1411.0,37.0,42.0
285,500,283,567,294,635,308,703,326,772,357,834,398,891,446,940,511,954,589,948,667,913,737,867,793,810,828,740,845,659,852,576,853,493,291,425,313,390,357,383,400,396,440,421,544,419,591,392,645,380,700,387,747,416,486,481,479,534,471,587,463,642,435,672,454,684,478,692,508,682,538,673,340,487,367,463,407,464,442,496,403,503,364,503,581,496,616,465,658,464,692,487,661,503,619,504,409,762,435,744,462,734,486,742,514,735,561,748,614,766,563,797,519,809,488,809,462,805,436,791,428,765,463,765,488,768,517,767,593,768,516,768,488,769,463,765,422,0.0011322276591630793,23.785334625621594,0.9929403409939221,1685.250826355259,0.38099721970069833,251.89397484716238,6717.2179707954165,8.072871298080093,10.804310135360165,0.0006663227335097773,3.0296869729014295,-0.47356989625211326,0.9993281196282126,4814.0,8634.0,4222.0,3514.0,3593.0,5022.0,6897.0,9381.0,12682.0,15008.0,15555.0,17570.0,23045.0,27602.0,30699.0,27432.0,18899.0,11774.0,6062.0,3677.0,1044.0,271.0,129.0,42.0,18.0,11.0,3.0,3.0,0.0,1.0,2.0,7.0,422.0,7693.0,5770.0,3511.0,2984.0,3021.0,3438.0,5280.0,6613.0,8857.0,10514.0,13160.0,14019.0,15224.0,18900.0,26366.0,29478.0,30943.0,25361.0,14753.0,7416.0,3034.0,597.0,163.0,62.0,20.0,4.0,1.0,0.0,3.0,3.0,3.0,9.0,90.0,3351.0,5492.0,2948.0,2601.0,2178.0,1884.0,1866.0,1909.0,2411.0,2542.0,3081.0,4091.0,4428.0,5574.0,7344.0,9359.0,10646.0,12055.0,15157.0,19057.0,23172.0,23749.0,27186.0,28822.0,22781.0,11379.0,2303.0,122.0,23.0,3.0
215,528,226,605,238,679,251,753,272,823,312,881,374,925,444,957,522,969,598,956,662,921,717,875,752,815,772,746,783,675,793,603,800,530,268,456,296,406,350,375,412,368,466,385,568,389,620,371,678,375,729,405,753,455,518,465,520,517,523,567,525,618,464,665,492,672,520,679,548,673,574,665,336,491,366,464,403,463,439,490,404,494,367,496,586,491,622,463,658,464,687,489,658,496,621,495,407,767,452,747,492,735,518,740,544,734,582,747,622,768,582,788,548,791,520,793,492,790,454,783,427,765,492,759,519,760,545,759,604,767,546,760,520,760,493,759,423,0.0017400518983615996,94.19642072374302,0.9648939764282098,1341.4669752041527,0.4143215324146081,325.91028097549906,5271.671480092871,7.814740565932185,10.581623618694065,0.0006788223311856896,3.1931607035519542,-0.4491919866810201,0.9987774267537404,2099.0,2226.0,2801.0,2892.0,2439.0,2377.0,2511.0,3314.0,4963.0,7365.0,10370.0,14615.0,20210.0,24762.0,25844.0,32540.0,37729.0,43216.0,23063.0,8108.0,4181.0,1170.0,277.0,85.0,54.0,31.0,13.0,8.0,1.0,3.0,4.0,0.0,814.0,957.0,1653.0,2233.0,2019.0,1716.0,1821.0,2125.0,2093.0,2217.0,2324.0,2838.0,4575.0,6668.0,9360.0,13002.0,16157.0,19773.0,23177.0,26461.0,31423.0,37970.0,34042.0,24293.0,7199.0,1848.0,393.0,67.0,34.0,10.0,5.0,4.0,2.0,34.0,145.0,484.0,783.0,1129.0,1566.0,1499.0,1175.0,971.0,1014.0,1085.0,1212.0,1389.0,1303.0,1438.0,1634.0,1833.0,2358.0,3272.0,4316.0,6072.0,8968.0,11638.0,16142.0,24683.0,27976.0,32971.0,47016.0,55501.0,16502.0,3160.0
203,496,210,577,221,655,238,730,272,796,321,855,383,899,449,931,519,944,587,930,648,895,703,848,741,790,766,724,778,654,785,585,788,516,276,459,316,426,370,413,426,419,474,440,567,448,616,427,670,423,721,437,752,472,524,487,526,538,528,587,530,638,462,656,493,670,528,682,559,670,586,656,339,489,371,473,404,472,436,495,403,494,370,494,591,498,625,476,657,475,688,490,658,494,626,495,392,735,447,723,495,718,527,724,558,718,598,720,643,728,599,768,560,784,526,789,492,786,445,774,409,736,495,734,527,737,560,732,626,731,558,762,526,767,492,766,424,0.0007731039283811951,50.84600733212102,0.9846597789961239,1657.3096904227723,0.3245283730171178,293.7946242374583,6578.392754358949,8.159342501510123,11.274962840015899,0.0005456846853269222,3.343806472325971,-0.4272294472242107,0.9987536149686073,228.0,348.0,470.0,989.0,1719.0,3015.0,4475.0,7744.0,12526.0,10506.0,10909.0,11967.0,11466.0,12280.0,12438.0,14774.0,16750.0,19173.0,23766.0,22901.0,20279.0,12047.0,5728.0,2538.0,887.0,260.0,53.0,15.0,2.0,3.0,3.0,9.0,283.0,201.0,331.0,700.0,1106.0,1947.0,3060.0,4128.0,6851.0,10602.0,10962.0,10187.0,11098.0,10811.0,11713.0,12558.0,13632.0,14841.0,15009.0,17546.0,23780.0,27656.0,20897.0,7036.0,2529.0,637.0,112.0,29.0,9.0,2.0,6.0,9.0,70.0,195.0,121.0,87.0,186.0,435.0,665.0,991.0,1248.0,1502.0,1907.0,2442.0,4119.0,6723.0,8990.0,7025.0,6040.0,7785.0,9243.0,9538.0,9479.0,9375.0,10682.0,13090.0,14789.0,16818.0,22020.0,28017.0,25219.0,15735.0,5169.0,563.0
218,498,226,573,238,646,248,721,275,788,321,842,384,886,446,925,512,938,578,923,643,884,704,842,753,790,783,724,797,652,810,580,822,503,260,453,293,410,348,394,406,399,460,415,559,417,614,399,672,396,728,413,766,455,507,476,506,518,505,561,503,604,450,648,477,654,506,661,536,654,565,648,333,487,367,468,406,470,440,499,403,502,364,500,585,497,617,469,656,469,691,488,658,500,619,501,382,731,427,719,475,711,508,718,543,713,595,720,649,727,599,778,546,799,509,802,473,799,425,778,402,736,474,734,508,739,543,735,630,733,545,767,508,771,474,767,425,0.0013895602476637434,25.454281629827186,0.9883232841712113,1090.0553353796813,0.4051988769635664,311.0442086967309,4334.7670598889235,7.894319156558049,10.497465335205568,0.0007137040754331876,2.955483893124918,-0.4783027098125521,0.9992397689590302,39.0,238.0,514.0,792.0,978.0,1328.0,1907.0,2409.0,4124.0,6399.0,8240.0,9439.0,11556.0,15713.0,16925.0,17941.0,21943.0,24148.0,28128.0,28758.0,27091.0,15452.0,6403.0,1695.0,307.0,117.0,44.0,2.0,8.0,3.0,2.0,24.0,63.0,155.0,371.0,774.0,889.0,1014.0,1270.0,1846.0,2957.0,4398.0,6750.0,8248.0,9207.0,9742.0,12328.0,16072.0,17350.0,21095.0,23462.0,26881.0,28160.0,28203.0,22525.0,7446.0,1240.0,177.0,11.0,4.0,3.0,2.0,7.0,17.0,1.0,2.0,8.0,111.0,435.0,589.0,611.0,758.0,888.0,791.0,652.0,670.0,1016.0,1719.0,2436.0,2772.0,3829.0,4917.0,6588.0,8874.0,10912.0,13672.0,16251.0,17575.0,23463.0,28456.0,28672.0,32001.0,23285.0,11685.0,7116.0,1912.0
251,506,254,580,264,651,274,723,295,791,331,851,383,901,444,940,514,952,586,938,651,899,705,850,743,790,768,725,780,657,788,589,790,516,278,449,311,415,362,405,413,411,462,430,566,431,613,411,664,406,713,415,750,446,508,480,507,531,505,582,503,636,451,662,476,676,505,689,537,676,565,663,335,491,365,468,402,469,438,495,400,498,364,500,590,495,624,470,661,469,690,491,661,500,626,498,395,746,437,733,477,726,509,735,541,727,584,735,633,745,586,787,542,806,508,809,474,805,435,786,416,751,476,755,508,758,542,755,612,750,541,765,508,768,476,765,426,0.0008526222617488985,20.72405310219844,0.9905281626405303,1094.2815402260471,0.34120561644510516,225.69441496492425,4356.402107801989,8.011207655747146,10.904113955725336,0.0007363668477148031,3.088280199840872,-0.44610400386817267,0.9989399249541278,1822.0,2835.0,4629.0,8136.0,12443.0,16192.0,19816.0,26618.0,25624.0,25261.0,24741.0,21488.0,14540.0,12593.0,11039.0,5751.0,1448.0,222.0,88.0,66.0,26.0,16.0,8.0,5.0,1.0,3.0,0.0,1.0,0.0,0.0,0.0,0.0,745.0,1460.0,1814.0,2462.0,4244.0,6737.0,9970.0,11798.0,14157.0,16203.0,20002.0,20195.0,21924.0,24525.0,24510.0,18446.0,14438.0,13655.0,6469.0,1245.0,269.0,91.0,33.0,14.0,4.0,1.0,1.0,0.0,0.0,0.0,0.0,0.0,27.0,535.0,625.0,619.0,711.0,853.0,1117.0,1382.0,1808.0,2324.0,3235.0,4610.0,5987.0,6612.0,7381.0,8165.0,9336.0,10803.0,13122.0,14745.0,14900.0,17862.0,22434.0,21442.0,21371.0,16125.0,14084.0,10274.0,2709.0,197.0,16.0,1.0
172,492,174,572,180,652,202,731,245,799,306,857,377,899,451,928,520,931,572,913,609,865,643,813,671,756,692,695,704,633,705,573,699,517,303,435,346,405,400,389,455,394,507,411,585,411,618,394,653,386,685,394,697,423,546,481,553,531,561,580,568,630,490,677,520,683,549,689,572,681,591,670,354,488,386,466,423,466,456,495,422,500,385,500,579,494,607,463,640,462,662,483,642,497,609,499,425,775,475,760,516,748,540,754,563,746,588,754,608,767,587,786,564,800,539,805,513,804,473,793,442,774,514,771,539,773,562,767,597,767,564,768,541,775,516,774,427,0.0011323836174890818,20.095314771433564,0.9884614222482554,870.8546483450591,0.33421795263751414,352.804979592833,3463.3232786088047,7.749370790384487,10.630203049135735,0.0006291086346190762,3.120369166784686,-0.42647667007918666,0.9982381642098683,0.0,11.0,30.0,47.0,139.0,330.0,523.0,834.0,1150.0,1738.0,2500.0,3149.0,3957.0,6337.0,8582.0,8535.0,11267.0,13485.0,16917.0,24349.0,33330.0,30311.0,23011.0,18006.0,11352.0,5007.0,2480.0,516.0,40.0,0.0,0.0,0.0,0.0,0.0,3.0,30.0,76.0,217.0,367.0,573.0,738.0,1058.0,1745.0,2430.0,2829.0,2999.0,3886.0,6561.0,9048.0,9387.0,12015.0,15123.0,19600.0,28981.0,36741.0,29508.0,21380.0,13806.0,4844.0,3236.0,751.0,1.0,0.0,0.0,0.0,0.0,0.0,6.0,7.0,12.0,30.0,99.0,133.0,250.0,342.0,603.0,906.0,1067.0,1345.0,1634.0,2377.0,3493.0,3803.0,5372.0,7454.0,8712.0,11350.0,14914.0,22854.0,32201.0,34086.0,28547.0,22628.0,13789.0,4513.0,5406.0
270,502,267,571,268,639,275,710,294,779,325,841,373,894,426,936,495,953,575,946,656,919,730,877,788,819,827,747,846,669,858,590,868,507,286,450,313,417,359,409,407,419,450,437,553,433,606,415,662,410,717,421,761,452,492,483,486,529,479,575,472,624,431,656,454,668,482,677,517,668,551,659,337,488,366,468,400,469,431,494,398,497,364,497,590,497,623,472,659,472,691,493,659,501,624,501,397,745,429,731,462,724,492,731,524,726,577,734,635,749,578,783,524,798,490,800,459,795,428,778,416,748,462,746,492,750,525,748,617,751,524,767,491,768,461,764,428,0.0010331002358448308,24.992315587071246,0.9810632484964472,659.9013446933423,0.3132666464901433,281.4583924012263,2614.6130631862943,7.6639302021123195,10.715908160407803,0.0005459593959320047,3.233805170016753,-0.394087844235482,0.9971226511566833,21.0,54.0,61.0,223.0,534.0,822.0,1084.0,1912.0,3056.0,5813.0,11580.0,20428.0,25232.0,29174.0,39441.0,41176.0,29204.0,16305.0,12015.0,10252.0,6164.0,2749.0,1147.0,584.0,270.0,92.0,31.0,25.0,9.0,4.0,3.0,15.0,19.0,44.0,50.0,126.0,361.0,587.0,895.0,1248.0,2065.0,3155.0,4518.0,7021.0,11808.0,19993.0,26901.0,31704.0,38991.0,38387.0,26055.0,15409.0,11722.0,11062.0,4972.0,1571.0,582.0,169.0,28.0,16.0,5.0,7.0,6.0,3.0,0.0,2.0,14.0,45.0,86.0,212.0,490.0,746.0,846.0,1063.0,1211.0,1347.0,1498.0,2179.0,3587.0,5355.0,8052.0,11795.0,16728.0,22967.0,28182.0,32083.0,35270.0,29397.0,20256.0,13960.0,13738.0,7446.0,794.0,98.0,19.0,14.0
274,472,275,540,279,609,288,676,307,737,347,790,397,838,448,885,512,902,585,895,659,860,731,818,792,765,827,700,847,626,855,544,862,460,277,452,303,413,351,406,402,414,448,433,541,432,596,412,656,408,712,422,762,449,493,491,489,536,485,579,481,625,440,657,464,665,490,673,520,666,550,661,336,486,368,467,406,469,435,499,401,501,363,499,586,500,618,472,657,471,694,489,661,503,622,505,391,718,433,718,469,715,495,722,526,716,579,721,639,722,581,759,528,779,495,781,466,775,431,756,407,725,468,732,495,738,527,736,622,725,526,745,494,746,468,741,429,0.0006227709788287374,14.657359546257304,0.9965826972838558,2144.4878562880135,0.3712776627691336,220.9570872920245,8563.2940656058,8.495820002036469,11.175676123665408,0.0008024903327285991,2.8959988096215605,-0.5097377320800456,0.9997281161153382,1736.0,3522.0,3474.0,6535.0,9955.0,13598.0,15443.0,15703.0,15508.0,15150.0,15329.0,17192.0,16972.0,14172.0,11840.0,13111.0,11184.0,8399.0,6566.0,5424.0,3362.0,1918.0,1058.0,122.0,2.0,6.0,5.0,4.0,0.0,0.0,0.0,0.0,1889.0,3158.0,2890.0,3772.0,7130.0,11228.0,14660.0,12937.0,12456.0,13249.0,13888.0,14189.0,13334.0,11603.0,12038.0,13112.0,10690.0,10214.0,11970.0,9061.0,5670.0,8057.0,5790.0,2899.0,1253.0,153.0,0.0,0.0,0.0,0.0,0.0,0.0,804.0,1886.0,1486.0,1332.0,1393.0,1652.0,2263.0,4257.0,6699.0,8678.0,10630.0,9600.0,9185.0,9532.0,10114.0,11199.0,12017.0,12473.0,11017.0,10249.0,11692.0,11861.0,9930.0,10224.0,10748.0,8177.0,6453.0,8548.0,8499.0,4110.0,575.0,7.0
188,516,189,595,196,676,210,754,245,823,301,879,372,921,449,948,523,958,593,942,654,906,709,858,749,796,769,721,776,646,780,571,775,498,260,442,307,413,363,400,418,405,470,423,582,422,626,402,676,398,723,410,753,444,531,482,536,529,541,576,546,624,471,659,504,667,537,676,566,668,591,660,331,493,366,468,407,468,441,500,404,506,364,505,588,499,622,466,662,464,695,488,665,500,626,502,369,738,434,719,491,710,529,718,564,711,608,720,652,737,610,793,565,816,526,819,487,816,429,794,388,740,491,736,528,740,564,736,632,741,563,781,527,785,488,782,43,0.0017924724122342825,29.49871524851027,0.9882925091703901,1260.3091138108684,0.430149695509812,264.8489363361718,5011.737739994969,7.884381543502528,10.497030924357606,0.0007216178112811993,2.9921620598642846,-0.4768267017722266,0.9992265983853341,1499.0,3701.0,3274.0,3461.0,3852.0,4679.0,5529.0,7713.0,10574.0,12418.0,15635.0,19345.0,21972.0,22680.0,26661.0,33210.0,36245.0,20045.0,8646.0,4971.0,2374.0,1211.0,528.0,143.0,60.0,24.0,23.0,10.0,4.0,3.0,7.0,18.0,112.0,1785.0,3521.0,3312.0,3488.0,4768.0,5709.0,6404.0,6175.0,7385.0,8550.0,9706.0,11610.0,15031.0,21276.0,22932.0,26493.0,30910.0,38946.0,26175.0,10060.0,3349.0,1330.0,1026.0,318.0,67.0,27.0,19.0,9.0,8.0,9.0,5.0,4.0,65.0,552.0,1634.0,1736.0,1439.0,1648.0,1884.0,1931.0,2382.0,2532.0,2646.0,2693.0,2816.0,3307.0,4364.0,5394.0,7359.0,11091.0,14146.0,19538.0,22585.0,29311.0,43364.0,62474.0,20971.0,2270.0,210.0,85.0,42.0,21.0,21.0
211,491,221,567,236,640,251,712,276,779,319,833,379,875,446,907,513,917,582,903,649,869,710,827,754,770,774,704,786,637,799,569,810,498,249,460,286,416,347,397,411,400,474,416,576,423,626,404,680,399,731,410,766,449,511,471,511,518,512,565,512,614,461,652,486,657,512,664,536,656,562,649,327,492,359,473,400,470,433,493,400,501,359,502,587,494,620,471,660,472,690,492,660,502,621,501,387,723,435,716,482,709,511,715,539,710,585,717,635,719,586,768,540,787,509,791,478,786,433,768,407,729,481,727,510,731,538,729,616,726,539,756,510,758,481,755,430,0.001960371244003007,24.54641287630617,0.991709857353166,1481.5672377813498,0.44707692887576606,325.5073456292722,5901.722538249076,7.882257987977976,10.312521950769408,0.0007725640337953306,2.8955090587005134,-0.5025919230509226,0.9994505913369599,44.0,1087.0,2197.0,2679.0,2346.0,2151.0,2077.0,2163.0,2602.0,2948.0,3559.0,3918.0,4811.0,6194.0,8433.0,10766.0,12157.0,17061.0,19516.0,21942.0,24569.0,27626.0,30909.0,17890.0,9311.0,2269.0,330.0,32.0,9.0,3.0,3.0,23.0,3.0,91.0,1044.0,2099.0,2195.0,2536.0,2333.0,2279.0,2186.0,2846.0,3714.0,4203.0,4568.0,5402.0,6694.0,8985.0,11101.0,13538.0,18358.0,20008.0,24102.0,30202.0,30293.0,27022.0,12976.0,2495.0,304.0,15.0,6.0,4.0,3.0,20.0,0.0,9.0,122.0,310.0,464.0,987.0,1340.0,1367.0,1633.0,1780.0,1970.0,1923.0,1751.0,1654.0,1898.0,2361.0,2668.0,2919.0,4163.0,5480.0,7560.0,9836.0,12118.0,15417.0,19663.0,29027.0,44797.0,43995.0,21166.0,3207.0,34.0,6.0
170,494,177,580,189,667,209,752,246,825,301,889,367,944,440,987,518,996,592,974,655,918,710,856,756,786,782,710,792,631,795,552,797,474,260,447,307,411,367,398,429,405,485,424,564,419,612,400,666,395,716,412,748,445,525,481,528,533,532,585,536,638,461,668,496,678,531,687,562,675,590,664,330,490,366,477,401,478,436,497,399,495,365,493,594,495,627,477,661,476,694,487,663,492,630,495,368,753,426,728,486,719,525,728,563,719,611,726,648,751,612,811,566,843,524,848,482,845,422,819,384,756,485,744,525,747,564,743,633,753,563,805,523,811,483,807,431,0.0009442934532714684,26.08950754141491,0.9953689161403321,2816.792722267738,0.37006434134081057,274.55269630494445,11241.081381529537,8.373208189064389,11.176072691496413,0.0006423030714198844,3.0738570135836936,-0.4850504464138915,0.9995680908953368,733.0,1803.0,1747.0,1761.0,2600.0,3998.0,9160.0,24350.0,41795.0,36285.0,24530.0,14818.0,9936.0,7956.0,7720.0,8014.0,7986.0,8233.0,7926.0,6425.0,5892.0,6198.0,7588.0,9089.0,9591.0,7853.0,5674.0,4496.0,2423.0,1869.0,1116.0,485.0,510.0,1310.0,1382.0,1304.0,1535.0,2076.0,3389.0,5600.0,9682.0,23496.0,40961.0,34598.0,23634.0,15168.0,9368.0,7249.0,7199.0,7279.0,7024.0,7595.0,8554.0,6792.0,5723.0,6354.0,6361.0,8272.0,10198.0,10530.0,7690.0,5635.0,2437.0,1145.0,13.0,148.0,408.0,674.0,623.0,624.0,721.0,811.0,845.0,905.0,1123.0,1485.0,2047.0,4277.0,9240.0,20125.0,29834.0,26127.0,23881.0,22387.0,16246.0,10349.0,8063.0,7780.0,7340.0,7714.0,7666.0,8140.0,8777.0,8526.0,12061.0,41090.0
212,445,218,528,233,610,255,686,292,750,342,805,392,853,444,889,499,896,551,882,596,839,639,786,683,731,719,669,741,599,755,524,759,450,268,423,317,396,377,394,435,403,491,422,570,426,616,406,665,391,713,391,747,419,524,493,525,554,527,614,528,674,461,694,493,700,525,708,554,697,581,685,331,487,367,472,407,475,438,504,402,509,362,505,592,499,620,468,659,463,690,475,664,497,626,502,404,743,449,748,490,744,518,752,545,741,576,740,612,733,577,775,547,801,518,808,487,806,448,785,422,750,489,765,518,768,546,761,596,743,546,763,517,770,489,767,432,0.001236205855832469,35.61952590481452,0.9858916541017122,1262.829225223445,0.43218026911400115,298.8119523828102,5015.697374988918,8.101967256960496,10.716380903609373,0.0008261641380047245,3.054933637780074,-0.49260230180996795,0.9994858876723569,5.0,109.0,647.0,1184.0,1554.0,1916.0,2469.0,3429.0,6096.0,8637.0,9623.0,12714.0,15894.0,12849.0,13594.0,15869.0,16477.0,13700.0,11027.0,12887.0,15022.0,11546.0,5124.0,3454.0,3028.0,1947.0,59.0,0.0,0.0,0.0,0.0,0.0,2.0,48.0,430.0,886.0,1079.0,1327.0,1681.0,2892.0,3582.0,3636.0,4730.0,7093.0,8537.0,10531.0,14466.0,15626.0,13652.0,16790.0,18035.0,14872.0,13164.0,15542.0,15131.0,7007.0,4764.0,3921.0,1423.0,13.0,0.0,0.0,0.0,0.0,1.0,10.0,63.0,280.0,402.0,418.0,556.0,688.0,741.0,824.0,863.0,967.0,1055.0,1299.0,2095.0,2699.0,3519.0,4885.0,6433.0,8416.0,12330.0,17507.0,19895.0,22666.0,23326.0,19001.0,20698.0,19138.0,7523.0,2559.0,3.0,0.0
260,504,254,572,258,640,266,709,281,778,314,840,365,893,428,933,503,949,583,937,660,908,728,862,779,805,808,735,820,662,827,590,829,517,284,432,316,397,361,383,408,389,449,409,562,404,610,383,664,379,715,394,753,429,501,474,497,515,493,555,488,599,437,635,464,644,496,653,531,644,565,635,336,491,365,469,403,469,441,496,403,501,365,502,582,495,619,470,658,469,691,489,660,501,621,501,380,732,420,701,465,686,498,693,533,688,588,704,641,734,591,788,536,813,497,816,462,811,417,788,400,736,465,720,498,723,534,721,623,736,534,768,498,770,463,766,433,0.0006726327381975759,21.150369114346283,0.9939026963984534,1734.8528003617366,0.34316766808528126,280.61307850723847,6918.2608323325985,8.39257569295994,11.253135361835369,0.0005999560296034318,3.1040154864493763,-0.47839402503671213,0.9995310362311312,53.0,577.0,1895.0,3690.0,5726.0,8070.0,12770.0,16794.0,22128.0,25229.0,27056.0,23409.0,21607.0,19710.0,16039.0,13164.0,11743.0,9405.0,7109.0,5123.0,4419.0,2501.0,2287.0,1545.0,732.0,566.0,558.0,648.0,444.0,248.0,71.0,22.0,8.0,156.0,585.0,1619.0,2570.0,3742.0,4461.0,5009.0,7156.0,9214.0,11925.0,13602.0,16396.0,17458.0,18131.0,21034.0,21383.0,21096.0,19984.0,16354.0,13228.0,11693.0,9179.0,6641.0,5233.0,3186.0,1439.0,696.0,746.0,724.0,527.0,163.0,0.0,34.0,149.0,433.0,850.0,1309.0,1623.0,1757.0,2149.0,2949.0,2852.0,2828.0,3446.0,4422.0,5013.0,5970.0,7236.0,8025.0,9552.0,10770.0,11624.0,11768.0,12416.0,13756.0,17060.0,18717.0,21611.0,22774.0,20356.0,17906.0,13172.0,12811.0
251,464,255,545,263,624,276,700,305,770,346,835,392,892,445,941,517,956,590,939,643,890,686,833,728,768,758,700,773,622,779,545,784,464,272,452,305,410,360,398,415,404,468,422,555,421,609,405,664,399,719,410,751,449,511,484,511,533,511,583,512,633,443,650,477,662,513,674,549,661,582,648,338,489,370,476,406,475,440,496,404,500,368,500,586,494,622,474,657,474,688,489,659,499,623,499,382,725,424,712,473,708,511,715,549,707,598,709,642,723,601,788,554,820,513,827,472,822,422,791,397,730,473,731,512,736,550,729,627,728,552,775,512,782,473,777,434,0.0005337830979860514,50.35090224060013,0.9797828195724892,1245.4761148592238,0.24956226473378096,231.11173416837804,4931.553557196292,8.131079484651858,11.648177763883329,0.0004048401785113629,3.713367489624497,-0.36847481721760184,0.997150706664703,448.0,1342.0,2204.0,3769.0,7105.0,13028.0,22463.0,32415.0,32513.0,25816.0,19654.0,16328.0,15214.0,12028.0,8494.0,5532.0,2646.0,1413.0,943.0,594.0,458.0,422.0,452.0,494.0,503.0,722.0,725.0,525.0,250.0,7.0,0.0,0.0,170.0,586.0,1187.0,1753.0,2870.0,4175.0,5999.0,8451.0,11183.0,15207.0,19822.0,25406.0,26601.0,24132.0,18876.0,15224.0,13838.0,12223.0,8855.0,4838.0,1542.0,711.0,489.0,452.0,397.0,484.0,644.0,738.0,889.0,647.0,117.0,1.0,5.0,120.0,291.0,615.0,950.0,1475.0,2000.0,2447.0,2976.0,3883.0,4635.0,4986.0,5551.0,6542.0,7584.0,9155.0,10698.0,12804.0,15432.0,16434.0,17882.0,18537.0,16974.0,14884.0,14710.0,13772.0,11098.0,6338.0,2424.0,1665.0,1504.0,136.0
270,500,255,572,251,646,256,722,270,802,301,880,343,950,394,1012,470,1032,564,1030,661,1004,748,960,823,897,870,818,890,725,903,628,911,529,283,424,302,387,345,378,389,386,432,407,539,407,597,379,664,370,731,387,785,432,476,476,466,534,454,593,442,654,405,683,427,700,458,712,499,702,540,689,329,485,357,461,394,463,431,492,392,493,355,493,583,494,621,466,662,466,702,489,662,496,621,496,365,762,398,753,437,749,476,758,517,750,585,756,657,773,588,835,520,862,475,865,434,857,398,824,383,769,437,768,476,774,516,770,642,777,520,828,478,829,437,821,435,0.0009354450753446474,17.387204135385446,0.9929563112694385,1234.6521930303697,0.36556248408442815,239.80305015894686,4921.221567986109,8.051595163007512,10.766280801730481,0.0007302458617632498,2.9232825891624534,-0.47409002405401346,0.9993077416201472,9.0,650.0,4456.0,8916.0,8217.0,10185.0,12581.0,17956.0,20587.0,24125.0,28010.0,30138.0,29937.0,30468.0,30084.0,27558.0,25455.0,21036.0,11493.0,3555.0,2014.0,1000.0,682.0,376.0,23.0,7.0,7.0,0.0,0.0,0.0,0.0,0.0,40.0,417.0,2698.0,6433.0,6911.0,6518.0,6762.0,8389.0,11725.0,17000.0,20367.0,22384.0,25044.0,32306.0,37385.0,35523.0,33144.0,30898.0,23257.0,13063.0,5647.0,1334.0,1001.0,896.0,336.0,14.0,12.0,9.0,8.0,4.0,0.0,0.0,0.0,42.0,1120.0,2206.0,4058.0,4059.0,3569.0,3394.0,3761.0,3945.0,4162.0,5264.0,7071.0,9742.0,12270.0,15623.0,17781.0,18964.0,22729.0,30699.0,32158.0,32410.0,31513.0,33016.0,30306.0,13964.0,5181.0,500.0,10.0,8.0,0.0,0.0
258,518,258,582,264,647,278,712,295,778,324,838,372,886,427,922,491,938,564,934,640,908,711,870,767,815,797,747,813,674,822,595,827,518,286,455,313,417,361,402,412,410,458,428,544,431,595,408,654,400,711,417,748,458,496,482,494,534,491,584,488,636,437,670,464,678,493,687,528,679,560,670,334,497,362,473,398,473,432,504,397,505,361,506,582,501,617,472,653,471,685,493,653,501,617,502,392,755,428,745,463,739,497,748,531,739,577,745,634,753,578,779,534,792,499,795,463,792,430,778,409,757,463,761,497,765,532,762,618,756,533,765,498,767,464,763,436,0.0007640833164044239,40.06357131671098,0.9917695207056689,2433.8834832447187,0.3368467287091867,241.10455130362314,9695.470361662154,8.350897558267327,11.372212329666812,0.0006098285294750933,3.25612400658112,-0.454317683583612,0.9993016283755881,4.0,176.0,596.0,1855.0,5503.0,14441.0,31709.0,36835.0,20347.0,14689.0,13493.0,10841.0,8546.0,6967.0,6698.0,7231.0,7002.0,7205.0,7719.0,8128.0,8124.0,9510.0,6658.0,4450.0,3157.0,1888.0,614.0,105.0,17.0,1.0,0.0,0.0,1.0,42.0,420.0,1032.0,2442.0,4247.0,7833.0,14244.0,27849.0,32306.0,20850.0,14343.0,12422.0,10442.0,7774.0,6874.0,6618.0,7023.0,6595.0,6480.0,7182.0,8307.0,9579.0,9797.0,9409.0,5479.0,3258.0,1398.0,255.0,8.0,0.0,0.0,0.0,14.0,154.0,272.0,686.0,982.0,1524.0,1643.0,2626.0,5830.0,7911.0,13262.0,19633.0,19437.0,18481.0,14120.0,12108.0,10108.0,9387.0,8086.0,7287.0,6899.0,7141.0,7125.0,7736.0,8218.0,9413.0,11314.0,14653.0,10575.0,6039.0,1845.0
267,544,258,608,252,676,258,740,282,804,316,858,363,907,415,947,487,963,572,965,658,940,736,901,803,847,850,777,874,697,883,611,890,529,287,459,300,410,344,384,396,383,445,398,549,388,614,368,685,367,747,399,784,454,494,466,487,504,478,539,468,578,422,631,451,638,482,643,517,639,554,636,345,497,368,482,398,477,432,488,401,493,371,497,594,485,631,471,664,474,700,487,663,491,628,490,394,745,426,722,457,708,483,714,513,707,560,720,620,745,561,769,513,774,482,775,453,774,424,767,409,742,457,735,484,737,513,735,602,742,513,738,483,740,456,737,437,0.0003828890593944966,133.76205152837252,0.9667483171254341,2011.3612089802627,0.23268885539229656,256.769380589738,7911.682784392695,8.410314012225275,12.31637330615446,0.0003202635681223805,4.200748218700994,-0.3403424956688869,0.9964455253920159,290.0,1504.0,4198.0,7813.0,10261.0,12398.0,14814.0,16208.0,16440.0,15924.0,15188.0,14854.0,15378.0,16850.0,19266.0,22610.0,22502.0,21162.0,19389.0,15787.0,11205.0,6411.0,2681.0,1071.0,257.0,97.0,38.0,20.0,7.0,10.0,8.0,13.0,43.0,453.0,1661.0,4006.0,6247.0,8082.0,9509.0,10886.0,13112.0,14847.0,14959.0,15409.0,15360.0,15275.0,15651.0,17401.0,19720.0,22934.0,23365.0,22418.0,19847.0,15849.0,10513.0,4854.0,1784.0,320.0,93.0,19.0,7.0,12.0,7.0,11.0,0.0,30.0,160.0,818.0,1905.0,3253.0,4153.0,4797.0,5582.0,6286.0,6781.0,7676.0,8350.0,9669.0,10989.0,11967.0,12900.0,12985.0,13107.0,13643.0,14105.0,15449.0,17905.0,19286.0,18853.0,17396.0,17239.0,15720.0,14761.0,12086.0,5769.0,1034.0
265,499,262,568,266,638,272,713,280,791,310,860,356,923,414,977,488,1000,574,993,664,964,740,919,800,855,836,780,853,696,858,610,865,523,291,445,318,414,360,402,405,408,447,427,549,430,599,407,656,404,711,417,759,447,491,483,485,531,479,579,472,629,429,664,452,677,482,686,516,677,551,666,333,491,364,470,399,470,437,497,398,499,363,498,585,498,621,472,658,472,694,493,658,501,621,500,371,746,406,723,451,715,488,723,527,716,590,725,655,749,592,815,529,838,488,841,448,835,407,809,387,749,450,740,487,744,526,741,643,751,529,804,490,806,452,801,438,0.000777664160046556,22.136236025810675,0.9937718665919776,1777.0688467601003,0.36454876298847644,286.95034757123324,7086.139151014562,8.309814448873528,11.092543455529277,0.0007154925825400855,3.0289371814131565,-0.48313201830696395,0.9995179251230986,90.0,866.0,2359.0,3114.0,3563.0,4031.0,6231.0,7438.0,9740.0,12216.0,12598.0,15110.0,18993.0,18578.0,17609.0,19764.0,21755.0,21489.0,17228.0,15977.0,15249.0,14129.0,11771.0,9781.0,5607.0,3942.0,1500.0,338.0,68.0,37.0,5.0,0.0,172.0,1232.0,2199.0,2887.0,2945.0,3131.0,3778.0,5037.0,6930.0,7809.0,10544.0,12624.0,12527.0,14006.0,16715.0,19913.0,19156.0,21397.0,22797.0,22582.0,21139.0,19043.0,16662.0,13669.0,8137.0,3266.0,707.0,128.0,44.0,0.0,0.0,0.0,10.0,519.0,1356.0,1512.0,1479.0,1633.0,1643.0,1821.0,1785.0,2070.0,2146.0,2377.0,3180.0,3717.0,4943.0,7019.0,9314.0,10113.0,10426.0,13078.0,17587.0,20159.0,21193.0,22795.0,26346.0,28245.0,28565.0,27906.0,16005.0,2170.0,64.0,0.0
250,490,250,567,257,643,275,713,308,774,352,828,400,879,452,920,511,936,573,924,635,884,690,835,740,778,773,708,791,633,806,551,816,468,286,415,329,395,376,397,421,408,459,429,548,429,594,406,643,394,696,399,742,420,508,491,506,550,505,609,504,667,447,678,476,688,505,697,536,689,564,682,333,482,368,470,402,476,431,506,397,505,361,500,590,505,619,476,654,473,689,487,660,502,624,506,394,728,433,719,472,717,505,725,540,719,590,724,637,731,595,801,547,831,510,835,474,828,432,797,405,732,472,737,505,742,540,738,626,736,545,793,509,797,474,790,439,0.0010874014171877594,17.82599486847046,0.9963394673096708,2435.7871301556743,0.4634645655955095,328.44041527002776,9725.322525754229,8.400434202725057,10.712459755005758,0.0008327286417363864,2.6874509731336773,-0.5543823681424067,0.999850589324464,1807.0,6061.0,2481.0,1545.0,1435.0,1835.0,2614.0,4455.0,7701.0,13714.0,16161.0,20337.0,19620.0,14403.0,11409.0,12134.0,13202.0,9518.0,8106.0,8373.0,7482.0,7096.0,5505.0,4566.0,4518.0,4963.0,4987.0,6086.0,5342.0,2951.0,672.0,104.0,5.0,1071.0,5250.0,2790.0,1364.0,1379.0,1172.0,1232.0,1685.0,2191.0,2452.0,3007.0,4781.0,7944.0,12439.0,16742.0,21236.0,19906.0,14021.0,12232.0,13995.0,12648.0,9317.0,9088.0,8257.0,7724.0,6723.0,6351.0,7656.0,7872.0,7204.0,1449.0,0.0,0.0,110.0,587.0,2203.0,2927.0,1985.0,1245.0,1084.0,834.0,755.0,904.0,834.0,801.0,890.0,1098.0,1131.0,1408.0,1851.0,2430.0,3350.0,5476.0,10230.0,17349.0,24134.0,23118.0,20713.0,19302.0,20204.0,12693.0,11990.0,39547.0
187,512,194,584,202,654,215,726,245,791,296,844,363,882,438,910,519,918,598,908,663,875,716,833,752,777,773,711,783,642,789,573,793,503,268,443,308,406,363,393,419,401,473,418,564,417,611,399,661,391,710,401,744,435,521,474,524,519,527,563,531,610,458,641,492,649,526,658,558,650,587,642,339,488,372,478,403,478,433,490,402,491,371,491,593,491,623,479,653,480,683,489,654,494,624,494,399,725,445,700,489,691,522,699,553,692,590,703,626,729,590,749,553,761,520,764,486,760,442,746,416,726,488,724,521,727,553,725,611,729,553,724,520,727,487,723,44,0.001778316968137504,17.833157859783295,0.990798457547452,969.5011253903258,0.4391738573926969,313.00283964846903,3860.171343701524,7.7574354388964055,10.1676571681583,0.0009197664805533014,2.795637947726834,-0.4961051028793656,0.9993049731995725,465.0,765.0,973.0,1370.0,2228.0,3423.0,5639.0,9517.0,11776.0,17105.0,21826.0,20142.0,22448.0,27939.0,32043.0,24739.0,21878.0,15803.0,9119.0,4351.0,2223.0,592.0,65.0,5.0,0.0,0.0,0.0,0.0,0.0,0.0,0.0,0.0,48.0,337.0,599.0,891.0,923.0,989.0,1195.0,1540.0,1918.0,2477.0,3223.0,4840.0,8778.0,11681.0,17165.0,18757.0,19264.0,21551.0,25452.0,30274.0,36397.0,30451.0,13082.0,3919.0,655.0,28.0,0.0,0.0,0.0,0.0,0.0,0.0,0.0,0.0,108.0,319.0,488.0,524.0,465.0,530.0,557.0,640.0,651.0,765.0,955.0,1160.0,1212.0,1455.0,1806.0,2138.0,3860.0,5674.0,6076.0,7257.0,10015.0,13697.0,17752.0,19881.0,25143.0,29326.0,36472.0,49114.0,16529.0,1865.0
227,489,236,565,251,636,264,707,290,770,333,822,389,866,448,908,508,922,569,911,629,874,690,834,740,785,770,724,787,654,806,582,823,507,264,458,295,415,347,393,402,390,455,402,575,398,631,383,689,385,741,410,770,457,511,477,510,521,508,564,506,607,452,644,478,650,506,657,535,649,563,644,334,492,366,468,406,470,435,500,403,505,363,504,589,500,620,468,660,466,693,491,663,504,623,505,392,724,434,709,480,702,509,708,539,703,588,711,634,725,591,790,541,814,508,816,476,812,431,786,411,728,479,722,508,726,538,723,616,728,540,779,509,781,478,777,440,0.001697111007902477,18.02250425903256,0.9914043338187472,1048.7463312146629,0.44815094212508666,281.776556385689,4176.962820599609,7.8602678849983345,10.253929762879961,0.0008327855155893067,2.789351597402007,-0.5063357073829657,0.999469485654177,33.0,726.0,2085.0,2027.0,2220.0,2568.0,2616.0,3325.0,5056.0,8019.0,9883.0,10314.0,11784.0,15834.0,21860.0,24638.0,24120.0,27127.0,29712.0,20864.0,11567.0,3747.0,1502.0,271.0,122.0,50.0,3.0,4.0,5.0,1.0,1.0,15.0,2.0,183.0,945.0,1353.0,1471.0,2244.0,2155.0,2471.0,3082.0,5075.0,7991.0,9881.0,10521.0,11141.0,13431.0,18513.0,23379.0,25807.0,29241.0,30678.0,21991.0,15128.0,4493.0,847.0,55.0,5.0,6.0,5.0,3.0,2.0,0.0,0.0,0.0,0.0,6.0,87.0,418.0,694.0,810.0,1018.0,1359.0,1999.0,2523.0,2058.0,2645.0,3977.0,5115.0,6599.0,8316.0,9692.0,11936.0,14748.0,21395.0,26094.0,26103.0,31388.0,28688.0,21782.0,10724.0,1892.0,19.0,8.0,3.0,3.0
315,510,305,569,305,633,318,698,336,764,359,830,377,897,407,960,467,986,545,984,636,951,718,901,789,838,837,758,864,671,878,579,887,489,301,440,325,410,367,411,410,425,449,448,513,447,571,419,638,408,704,417,759,454,472,489,460,544,445,599,431,655,399,670,422,691,455,704,496,690,537,677,342,490,370,475,402,477,435,495,400,493,368,493,582,496,615,479,650,480,687,494,651,500,615,498,380,734,407,728,440,730,469,739,507,733,574,737,647,747,576,812,508,841,467,844,434,837,405,805,397,744,439,755,469,761,506,760,629,752,507,799,469,801,437,790,441,0.0007396989449155876,26.885264763139954,0.994512976945167,2450.1518889465606,0.35383579098890894,289.1682587005726,9773.722291023088,8.420517782180745,11.336788889182564,0.0006200004196051424,3.182829199210136,-0.47290810007242345,0.9995042900360894,658.0,3235.0,6415.0,7058.0,5621.0,6656.0,6410.0,5816.0,6202.0,7822.0,8939.0,9343.0,10610.0,13339.0,22021.0,24502.0,17878.0,21663.0,22086.0,17689.0,13704.0,9618.0,6033.0,3137.0,1322.0,585.0,246.0,56.0,40.0,7.0,0.0,0.0,422.0,1292.0,3970.0,6197.0,4779.0,5423.0,6028.0,6208.0,5217.0,5164.0,5766.0,7454.0,8352.0,8408.0,9205.0,10913.0,13958.0,19431.0,22234.0,19356.0,22242.0,23460.0,18642.0,12737.0,6927.0,3146.0,1187.0,463.0,106.0,24.0,0.0,0.0,0.0,177.0,789.0,1535.0,1588.0,2351.0,3074.0,3733.0,3622.0,3747.0,3973.0,3920.0,3794.0,3979.0,4424.0,5360.0,5974.0,5980.0,6668.0,7560.0,8440.0,9932.0,11952.0,14635.0,18173.0,18007.0,19904.0,17462.0,21487.0,21281.0,17466.0,7724.0
221,484,229,554,240,621,252,689,278,752,325,804,386,848,448,887,515,900,582,887,644,848,701,804,744,750,770,687,781,619,792,552,802,481,265,451,302,420,352,408,405,411,457,426,565,427,615,412,668,407,719,418,758,448,511,480,511,523,512,566,511,609,455,645,482,652,511,659,540,652,567,645,332,490,366,475,402,476,434,498,400,501,364,500,587,497,620,475,655,475,689,488,657,499,621,501,384,714,433,706,479,702,512,708,546,701,593,706,644,712,596,756,547,775,512,779,477,775,431,755,401,718,478,719,512,724,546,719,628,717,547,746,512,749,478,745,442,0.002619206794338292,12.032494282437007,0.9931820201027122,882.409960579007,0.5419541548442937,335.1661748624114,3517.607348033627,7.708314726756901,9.56235408678217,0.0011804475435022803,2.429660387198809,-0.5766132073957361,0.9997548581354357,44.0,324.0,515.0,614.0,636.0,711.0,1230.0,1588.0,2300.0,2650.0,2916.0,4127.0,7029.0,12072.0,14948.0,22959.0,21543.0,22431.0,23489.0,29258.0,19585.0,13406.0,12700.0,3227.0,1.0,1.0,0.0,0.0,1.0,0.0,0.0,0.0,14.0,166.0,298.0,518.0,622.0,556.0,653.0,723.0,1168.0,1435.0,1825.0,2442.0,2810.0,3056.0,4414.0,7205.0,11934.0,17282.0,26035.0,25080.0,24170.0,28378.0,22270.0,19736.0,13194.0,4308.0,13.0,0.0,0.0,0.0,0.0,0.0,1.0,9.0,109.0,159.0,186.0,333.0,434.0,513.0,486.0,502.0,496.0,511.0,522.0,501.0,566.0,805.0,1157.0,1673.0,2324.0,3786.0,5394.0,9125.0,11812.0,15599.0,27321.0,33643.0,34892.0,23166.0,20784.0,12974.0,8896.0,1626.0
188,550,191,621,196,692,199,765,218,832,267,878,342,906,426,922,515,931,603,924,678,901,737,865,770,810,782,744,787,679,793,614,796,548,259,445,295,396,353,374,417,375,476,395,556,401,610,379,670,377,725,399,756,449,514,454,515,488,516,520,518,555,452,615,483,624,515,631,546,626,576,619,333,489,365,468,400,465,437,484,402,491,366,494,585,487,623,467,659,471,687,495,657,499,620,494,392,733,445,700,487,680,516,689,543,681,583,704,629,743,582,746,543,745,515,746,486,744,445,741,414,730,486,713,515,717,542,716,610,739,542,714,514,715,486,712,443,0.0008072549412066798,17.36640453748048,0.9927477087660868,1197.57196024203,0.3163097907227686,209.5923273857152,4772.921436430632,7.931439643896622,10.852554251702355,0.0005751831393023613,3.0820254924122326,-0.4361319128116131,0.998707036470011,608.0,5802.0,9065.0,13706.0,14259.0,12942.0,15638.0,16023.0,16601.0,25156.0,36263.0,35121.0,28824.0,29092.0,20644.0,6645.0,929.0,135.0,73.0,62.0,50.0,7.0,1.0,0.0,0.0,0.0,2.0,1.0,1.0,0.0,0.0,1.0,175.0,4053.0,5742.0,6157.0,10005.0,12718.0,11448.0,11041.0,13616.0,15488.0,16080.0,21586.0,28908.0,37134.0,32106.0,29267.0,23482.0,7155.0,1223.0,131.0,66.0,58.0,7.0,0.0,0.0,0.0,3.0,0.0,1.0,0.0,0.0,1.0,0.0,98.0,1660.0,4023.0,2844.0,2743.0,2847.0,3945.0,6268.0,8097.0,8847.0,8353.0,7047.0,7669.0,10120.0,12194.0,13846.0,20273.0,23146.0,25147.0,27805.0,28521.0,24825.0,23322.0,12328.0,1626.0,52.0,3.0,0.0,1.0,0.0,1.0
212,509,218,582,228,651,240,723,267,789,313,848,374,894,443,929,516,941,587,924,649,888,705,843,747,788,767,722,774,653,781,584,787,512,267,451,306,416,360,402,414,405,466,423,567,421,614,403,667,403,715,419,747,455,517,475,518,524,519,574,520,624,456,657,486,667,518,677,549,667,577,657,336,493,368,478,402,479,437,499,401,499,367,498,590,497,624,478,657,478,688,494,657,498,625,497,365,722,424,712,478,708,516,714,553,708,603,713,656,722,606,777,554,803,514,807,474,804,419,778,382,728,478,726,516,730,553,727,639,728,553,769,514,774,476,770,444,0.0009885083496172958,19.127246124747984,0.9919991289985174,1195.2379190108431,0.39459782747826017,239.34726390890916,4761.824429918615,8.075920666229077,10.754719223002366,0.0008793284835412615,2.9228601979716347,-0.4812202223063054,0.9993777054758091,109.0,862.0,1865.0,2880.0,4866.0,7808.0,8256.0,9519.0,14128.0,19303.0,19823.0,18291.0,25140.0,25910.0,21604.0,22214.0,15305.0,10907.0,7375.0,5502.0,3643.0,824.0,174.0,14.0,4.0,1.0,0.0,0.0,0.0,0.0,0.0,0.0,20.0,545.0,1157.0,1729.0,2665.0,3721.0,6404.0,7961.0,8724.0,13932.0,21273.0,17889.0,15707.0,19530.0,23904.0,21529.0,20832.0,20959.0,15355.0,12042.0,6827.0,2810.0,619.0,168.0,22.0,3.0,0.0,0.0,0.0,0.0,0.0,0.0,0.0,5.0,202.0,642.0,833.0,1106.0,1174.0,1420.0,2199.0,3062.0,5212.0,7176.0,13960.0,15025.0,12556.0,10936.0,11284.0,13867.0,19517.0,20006.0,16071.0,15563.0,18023.0,16793.0,14243.0,13467.0,9508.0,2342.0,133.0,2.0,0.0,0.0
217,457,226,538,243,617,257,695,282,767,326,831,380,885,444,931,515,947,587,931,650,883,705,828,748,762,771,689,781,612,795,536,802,457,265,433,308,407,361,406,412,417,460,440,567,445,615,425,665,415,716,414,757,439,515,490,516,546,517,604,518,661,464,677,489,690,519,702,547,689,572,676,331,486,364,466,405,469,438,498,399,504,360,503,587,500,620,469,661,467,694,488,664,504,625,505,393,739,440,729,484,725,518,733,551,725,593,727,637,735,596,790,553,817,517,822,480,817,436,791,412,744,483,745,518,749,551,745,617,742,552,777,517,782,482,778,445,0.0016811795156132297,25.36545553234786,0.9924077308538909,1671.018744959264,0.48193753438124143,333.297501804018,6658.709524304722,8.108060153062414,10.388741085060447,0.0009380144432487887,2.7745076819644154,-0.5395944717143144,0.9997417541653315,2767.0,2029.0,2017.0,2384.0,3153.0,3716.0,4195.0,4572.0,5510.0,8187.0,10335.0,10211.0,11963.0,14233.0,17823.0,22472.0,17964.0,13647.0,16332.0,17601.0,13749.0,10537.0,9431.0,6748.0,3412.0,66.0,2.0,3.0,2.0,1.0,3.0,0.0,658.0,1290.0,1381.0,1084.0,1184.0,1312.0,1470.0,1703.0,1985.0,2639.0,3067.0,3891.0,4203.0,4835.0,6237.0,9880.0,10288.0,12039.0,14144.0,18259.0,24311.0,22181.0,19540.0,21681.0,20107.0,14038.0,10099.0,1558.0,1.0,0.0,0.0,0.0,21.0,136.0,330.0,641.0,857.0,834.0,804.0,800.0,756.0,913.0,989.0,1149.0,1349.0,1401.0,1670.0,1920.0,2220.0,2380.0,2955.0,4245.0,5465.0,6730.0,8530.0,10189.0,14492.0,19751.0,29595.0,29269.0,28369.0,32667.0,19707.0,3931.0
162,556,166,630,173,702,190,773,224,837,278,888,351,922,431,941,518,949,596,940,655,911,701,866,728,810,742,743,748,678,750,612,748,547,254,456,292,407,351,382,417,383,478,401,553,402,605,386,661,387,711,409,731,460,522,464,527,502,533,539,539,578,463,643,496,649,530,654,559,649,585,643,321,485,357,460,396,459,428,488,393,490,354,491,585,492,622,464,659,465,685,494,658,500,621,497,416,769,459,729,501,709,530,715,555,710,590,731,617,775,588,790,556,795,527,796,497,794,459,786,435,764,500,733,529,735,555,735,602,768,555,767,528,769,499,766,446,0.000577634312266353,55.183793945572546,0.9773802432692136,1219.8727987634811,0.2517763086556741,290.96765390932694,4824.30740110837,8.122862707424085,11.554462122348335,0.00042934333836683363,3.5855571378158286,-0.37962916583301176,0.997544435936714,10.0,118.0,314.0,449.0,992.0,2034.0,3903.0,6440.0,9230.0,12162.0,15404.0,19262.0,25424.0,29338.0,27406.0,27412.0,22998.0,17418.0,15209.0,13707.0,10125.0,5853.0,3754.0,2413.0,1741.0,1108.0,777.0,583.0,610.0,494.0,524.0,736.0,11.0,98.0,220.0,311.0,562.0,1243.0,2109.0,2704.0,3685.0,4402.0,6176.0,7963.0,10560.0,12877.0,16619.0,21591.0,27454.0,30184.0,27745.0,25592.0,19399.0,16086.0,13894.0,10442.0,5918.0,3357.0,2083.0,1247.0,845.0,767.0,568.0,1236.0,2.0,58.0,92.0,157.0,308.0,739.0,1228.0,1244.0,1726.0,2149.0,2382.0,2711.0,3436.0,5123.0,6331.0,6884.0,8689.0,11852.0,15991.0,20269.0,28824.0,36009.0,31169.0,25405.0,20232.0,17742.0,12044.0,6936.0,3491.0,1988.0,1280.0,1457.0
115,520,127,614,137,706,160,789,214,858,288,909,375,948,462,981,546,990,611,973,643,915,664,848,678,777,687,709,697,646,697,584,686,526,282,440,327,400,387,375,454,374,513,395,576,412,612,401,649,401,679,419,687,455,553,469,566,511,581,553,597,596,506,648,538,660,573,669,598,662,617,649,356,479,390,463,423,461,452,482,423,487,390,487,578,496,609,483,639,487,656,511,634,515,606,507,441,765,500,732,547,716,574,726,595,719,617,738,621,776,611,804,591,814,569,814,539,809,496,795,465,764,544,744,572,747,592,748,606,769,591,777,571,779,542,775,447,0.0005931535451970491,54.48385736712889,0.9739627849830501,1046.3176616372807,0.23857062983491245,243.83669212381614,4130.786789181999,7.949778387745004,11.485743841042897,0.0004270578036030064,3.692671545114801,-0.3497532894021371,0.9957246229221249,1276.0,1772.0,3176.0,4960.0,5869.0,6812.0,8811.0,13552.0,22324.0,31653.0,34352.0,34929.0,32937.0,25719.0,20704.0,14692.0,7718.0,3307.0,1734.0,1026.0,815.0,526.0,302.0,147.0,7.0,4.0,0.0,1.0,1.0,0.0,0.0,0.0,355.0,1244.0,1331.0,2742.0,3926.0,4683.0,4321.0,4931.0,6223.0,8477.0,11978.0,17805.0,25649.0,30993.0,34042.0,35315.0,30568.0,21432.0,14563.0,9551.0,4570.0,1831.0,1101.0,858.0,476.0,151.0,7.0,1.0,2.0,0.0,0.0,0.0,20.0,186.0,426.0,641.0,1436.0,2187.0,2770.0,2687.0,2546.0,2426.0,2713.0,3397.0,4439.0,5917.0,8011.0,10198.0,13211.0,17867.0,23400.0,28453.0,28553.0,27556.0,26046.0,22531.0,16070.0,13144.0,6673.0,2189.0,1628.0,1138.0,635.0,32.0
130,479,139,571,152,661,179,746,227,820,293,883,369,933,446,974,523,981,591,960,643,902,691,841,728,773,750,700,763,626,767,553,764,482,253,456,303,421,366,408,430,415,489,438,573,439,620,415,672,402,722,410,748,451,536,482,543,538,550,593,558,650,470,673,507,685,545,697,577,685,604,669,329,493,363,473,401,472,434,495,399,499,362,499,594,492,625,466,661,462,693,480,664,491,629,492,372,754,431,737,493,732,533,738,566,729,607,731,638,746,606,804,568,834,531,842,489,839,428,811,388,756,493,750,533,754,567,748,621,751,566,792,531,801,491,799,448,0.001126938732808332,21.346848717737668,0.9833817785988556,642.3496162491347,0.32951874931102637,267.17007108667235,2548.051616278801,7.6297740180099325,10.522441524928087,0.0005938845870002497,3.0945468787361072,-0.4144758403826925,0.9977490806572509,40.0,139.0,408.0,673.0,1311.0,2071.0,3232.0,5155.0,9694.0,18113.0,28285.0,27293.0,30650.0,34795.0,33910.0,33050.0,25386.0,12521.0,5735.0,2586.0,1189.0,795.0,276.0,66.0,19.0,8.0,6.0,10.0,2.0,5.0,7.0,4.0,39.0,65.0,148.0,452.0,630.0,1025.0,1620.0,2384.0,3595.0,5194.0,9178.0,15319.0,24586.0,27990.0,28833.0,33366.0,38962.0,38279.0,25937.0,11254.0,5113.0,1421.0,806.0,827.0,270.0,97.0,15.0,7.0,5.0,6.0,3.0,8.0,0.0,6.0,32.0,68.0,193.0,334.0,436.0,532.0,918.0,1243.0,1553.0,1719.0,2073.0,2738.0,3267.0,5138.0,8131.0,14251.0,21924.0,25273.0,25860.0,29328.0,35059.0,34398.0,27555.0,20364.0,11915.0,3045.0,68.0,5.0,1.0,7.0
256,490,262,560,276,631,290,701,317,766,355,825,404,875,453,913,515,930,588,923,661,897,734,856,790,801,828,732,849,654,862,573,870,489,276,436,304,400,350,385,402,384,454,396,534,395,597,378,662,374,724,388,775,424,490,468,487,501,483,535,478,570,440,630,462,636,485,638,513,636,540,632,335,492,365,475,402,470,435,490,402,504,364,505,584,488,619,467,660,469,699,482,663,500,620,500,414,758,433,714,461,688,482,693,506,687,550,712,590,752,554,794,515,810,489,812,464,808,437,792,433,753,463,721,484,721,508,720,570,749,511,766,487,768,465,766,449,0.0018293301086620133,9.852487496355657,0.9966182266938033,1456.9195310316982,0.5285584838408545,290.4067724123271,5817.825636630438,8.07630950551998,10.065612828457194,0.0010965374824289929,2.46736481905502,-0.5803054906989175,0.999852497860824,1667.0,3603.0,3606.0,3219.0,2682.0,3032.0,4247.0,6260.0,9347.0,11540.0,18950.0,32269.0,26857.0,21872.0,19412.0,17518.0,17588.0,15728.0,12920.0,14134.0,9376.0,7906.0,1989.0,149.0,97.0,109.0,74.0,28.0,18.0,0.0,0.0,0.0,606.0,1925.0,2966.0,2953.0,2665.0,2534.0,2292.0,2703.0,3569.0,4520.0,6463.0,8132.0,10155.0,17096.0,28164.0,21607.0,20730.0,21499.0,19778.0,18752.0,21202.0,16087.0,16910.0,8455.0,4302.0,63.0,47.0,22.0,0.0,0.0,0.0,0.0,0.0,7.0,246.0,556.0,1023.0,1504.0,1521.0,1395.0,1094.0,1028.0,1247.0,1457.0,1814.0,1361.0,1622.0,2164.0,2453.0,3093.0,5264.0,7881.0,12106.0,19282.0,22658.0,25528.0,24062.0,23758.0,29554.0,30500.0,27940.0,13699.0,380.0,0.0
220,490,224,564,234,637,247,708,275,774,322,832,378,885,445,925,524,935,600,917,646,865,680,806,707,746,722,684,732,623,738,561,738,498,274,440,314,402,369,390,425,398,480,414,574,412,621,397,668,389,714,403,734,446,528,476,533,515,539,555,545,597,464,637,501,644,537,652,567,643,595,636,335,491,366,471,406,471,439,494,403,504,364,506,586,495,620,470,658,469,684,488,661,505,623,504,407,745,451,722,501,710,532,718,560,709,597,720,626,740,599,791,563,815,532,820,499,819,449,797,427,748,501,749,532,751,560,747,605,746,561,757,532,763,501,761,45,0.0004452841964480363,83.9011129454766,0.9718631907882691,1491.374032175585,0.2462942724311496,213.2794172942037,5881.595015756877,8.277553275843125,12.002405933244088,0.0003809244052250158,3.896309280320967,-0.35327138430128086,0.9968509174144452,46.0,1008.0,3359.0,7411.0,11928.0,18346.0,22202.0,25911.0,26347.0,22562.0,19333.0,15450.0,11860.0,9187.0,6974.0,5342.0,4181.0,3323.0,2623.0,1940.0,1388.0,1002.0,804.0,462.0,329.0,314.0,315.0,142.0,74.0,51.0,22.0,26.0,12.0,706.0,2317.0,4592.0,6622.0,7879.0,9969.0,11717.0,13050.0,15163.0,17427.0,18548.0,21121.0,20483.0,18967.0,16014.0,12130.0,7940.0,5781.0,4147.0,3148.0,2164.0,1503.0,1005.0,638.0,435.0,353.0,289.0,92.0,28.0,17.0,5.0,3.0,498.0,1693.0,2650.0,3280.0,4090.0,4563.0,4692.0,5368.0,6364.0,5915.0,6710.0,7510.0,8739.0,9359.0,10391.0,11591.0,13004.0,14162.0,15142.0,15013.0,15622.0,14650.0,14076.0,11651.0,8169.0,4689.0,2417.0,1291.0,605.0,210.0,145.0
199,490,200,569,206,647,220,722,256,791,309,849,372,899,441,938,509,951,572,933,626,887,677,832,719,770,747,700,763,626,775,550,778,474,275,445,319,419,370,416,420,424,464,446,572,441,616,421,662,411,708,413,744,438,520,495,523,554,527,611,529,671,453,680,488,692,523,704,557,691,585,676,332,491,368,474,405,474,436,502,402,503,366,501,587,496,619,469,654,466,685,481,657,493,622,496,366,733,420,729,477,729,514,735,551,726,598,723,642,723,601,789,555,822,516,830,475,826,418,798,380,738,477,744,515,750,551,741,626,729,553,788,515,796,476,793,450,0.003042921084096037,24.319483709533298,0.9883999566989522,1048.5413664666858,0.4796798463807492,352.18125172490556,4169.845982157218,7.486739789275301,9.754456594807733,0.000912081081071899,2.7652721301140604,-0.4979960269303249,0.9991433082168231,0.0,2.0,89.0,381.0,928.0,1522.0,1762.0,1754.0,1629.0,1522.0,1605.0,1888.0,2014.0,2298.0,2980.0,3832.0,5391.0,7094.0,10524.0,14253.0,17380.0,24210.0,34988.0,42265.0,32809.0,17905.0,3989.0,931.0,960.0,1286.0,97.0,0.0,0.0,19.0,169.0,556.0,867.0,1212.0,1522.0,1537.0,1603.0,1841.0,1902.0,1993.0,2159.0,2434.0,2794.0,3932.0,5423.0,8305.0,12474.0,16668.0,22651.0,34846.0,42218.0,40562.0,21760.0,4769.0,1252.0,1057.0,1481.0,280.0,2.0,0.0,5.0,3.0,66.0,203.0,432.0,490.0,620.0,867.0,1158.0,1477.0,1518.0,1265.0,1324.0,1293.0,1248.0,1533.0,1718.0,1897.0,2236.0,2922.0,3442.0,4385.0,7016.0,11277.0,23450.0,35292.0,53721.0,61320.0,15925.0,182.0,3.0,0.0
245,509,245,577,248,648,258,721,285,789,326,850,379,904,442,946,521,960,601,947,667,908,723,856,770,796,796,725,802,647,803,572,803,497,272,454,301,410,352,391,406,396,458,410,558,413,610,392,665,383,718,402,754,444,507,477,506,516,505,553,504,593,432,631,467,639,506,648,545,636,582,629,333,496,365,480,400,480,434,500,399,505,363,504,589,498,624,477,659,476,689,491,661,501,626,502,371,722,416,699,470,690,509,697,551,689,611,696,666,717,617,782,557,812,513,818,471,814,417,786,391,726,470,717,510,721,552,716,649,721,555,773,512,779,471,772,451,0.0009386096757082168,54.78945181343573,0.9688656956714468,879.9525324961744,0.2673557527740368,150.24933550569227,3465.0206781712604,7.651011237633491,11.109378907592644,0.00042592348077317266,3.676955318185936,-0.3332206544517741,0.993462760555234,2042.0,7165.0,28336.0,67491.0,51078.0,32327.0,23294.0,14837.0,9200.0,6488.0,4530.0,2884.0,1746.0,1047.0,778.0,691.0,590.0,651.0,672.0,756.0,832.0,661.0,767.0,865.0,580.0,424.0,201.0,46.0,16.0,7.0,6.0,0.0,333.0,2434.0,3805.0,6428.0,16113.0,44797.0,49264.0,39306.0,29075.0,22908.0,15661.0,9271.0,6108.0,3843.0,2179.0,1230.0,783.0,660.0,514.0,414.0,486.0,613.0,820.0,666.0,758.0,893.0,886.0,519.0,179.0,47.0,8.0,7.0,35.0,682.0,1938.0,1731.0,1923.0,2449.0,4059.0,4963.0,8562.0,13474.0,19416.0,23133.0,25178.0,26787.0,26878.0,24594.0,21255.0,16791.0,12159.0,7881.0,5280.0,2968.0,1645.0,1140.0,1130.0,1037.0,1072.0,1422.0,1110.0,262.0,46.0,8.0
106,533,119,624,137,713,162,796,211,868,282,924,367,964,454,987,536,990,606,970,654,923,692,865,722,804,737,734,741,662,738,593,730,528,246,453,295,412,357,388,422,387,481,407,584,409,625,391,668,390,707,407,726,447,541,474,553,524,566,572,578,622,481,657,520,666,558,676,587,667,610,654,322,496,359,474,394,473,428,495,394,495,359,496,587,494,620,472,653,471,680,491,654,493,622,493,363,752,438,726,504,719,546,725,581,718,620,724,647,745,619,798,581,821,542,827,499,825,432,807,381,753,503,737,544,741,581,737,632,748,579,790,542,797,500,797,452,0.0024075526261058923,12.021881669248474,0.9888798914529714,540.5826511198075,0.4689325192908457,281.50704781173715,2150.3087228099757,7.391406267492118,9.64126729153549,0.0008685272361164975,2.6047501194302702,-0.4927358008916381,0.9989837893007393,2.0,12.0,70.0,358.0,784.0,1201.0,1899.0,2758.0,3837.0,4520.0,6404.0,12276.0,19213.0,28607.0,36738.0,48865.0,51879.0,48899.0,25254.0,7687.0,1656.0,679.0,873.0,462.0,65.0,12.0,9.0,1.0,0.0,1.0,0.0,2.0,4.0,13.0,58.0,397.0,867.0,1104.0,1423.0,2278.0,3349.0,3814.0,4592.0,5738.0,10265.0,17999.0,30434.0,43892.0,47749.0,40909.0,35007.0,32913.0,17511.0,2414.0,822.0,765.0,627.0,57.0,13.0,6.0,0.0,1.0,0.0,2.0,0.0,0.0,0.0,3.0,31.0,180.0,447.0,630.0,912.0,1076.0,1140.0,1785.0,2044.0,2681.0,3644.0,4187.0,6421.0,9600.0,16160.0,28927.0,36250.0,40075.0,48435.0,56752.0,32306.0,11103.0,190.0,36.0,5.0,1.0,0.0,2.0
224,452,231,529,245,605,265,673,301,731,352,779,406,815,459,849,513,860,566,850,619,815,676,781,729,734,763,675,781,606,793,529,800,452,273,440,314,411,365,409,417,421,465,439,557,438,605,418,656,405,709,408,751,438,511,491,512,531,512,571,512,612,456,639,483,644,511,650,539,643,568,638,336,489,370,475,407,476,436,503,403,508,366,505,588,502,616,476,653,472,688,486,659,504,621,508,400,699,444,693,485,685,510,692,536,685,578,692,622,701,582,750,540,773,512,776,484,772,443,748,418,703,486,703,511,707,538,704,607,704,538,734,511,738,485,733,453,0.0005608602675406025,25.291719620302796,0.9943333602409336,2231.527927134378,0.3313686174460169,294.8915386966366,8900.819988917217,8.503272685922564,11.437869606470592,0.0005940089082861703,3.1892619597471823,-0.4763771764786225,0.9995512946384973,597.0,1767.0,2359.0,3101.0,5804.0,9682.0,13023.0,17249.0,17440.0,15877.0,14450.0,11700.0,9977.0,10477.0,10123.0,7636.0,6696.0,6226.0,5635.0,5141.0,4575.0,3518.0,3140.0,2141.0,2013.0,1594.0,818.0,685.0,344.0,15.0,0.0,0.0,124.0,922.0,1428.0,2120.0,1652.0,1434.0,2082.0,2485.0,3410.0,5240.0,8519.0,11313.0,12238.0,13473.0,12512.0,12415.0,12113.0,11347.0,10198.0,9349.0,7841.0,6931.0,6659.0,6623.0,6450.0,7230.0,6938.0,5241.0,3873.0,1585.0,58.0,0.0,3.0,71.0,448.0,788.0,1105.0,1134.0,898.0,657.0,678.0,768.0,761.0,775.0,927.0,1348.0,2188.0,3269.0,4292.0,5192.0,7207.0,8985.0,11550.0,13048.0,11406.0,11683.0,12649.0,12815.0,12397.0,10056.0,8536.0,9019.0,10107.0,29043.0
225,453,228,528,242,604,259,675,290,743,338,804,393,856,454,898,515,909,571,896,620,853,665,804,705,748,732,683,749,616,758,545,754,475,276,415,318,391,371,384,422,396,468,418,571,419,608,403,649,392,690,389,728,404,518,483,519,541,520,599,522,657,467,680,493,687,520,695,544,686,566,677,334,479,368,460,407,465,438,496,401,499,363,496,591,499,619,467,656,465,689,481,662,498,624,502,422,761,457,745,494,733,518,743,542,733,570,744,600,758,571,790,544,807,518,811,491,809,457,793,439,763,491,762,518,765,542,761,584,760,543,764,519,768,493,765,454,0.0017269755863462502,19.574908794771957,0.9960255944957892,2464.2313439483505,0.5012013021524876,354.0145876796316,9837.350466998683,8.364575673592002,10.51363880399313,0.000870518559071391,2.751652627207847,-0.5751625699447407,0.9998853143091332,120.0,486.0,1229.0,2175.0,2936.0,2987.0,3325.0,3439.0,3389.0,3385.0,3730.0,4540.0,4699.0,4693.0,5362.0,6149.0,7996.0,10769.0,12667.0,12775.0,11902.0,12481.0,13623.0,17903.0,17495.0,14731.0,10253.0,7569.0,3789.0,2205.0,2341.0,37.0,197.0,408.0,854.0,1702.0,2444.0,2803.0,2897.0,2927.0,3474.0,3680.0,3429.0,3672.0,3919.0,3882.0,3832.0,4142.0,4732.0,6038.0,7170.0,9845.0,13328.0,13649.0,13407.0,14309.0,17364.0,22772.0,16653.0,10770.0,7600.0,5543.0,3355.0,383.0,4.0,50.0,126.0,311.0,517.0,768.0,1063.0,1177.0,1399.0,1668.0,1757.0,1981.0,2171.0,2046.0,2064.0,2281.0,2452.0,2834.0,3075.0,3453.0,3592.0,4022.0,4879.0,6503.0,9910.0,15130.0,16848.0,18366.0,23958.0,26177.0,27201.0,23397.0
199,516,199,594,207,675,223,754,255,823,306,880,375,925,448,959,524,967,594,948,657,903,707,849,746,786,768,718,779,647,786,574,785,502,267,453,302,421,351,405,405,410,453,426,569,424,611,406,659,400,705,415,735,447,517,475,519,520,522,563,524,609,459,645,489,654,522,664,554,655,583,647,334,493,367,480,399,479,433,495,401,496,367,497,594,496,626,482,658,482,686,494,659,500,626,499,376,734,426,709,480,702,518,711,558,704,609,712,653,735,612,800,559,826,517,832,476,827,423,802,390,737,480,725,518,730,559,726,637,738,559,790,517,794,477,790,455,0.0006349883271909687,47.15707800226604,0.9905385911445075,2492.6502298543573,0.3429847788894702,258.48328287591124,9923.443841415166,8.501565798095886,11.54158659461168,0.000578975965605246,3.287418310407462,-0.4625116994877628,0.999455434894569,989.0,6116.0,11621.0,10204.0,10324.0,11766.0,14429.0,18196.0,17910.0,13337.0,11424.0,10843.0,12361.0,14416.0,18025.0,22033.0,21360.0,16329.0,9258.0,4084.0,2637.0,1780.0,1432.0,1150.0,1081.0,832.0,645.0,276.0,119.0,73.0,25.0,22.0,312.0,1481.0,4637.0,6808.0,6705.0,6392.0,8033.0,9041.0,9886.0,11994.0,13268.0,15426.0,14473.0,12375.0,11270.0,10236.0,10878.0,11838.0,15850.0,20257.0,23969.0,19417.0,10517.0,2861.0,1770.0,1457.0,1247.0,1149.0,877.0,485.0,121.0,67.0,154.0,675.0,922.0,2622.0,3786.0,3840.0,3903.0,3116.0,3154.0,3517.0,3770.0,4685.0,5453.0,6285.0,7951.0,9829.0,10845.0,11827.0,10911.0,10128.0,9163.0,8669.0,9070.0,9986.0,12380.0,16164.0,20543.0,27060.0,25701.0,14045.0,3530.0,1413.0
245,515,246,588,253,660,266,734,291,798,334,854,386,903,445,945,516,959,589,948,657,907,716,860,764,800,794,727,810,648,822,568,826,489,289,428,319,389,366,375,413,384,457,407,549,409,596,384,650,375,705,390,747,424,498,478,497,530,496,580,495,632,442,670,469,680,497,688,527,680,555,672,335,491,367,471,404,471,436,497,402,504,365,503,583,496,620,471,657,469,689,487,659,501,621,501,391,762,429,736,468,723,498,730,529,723,578,736,629,756,580,799,533,819,499,822,466,818,430,800,410,763,467,752,497,754,529,753,611,757,531,780,498,784,467,781,456,0.0019194590967883665,12.500182837946596,0.9952259737866342,1309.208701224156,0.41866897634563,204.15559157825652,5224.334622058674,7.798916047981276,10.26967555336128,0.0007605502938930497,2.7759759979978993,-0.4905698838012448,0.9993052500615979,78.0,376.0,1658.0,2797.0,3784.0,6447.0,13803.0,26407.0,51900.0,54703.0,35345.0,20951.0,6968.0,5385.0,3870.0,3485.0,3131.0,3650.0,3689.0,3238.0,2326.0,1678.0,1234.0,1069.0,1180.0,1124.0,1090.0,1045.0,882.0,615.0,473.0,419.0,53.0,262.0,976.0,2413.0,2863.0,3444.0,5901.0,11927.0,17887.0,32069.0,48874.0,44025.0,35206.0,17045.0,6199.0,3959.0,3059.0,3060.0,3139.0,3395.0,3218.0,2692.0,2238.0,1812.0,1345.0,1211.0,1290.0,1314.0,1249.0,1222.0,816.0,637.0,5.0,110.0,285.0,1402.0,1683.0,1846.0,2018.0,2405.0,3153.0,5308.0,8390.0,15655.0,27370.0,31894.0,36468.0,37083.0,30127.0,17224.0,8655.0,3329.0,2703.0,2746.0,2834.0,3228.0,3258.0,2708.0,2391.0,1887.0,1798.0,1814.0,2409.0,2614.0
140,459,146,551,160,639,183,726,229,802,295,864,370,911,450,945,523,948,579,920,616,859,655,799,689,739,713,674,729,613,730,550,720,485,254,429,306,402,367,390,428,398,482,422,592,419,628,397,668,386,706,383,732,409,542,490,548,539,556,589,564,640,471,669,509,676,547,685,578,675,604,661,322,488,362,469,404,471,443,501,401,507,358,506,586,497,619,463,657,460,688,477,663,495,625,499,368,734,437,724,499,717,535,722,566,715,598,718,624,726,597,790,567,825,533,835,494,833,431,805,385,739,498,739,534,740,565,735,605,733,566,778,534,787,497,787,457,0.0007956145541847546,32.90166173656301,0.9848737330813047,1087.874159159756,0.3117663524744106,246.73801670577222,4318.594974902468,7.991666702191516,11.089399681747468,0.0005607831239247507,3.2873612458333374,-0.4155125465911741,0.9983572100822901,27.0,148.0,753.0,4170.0,7922.0,10205.0,16157.0,25737.0,35542.0,36318.0,35242.0,25704.0,18833.0,13823.0,8957.0,4196.0,2119.0,1038.0,763.0,656.0,616.0,598.0,507.0,431.0,499.0,326.0,93.0,3.0,2.0,1.0,0.0,0.0,2.0,11.0,198.0,1008.0,3603.0,5136.0,4788.0,4740.0,5811.0,7569.0,10605.0,15762.0,21313.0,26675.0,28078.0,29519.0,24829.0,23744.0,16777.0,11054.0,4215.0,1346.0,775.0,613.0,460.0,633.0,702.0,721.0,639.0,59.0,1.0,0.0,0.0,0.0,5.0,215.0,1155.0,2452.0,3166.0,3194.0,3255.0,2904.0,3033.0,3787.0,4423.0,5063.0,6465.0,8110.0,11940.0,14782.0,17246.0,20926.0,22364.0,21594.0,20520.0,20335.0,20703.0,18118.0,9859.0,3504.0,1604.0,631.0,31.0,2.0
226,500,234,576,245,649,256,724,280,796,325,859,381,915,447,961,521,974,595,961,661,915,714,858,756,790,781,716,794,640,805,566,811,490,272,463,302,416,357,400,413,408,464,430,550,430,603,408,660,399,715,414,750,457,510,475,510,527,510,580,510,634,450,658,479,668,511,679,543,668,574,658,335,489,367,474,400,473,431,489,399,491,366,492,591,489,624,473,657,473,688,489,657,492,624,491,385,740,426,718,472,711,511,718,551,712,599,720,644,741,603,793,555,824,512,830,469,823,424,791,400,744,471,732,511,736,551,733,630,744,553,784,512,790,471,783,458,0.0011598763647755579,27.949774341459097,0.9872885896228107,1099.720493179876,0.34288511280713624,361.9592115854708,4370.932198378054,7.84412479948741,10.714501840664646,0.0006245842242521623,3.165292021578235,-0.4356748861112224,0.9985786386443782,47.0,139.0,355.0,713.0,1140.0,1489.0,1679.0,2014.0,2437.0,3501.0,5080.0,6526.0,8540.0,9348.0,11233.0,14944.0,17786.0,23259.0,22168.0,22896.0,23304.0,22845.0,19827.0,14515.0,9991.0,7711.0,2434.0,854.0,190.0,10.0,0.0,0.0,0.0,48.0,109.0,319.0,495.0,714.0,1029.0,1211.0,1289.0,1472.0,1981.0,2244.0,2653.0,3472.0,4679.0,6047.0,8118.0,9701.0,11619.0,16195.0,21425.0,28195.0,30959.0,30736.0,30378.0,21429.0,13962.0,3993.0,1120.0,1037.0,346.0,0.0,0.0,0.0,1.0,19.0,36.0,196.0,375.0,385.0,416.0,464.0,487.0,615.0,736.0,909.0,1149.0,1523.0,1861.0,1990.0,2511.0,2978.0,3957.0,5000.0,6582.0,8251.0,10080.0,15129.0,24643.0,35473.0,42261.0,46747.0,30496.0,11705.0
72,504,79,597,87,689,110,779,169,854,255,907,354,940,450,962,533,963,594,938,628,881,658,822,681,757,697,691,709,625,708,559,699,496,269,455,323,424,384,405,449,406,510,426,584,423,619,405,656,395,689,396,707,423,549,480,563,526,577,572,592,618,494,664,528,672,561,677,587,670,609,656,341,487,381,470,418,465,444,490,414,496,379,495,584,487,616,464,649,460,667,479,649,493,617,493,402,765,466,749,520,737,549,745,572,736,595,745,611,765,591,794,568,811,544,816,513,814,462,800,422,767,518,758,548,759,569,756,597,765,570,776,548,781,517,780,459,0.0010081494180933866,32.834605048747804,0.9867873408652681,1242.6447349253276,0.3529569634563374,339.85528793433326,4937.744334652547,8.017615927608013,10.914644112605938,0.0006048759917596394,3.1639764371314922,-0.44604175953501846,0.9989494354352041,246.0,478.0,653.0,865.0,1143.0,1458.0,2054.0,2446.0,2871.0,3367.0,4103.0,8708.0,12601.0,13482.0,13762.0,21566.0,34801.0,33262.0,23434.0,17938.0,16166.0,12832.0,10412.0,11788.0,13116.0,11560.0,6024.0,3060.0,625.0,74.0,46.0,18.0,65.0,280.0,485.0,618.0,687.0,845.0,943.0,1377.0,1780.0,2166.0,2724.0,2943.0,3052.0,3720.0,5432.0,8422.0,12864.0,15015.0,16981.0,27714.0,39115.0,36521.0,22596.0,19278.0,15939.0,16360.0,13839.0,9043.0,3810.0,272.0,63.0,10.0,21.0,48.0,151.0,271.0,400.0,446.0,531.0,515.0,585.0,663.0,949.0,1387.0,1778.0,2116.0,2396.0,2996.0,3346.0,4180.0,5773.0,9115.0,13224.0,13321.0,16084.0,28559.0,42868.0,32137.0,26316.0,27118.0,22806.0,16033.0,8218.0,608.0
218,507,223,580,233,651,245,725,268,796,311,858,368,911,435,951,514,962,592,948,653,905,706,852,748,793,770,722,780,649,791,577,797,505,262,452,298,408,355,391,412,394,470,411,560,413,616,397,672,394,725,409,757,452,513,473,515,523,516,573,517,625,453,656,484,662,516,672,547,661,578,653,331,489,361,469,400,470,436,493,399,500,360,501,590,492,621,470,660,470,691,489,662,501,623,500,376,731,422,710,473,701,514,707,553,700,600,707,644,726,604,778,559,806,517,812,474,808,422,782,395,736,473,726,515,729,554,724,626,733,556,768,516,776,474,770,46,0.0007884404695017635,46.8852896675763,0.9774852068179148,1041.369390684686,0.30872620799826084,241.3729480301952,4118.592273071168,7.969730340025437,11.216876206205646,0.0005006833146595376,3.4631920332517327,-0.39269943347069775,0.9977276946348992,326.0,1160.0,1971.0,3009.0,3681.0,4254.0,5247.0,7652.0,10005.0,14074.0,18998.0,24408.0,28382.0,30476.0,30457.0,24679.0,21676.0,16307.0,8495.0,3479.0,1145.0,900.0,674.0,299.0,109.0,49.0,17.0,7.0,2.0,4.0,3.0,4.0,241.0,789.0,1602.0,2477.0,3509.0,4150.0,4661.0,5866.0,8137.0,10500.0,15128.0,22073.0,25327.0,26420.0,28311.0,28478.0,23044.0,21073.0,16720.0,7670.0,2770.0,967.0,840.0,716.0,347.0,86.0,25.0,10.0,3.0,2.0,4.0,3.0,45.0,158.0,467.0,724.0,938.0,1431.0,2032.0,2510.0,2815.0,3060.0,3416.0,4058.0,5292.0,7560.0,10303.0,12709.0,16950.0,17410.0,20688.0,22762.0,25637.0,27578.0,23648.0,22612.0,17412.0,7862.0,1630.0,168.0,48.0,9.0,10.0,7.0
123,464,128,556,138,644,159,729,206,801,275,857,353,902,434,931,506,937,561,916,594,866,625,812,654,755,673,693,690,630,698,566,694,504,274,418,327,388,390,374,452,381,507,404,588,412,618,395,650,385,681,384,702,405,548,486,555,534,564,582,573,630,498,676,524,679,550,682,571,676,590,666,339,483,377,461,421,462,450,497,413,505,371,502,583,497,610,462,646,459,665,482,649,502,614,504,430,773,480,745,527,724,549,732,567,723,587,739,594,767,581,795,562,815,541,822,516,821,473,809,450,773,523,761,545,761,563,759,579,767,564,770,545,775,522,775,460,0.0018192693448117853,34.415311213646596,0.9895384901925669,1644.942782723405,0.4945869845815206,379.7987303079154,6545.355819679986,8.05251879109166,10.34641346945319,0.0008601758726251781,2.7889501000518377,-0.5351628510783496,0.9997109438529896,413.0,1231.0,1375.0,1190.0,1150.0,1106.0,1238.0,1300.0,2051.0,2671.0,3246.0,3939.0,4512.0,5792.0,7964.0,11626.0,12994.0,17577.0,13689.0,14524.0,15174.0,15198.0,15311.0,13824.0,15849.0,14330.0,15986.0,20852.0,11064.0,2668.0,806.0,9.0,243.0,641.0,1072.0,1103.0,1235.0,1107.0,1034.0,1128.0,1202.0,1256.0,1578.0,2366.0,3030.0,3460.0,4121.0,4589.0,5885.0,7976.0,12848.0,16860.0,22295.0,15527.0,17068.0,18239.0,17180.0,17579.0,15858.0,15252.0,24469.0,11117.0,3195.0,146.0,1.0,37.0,173.0,367.0,387.0,332.0,374.0,542.0,563.0,584.0,629.0,606.0,619.0,724.0,785.0,807.0,987.0,1024.0,1250.0,1487.0,1866.0,2235.0,2831.0,3467.0,4593.0,7037.0,11551.0,23776.0,43482.0,46276.0,52264.0,39003.0
207,479,212,559,224,636,240,710,264,782,308,847,367,904,436,948,510,961,584,947,647,901,701,842,740,774,759,703,774,630,787,554,795,477,276,457,317,424,372,412,428,420,482,439,548,440,600,422,655,412,710,423,747,458,513,479,514,532,514,585,514,639,456,673,483,681,512,690,541,681,567,672,340,485,371,467,407,466,438,491,405,494,370,495,582,489,613,466,649,465,679,483,651,494,615,494,397,764,438,759,479,752,508,761,537,752,578,760,621,764,580,800,541,821,510,826,477,821,437,797,412,768,478,776,509,781,538,776,605,769,539,783,510,789,479,783,461,0.0007905744036167254,13.943476475634146,0.9952284349317226,1461.1533416571406,0.3521721508758988,255.29335095315432,5830.669890152911,8.185167403208531,10.934145347319813,0.0007937576174501624,2.9447791035713053,-0.4790124258223518,0.9994246054233658,863.0,4064.0,3896.0,3463.0,3973.0,5087.0,5653.0,7250.0,9839.0,13208.0,16761.0,20273.0,22614.0,24327.0,25974.0,24155.0,20454.0,16456.0,10498.0,4869.0,1270.0,419.0,42.0,0.0,0.0,0.0,0.0,0.0,0.0,0.0,0.0,0.0,46.0,1639.0,2829.0,3794.0,4133.0,3839.0,3730.0,4083.0,6016.0,7837.0,9503.0,12761.0,16384.0,19370.0,21712.0,23603.0,22241.0,23421.0,19583.0,13848.0,11616.0,8779.0,3978.0,659.0,4.0,0.0,0.0,0.0,0.0,0.0,0.0,0.0,0.0,9.0,444.0,1044.0,1474.0,1291.0,1829.0,2524.0,2633.0,2636.0,3387.0,4349.0,4840.0,5794.0,7747.0,10525.0,12996.0,15726.0,15522.0,16304.0,18685.0,17336.0,16666.0,16464.0,12600.0,13779.0,12525.0,13724.0,10149.0,2358.0,48.0,0.0
277,485,268,550,268,614,276,680,293,746,323,809,369,866,422,924,493,947,575,941,663,913,746,869,813,808,851,734,872,651,883,566,887,478,278,439,307,411,349,407,392,416,433,434,541,435,596,415,656,408,715,418,767,444,484,490,478,536,470,581,463,628,423,661,447,673,474,683,508,674,543,665,330,487,362,470,399,473,434,500,396,502,358,500,582,501,620,476,660,476,699,493,661,506,622,507,373,719,413,716,450,714,480,721,513,716,573,720,646,729,575,767,515,787,478,790,446,784,411,760,393,726,449,741,480,747,514,744,625,733,514,746,479,749,448,742,462,0.0012139204064927982,18.22057909837354,0.9945241743968196,1663.9405318569425,0.44385683791106545,295.9295337943118,6637.541548329373,8.241733030836116,10.654987225725948,0.0009005529870632352,2.800976850256599,-0.5294769716328243,0.9997327820831784,456.0,2011.0,2689.0,2922.0,3571.0,4411.0,5231.0,6582.0,8207.0,10259.0,12165.0,15710.0,15490.0,18635.0,22714.0,22690.0,22258.0,19360.0,18622.0,17541.0,14148.0,9386.0,4850.0,3689.0,1679.0,51.0,0.0,0.0,0.0,0.0,0.0,0.0,149.0,451.0,1881.0,2373.0,2377.0,2680.0,3410.0,4202.0,4606.0,5762.0,6817.0,8905.0,10701.0,12709.0,15011.0,14715.0,18492.0,20872.0,20571.0,19409.0,24320.0,22301.0,19553.0,13566.0,5775.0,3121.0,598.0,0.0,0.0,0.0,0.0,0.0,9.0,35.0,450.0,955.0,973.0,937.0,1230.0,1497.0,1522.0,1607.0,1835.0,2334.0,2717.0,3080.0,3389.0,4287.0,5185.0,7589.0,11518.0,13308.0,12825.0,13660.0,17528.0,19264.0,21664.0,20563.0,26156.0,24878.0,23829.0,14233.0,6040.0,230.0
228,499,234,573,246,646,257,721,276,793,315,854,373,902,440,941,513,952,582,939,643,895,694,844,728,784,744,714,752,642,764,571,771,499,286,436,321,409,367,400,413,407,456,426,573,425,617,404,663,398,708,409,738,439,517,479,518,530,519,580,520,631,470,667,493,674,517,683,539,676,558,669,341,489,369,468,403,470,432,495,400,499,367,499,587,495,618,470,652,469,679,488,654,499,620,499,407,766,451,752,487,741,512,750,537,742,571,753,612,767,573,790,538,800,512,802,486,800,449,789,425,768,487,769,512,771,537,769,594,769,537,768,512,771,487,768,463,0.0017159044513129305,23.548673436566972,0.9896383892784273,1136.6265490973856,0.4306180668865671,350.8687555374463,4522.957522952987,7.844026893983553,10.300450612966891,0.0007603713235460595,2.8779340540775147,-0.4959402739038248,0.9993776835268885,24.0,165.0,407.0,857.0,1204.0,1390.0,1507.0,1773.0,2824.0,3769.0,5598.0,7637.0,8065.0,8283.0,10258.0,15520.0,17206.0,19022.0,23473.0,25459.0,23443.0,21577.0,15874.0,9546.0,8307.0,3030.0,108.0,30.0,5.0,4.0,5.0,17.0,21.0,87.0,212.0,640.0,832.0,948.0,1023.0,1338.0,1719.0,1807.0,2158.0,3210.0,4477.0,5624.0,7619.0,7878.0,8277.0,9795.0,13821.0,18371.0,21071.0,28019.0,31560.0,27327.0,20628.0,10736.0,6883.0,273.0,10.0,6.0,9.0,8.0,0.0,12.0,28.0,45.0,74.0,94.0,212.0,348.0,484.0,556.0,595.0,616.0,634.0,647.0,961.0,1241.0,1287.0,1674.0,2081.0,2849.0,3863.0,5501.0,7181.0,8040.0,9512.0,12566.0,18422.0,27418.0,32505.0,48292.0,34951.0,13698.0
249,503,245,572,245,641,252,717,270,792,308,861,354,929,408,987,488,1007,574,999,657,960,734,907,798,843,836,767,852,680,856,595,859,508,278,469,297,421,347,398,402,397,455,414,543,413,602,392,667,392,726,418,765,468,490,476,486,532,480,589,475,649,419,670,448,685,483,698,524,684,565,670,330,489,362,470,397,468,432,491,396,495,360,495,586,492,623,470,661,470,694,492,660,498,623,497,366,742,410,742,453,743,491,750,533,744,594,742,658,745,595,800,532,826,488,829,448,822,408,796,384,747,452,756,490,762,531,758,643,747,532,790,490,793,451,785,464,0.0004479547072158808,33.819464486174994,0.988568690204078,1479.2744369568022,0.2526521997163294,225.31774136324702,5883.278283341029,8.27597914290111,11.628843275447718,0.00042970751849511423,3.51627373092899,-0.40289859631856084,0.9984416959860677,994.0,2355.0,4359.0,6139.0,9021.0,12228.0,15931.0,21817.0,25809.0,30038.0,31040.0,28336.0,24591.0,19679.0,16496.0,14197.0,11973.0,9466.0,7513.0,5020.0,3622.0,1554.0,152.0,0.0,0.0,2.0,1.0,3.0,0.0,2.0,0.0,3.0,679.0,1189.0,2642.0,4003.0,5120.0,6775.0,9475.0,12414.0,15750.0,20279.0,23855.0,26927.0,28172.0,26158.0,23465.0,19866.0,17671.0,14448.0,11707.0,11123.0,9293.0,6207.0,4045.0,1066.0,3.0,1.0,2.0,2.0,1.0,0.0,1.0,2.0,146.0,389.0,816.0,1184.0,1894.0,2628.0,3567.0,4574.0,5424.0,6916.0,9066.0,10709.0,13060.0,15113.0,17097.0,19360.0,21839.0,23236.0,21273.0,18376.0,16194.0,15798.0,13767.0,11625.0,10251.0,9404.0,9958.0,10074.0,6968.0,1630.0,3.0,2.0
305,490,301,557,305,624,315,692,331,762,355,830,392,893,432,949,495,970,570,962,647,928,722,884,784,825,828,752,849,669,854,583,858,493,300,443,321,411,361,406,404,417,443,438,531,436,584,414,642,409,699,423,742,456,484,482,477,530,468,578,460,628,429,663,450,676,476,685,508,675,540,665,354,480,377,462,411,464,444,489,410,495,376,494,577,491,606,467,643,468,676,485,645,498,608,497,408,764,433,758,459,751,484,760,513,753,561,761,615,770,566,807,519,825,488,826,461,820,436,800,426,768,460,768,485,772,515,769,596,772,516,786,487,788,462,781,465,0.0012285158453101963,23.92493885189792,0.9837967210351076,738.3450253379697,0.34008826438451567,287.8552443156907,2929.4551624999767,7.6042229937275785,10.470118153210123,0.0006137674622673547,3.1144993823110156,-0.41628634960103894,0.997769157849375,448.0,889.0,1101.0,1370.0,1613.0,2782.0,4670.0,7438.0,12393.0,19143.0,21727.0,24925.0,27141.0,30424.0,30485.0,27890.0,20291.0,8953.0,1237.0,175.0,48.0,41.0,8.0,2.0,1.0,1.0,1.0,0.0,0.0,0.0,1.0,2.0,156.0,308.0,574.0,656.0,886.0,1153.0,1443.0,1843.0,2187.0,3349.0,4464.0,6374.0,8772.0,12430.0,20041.0,29298.0,33799.0,35134.0,34043.0,24635.0,19141.0,4143.0,325.0,41.0,2.0,0.0,0.0,0.0,1.0,1.0,1.0,0.0,39.0,109.0,157.0,185.0,265.0,304.0,349.0,445.0,595.0,816.0,981.0,946.0,959.0,1001.0,1356.0,2317.0,3529.0,4864.0,5612.0,8072.0,12702.0,17754.0,24923.0,28745.0,30451.0,33376.0,27173.0,18178.0,16263.0,2673.0,59.0,2.0
119,476,119,568,120,659,144,745,191,822,262,884,347,930,435,965,519,972,584,952,629,899,670,838,699,771,713,699,724,629,728,561,722,496,268,431,323,405,385,396,447,407,504,428,592,429,631,409,673,395,713,394,730,424,547,480,555,532,565,583,574,637,487,678,520,688,552,697,580,688,601,671,333,484,370,466,410,466,445,493,408,501,366,501,584,491,617,461,655,458,681,480,657,496,619,496,400,767,460,761,510,754,539,762,561,752,592,758,621,767,592,795,564,806,541,810,509,808,461,794,418,768,509,774,539,777,562,772,609,771,564,775,541,779,511,777,466,0.0008076994776757764,16.354484213538804,0.9937455344892049,1307.4609032967874,0.342844759568507,249.8168248419146,5213.489128973604,8.123324185522026,10.913619362942725,0.00064457017953083,2.9875910583558705,-0.46880770226528806,0.9993144246210188,1670.0,3399.0,4862.0,6522.0,6669.0,7304.0,10939.0,16561.0,26238.0,27918.0,25033.0,30445.0,24342.0,22239.0,21805.0,18857.0,11746.0,7612.0,3315.0,1093.0,170.0,107.0,22.0,11.0,1.0,2.0,2.0,3.0,1.0,2.0,1.0,1.0,384.0,1520.0,2273.0,3403.0,5164.0,5495.0,5604.0,5882.0,7857.0,12026.0,17935.0,25081.0,23567.0,20473.0,29162.0,27261.0,24305.0,21334.0,16813.0,12615.0,7730.0,2340.0,574.0,61.0,19.0,4.0,3.0,2.0,3.0,0.0,2.0,0.0,50.0,403.0,443.0,448.0,654.0,997.0,1083.0,1533.0,2077.0,2906.0,3907.0,4035.0,4171.0,4652.0,5439.0,6873.0,8643.0,12237.0,18669.0,18337.0,16536.0,17785.0,22893.0,20091.0,17586.0,18911.0,18713.0,20450.0,17020.0,9781.0,1506.0,63.0
151,515,160,598,174,679,196,759,233,831,289,891,364,936,445,967,522,978,594,959,650,915,699,862,733,802,752,733,763,661,768,589,762,515,258,438,297,394,353,373,414,377,466,399,580,404,623,382,672,380,716,399,737,442,527,473,533,522,540,569,547,618,474,663,506,670,538,678,565,670,588,662,334,483,366,464,403,466,434,492,401,497,364,495,589,494,621,469,657,467,685,487,658,498,623,498,399,767,454,745,501,732,531,739,558,732,595,742,626,764,596,805,562,822,533,827,501,824,454,807,421,769,501,762,531,764,559,761,607,766,560,781,531,786,501,784,467,0.0009155617500798916,62.56782178659661,0.973956579057534,1201.4382190330352,0.340586677141197,261.14809293805183,4743.185054345584,8.035420498386776,11.11690116541216,0.0005711481856389906,3.3337574952502322,-0.4218339008806753,0.9985209097553732,1958.0,2290.0,3384.0,3818.0,4718.0,6114.0,8124.0,13042.0,17476.0,18489.0,21875.0,28574.0,33696.0,35957.0,29791.0,23066.0,18073.0,11068.0,5334.0,1936.0,963.0,533.0,364.0,207.0,123.0,123.0,74.0,94.0,88.0,108.0,108.0,177.0,697.0,1390.0,2388.0,2774.0,3194.0,3615.0,4675.0,5643.0,7575.0,10960.0,14730.0,16389.0,16437.0,22283.0,28372.0,31729.0,33183.0,31625.0,23147.0,17741.0,7742.0,2638.0,1098.0,530.0,279.0,174.0,109.0,84.0,97.0,119.0,135.0,193.0,8.0,63.0,225.0,432.0,670.0,931.0,1274.0,1409.0,1616.0,2033.0,2705.0,3327.0,3974.0,4619.0,5993.0,8206.0,10099.0,11024.0,12599.0,13959.0,17239.0,20806.0,25287.0,26839.0,29738.0,29265.0,23174.0,20486.0,10282.0,2366.0,517.0,580.0
233,501,231,581,236,662,250,741,273,818,311,885,364,941,427,986,506,1000,587,989,662,954,731,908,781,845,809,765,823,679,832,589,837,502,268,459,291,406,346,387,404,397,460,418,546,415,607,389,673,380,734,402,766,457,501,471,498,519,494,565,490,616,431,652,462,662,495,672,530,663,564,655,340,490,369,479,399,477,432,488,400,493,369,494,588,485,624,475,656,477,686,488,655,493,622,491,388,758,427,743,465,737,497,743,529,736,575,745,625,761,575,791,531,803,496,807,462,804,425,791,404,759,466,759,497,762,530,757,606,761,530,768,496,770,465,767,468,0.0004699874151855081,58.915102808457675,0.9841499148812052,1858.6878826978555,0.2800789638379667,210.60026217763206,7375.836427982958,8.322102343317585,11.817176257282647,0.0004932976130371657,3.724011623874037,-0.3875163159763858,0.9980927820085039,1254.0,5145.0,10240.0,11328.0,12917.0,14417.0,16116.0,19382.0,23407.0,28672.0,22926.0,19975.0,18931.0,18387.0,13993.0,13510.0,19599.0,18028.0,8463.0,1543.0,180.0,80.0,12.0,0.0,1.0,0.0,0.0,0.0,0.0,0.0,0.0,0.0,611.0,2535.0,7235.0,9906.0,10472.0,10481.0,11600.0,12994.0,15654.0,18158.0,22575.0,23718.0,20224.0,19116.0,17782.0,17397.0,13923.0,13100.0,16197.0,20779.0,12474.0,1476.0,87.0,9.0,2.0,0.0,0.0,1.0,0.0,0.0,0.0,0.0,281.0,923.0,2937.0,6561.0,7550.0,7442.0,6929.0,7177.0,8170.0,8832.0,10200.0,11471.0,12705.0,13993.0,17225.0,17100.0,16182.0,15769.0,15865.0,15091.0,14692.0,13789.0,11439.0,13186.0,19032.0,17754.0,5844.0,365.0,2.0,0.0,0.0,0.0
138,469,149,557,165,640,189,719,233,792,300,853,380,900,461,933,538,939,602,916,648,865,691,809,723,748,740,681,748,615,748,552,743,489,259,434,312,407,372,399,431,408,485,429,584,420,627,403,671,395,713,400,737,430,539,481,545,525,553,568,561,614,477,653,512,662,548,670,576,661,599,650,327,489,364,470,404,471,440,498,402,505,362,503,589,497,623,468,660,467,688,488,663,501,626,503,380,726,446,713,506,706,540,712,571,705,612,710,646,720,612,776,575,802,540,809,505,807,445,786,396,730,506,724,540,726,571,721,630,726,573,768,540,775,506,773,469,0.0013270740564806879,13.18654273584482,0.99463559927363,1228.990494492601,0.4671551303650203,265.79186683023954,4902.775435234595,8.115296170772188,10.412549410311097,0.0009411681510108987,2.6505508702559464,-0.5374462975479346,0.9997299046271136,186.0,962.0,2123.0,3046.0,3657.0,6357.0,8768.0,11149.0,13396.0,16300.0,17621.0,17987.0,19969.0,22332.0,19180.0,16607.0,14006.0,12430.0,15148.0,12513.0,8895.0,4388.0,4421.0,2451.0,541.0,264.0,139.0,82.0,34.0,0.0,0.0,0.0,22.0,375.0,1083.0,1846.0,2439.0,2757.0,3159.0,4034.0,6202.0,8619.0,10990.0,14340.0,17160.0,19569.0,21872.0,21757.0,25096.0,19729.0,17692.0,16677.0,16920.0,10467.0,5899.0,4162.0,1244.0,495.0,238.0,93.0,16.0,0.0,0.0,0.0,0.0,3.0,154.0,576.0,859.0,1139.0,1150.0,1209.0,1202.0,1362.0,1577.0,2247.0,2470.0,3546.0,5609.0,8258.0,10059.0,13736.0,16426.0,19170.0,28284.0,32277.0,25160.0,22157.0,22883.0,17668.0,9233.0,6371.0,163.0,4.0,0.0,0.0
274,475,275,542,276,611,286,684,311,751,353,811,400,866,449,916,509,937,578,933,650,903,721,861,784,808,825,739,849,657,864,567,876,473,292,420,313,390,353,388,394,398,435,418,539,415,595,393,657,389,716,402,767,432,486,488,480,536,472,582,464,630,430,667,453,676,479,683,510,676,544,670,336,481,365,459,406,462,437,500,400,506,359,502,583,501,617,466,660,465,697,488,664,507,620,509,394,736,426,733,461,726,490,734,520,728,575,737,636,746,578,795,525,815,492,816,460,808,427,784,411,743,461,746,490,750,520,748,618,749,523,780,492,781,462,773,47,0.0015549075810571676,13.08697427489316,0.9935781930830254,1018.888491385821,0.4624623052702702,256.3313452516853,4062.4669912683967,7.87931943565377,10.15921162596438,0.0008439112687477784,2.645812774696604,-0.5245551299369864,0.9995989604758574,0.0,155.0,897.0,1825.0,2097.0,2459.0,2982.0,3759.0,4936.0,7920.0,13101.0,23852.0,31959.0,29541.0,25412.0,24283.0,23868.0,19682.0,19399.0,14472.0,1738.0,61.0,16.0,2.0,1.0,0.0,0.0,0.0,1.0,1.0,0.0,3.0,0.0,170.0,1030.0,1868.0,2235.0,2469.0,3082.0,3717.0,5513.0,8022.0,9653.0,13256.0,25612.0,29805.0,25290.0,21970.0,24672.0,19711.0,17130.0,16626.0,18445.0,4091.0,45.0,4.0,1.0,0.0,0.0,0.0,1.0,0.0,1.0,3.0,0.0,50.0,577.0,1119.0,1634.0,1774.0,1213.0,1126.0,1397.0,1881.0,2442.0,3080.0,3827.0,4641.0,6287.0,9374.0,14367.0,23446.0,26894.0,25006.0,25691.0,24250.0,17139.0,15078.0,16643.0,21518.0,3963.0,0.0,1.0,1.0,0.0,3.0
259,530,263,591,269,653,280,715,301,775,338,827,387,873,440,912,505,925,578,917,649,889,717,852,770,804,798,738,815,665,830,597,845,524,283,445,306,402,348,380,398,379,445,394,562,395,619,377,677,372,733,395,770,441,500,470,497,503,492,535,488,569,444,627,468,631,492,636,520,631,548,627,338,496,368,472,405,471,437,495,404,504,367,505,586,493,620,466,660,465,695,489,662,500,622,499,392,726,431,706,468,694,494,700,522,695,572,706,632,718,576,759,526,774,495,776,467,774,431,761,412,730,468,722,495,724,523,722,612,723,524,745,495,748,468,745,470,0.0012887326460653504,38.49954718537857,0.9885225317225785,1677.6548955534827,0.3815178937641991,331.35024933172116,6672.120035028536,8.023057628938385,10.809330020787577,0.0006515680676640908,3.138679876032504,-0.46190809361978713,0.999163122224471,2372.0,2612.0,1958.0,2743.0,3074.0,3989.0,6162.0,6235.0,5929.0,6195.0,8320.0,11804.0,13731.0,15065.0,18087.0,23913.0,26955.0,25927.0,22418.0,20564.0,13905.0,7019.0,3102.0,1514.0,464.0,279.0,206.0,106.0,36.0,5.0,7.0,20.0,996.0,1577.0,1802.0,1312.0,1076.0,970.0,1631.0,2477.0,2903.0,4063.0,5557.0,5433.0,5881.0,5560.0,5838.0,6767.0,9329.0,12325.0,16468.0,20655.0,25346.0,28198.0,28033.0,28091.0,20645.0,9315.0,1970.0,310.0,126.0,40.0,8.0,14.0,32.0,390.0,694.0,550.0,446.0,498.0,655.0,901.0,975.0,818.0,815.0,659.0,662.0,1521.0,2168.0,2742.0,4025.0,3844.0,3905.0,4647.0,4828.0,4887.0,5517.0,7570.0,10709.0,15844.0,22790.0,27946.0,35456.0,43350.0,32584.0,12288.0
223,485,223,564,227,645,235,727,256,804,298,873,355,933,422,983,503,1000,588,986,666,940,732,877,783,805,814,727,830,646,839,565,842,478,262,469,302,431,360,422,420,430,477,447,537,453,596,434,659,431,720,441,772,472,504,482,501,545,499,609,497,673,431,683,463,699,502,712,541,698,578,684,326,486,361,472,397,471,436,490,396,492,361,492,586,494,624,475,661,478,699,491,661,497,624,496,371,747,421,744,470,745,509,753,550,744,604,743,658,747,608,803,552,834,509,840,469,833,421,803,391,754,470,765,509,771,550,766,640,753,551,794,509,800,470,794,471,0.0007304511507935837,25.398613677906365,0.9956547247071577,2922.399820711334,0.3296880036044455,230.9111238883103,11664.200669167421,8.47793656821528,11.463253358059319,0.0005706761785029441,3.225462959167228,-0.46797943618322296,0.9994937320668829,215.0,2673.0,3424.0,4215.0,7118.0,12981.0,17712.0,25418.0,30466.0,22950.0,17985.0,14127.0,10658.0,8587.0,7905.0,8038.0,8722.0,9511.0,10255.0,11636.0,10461.0,9938.0,8441.0,7060.0,4338.0,2426.0,1659.0,1055.0,666.0,436.0,216.0,42.0,300.0,1657.0,2871.0,3225.0,5084.0,12099.0,17858.0,26840.0,34160.0,19851.0,16804.0,13099.0,9332.0,7905.0,7715.0,8160.0,7814.0,8727.0,9891.0,10982.0,11809.0,12757.0,10417.0,9091.0,5965.0,3077.0,1726.0,1145.0,647.0,289.0,37.0,0.0,3.0,290.0,1074.0,1413.0,1768.0,1908.0,2519.0,3929.0,8595.0,14975.0,24083.0,28389.0,18409.0,15255.0,12011.0,9739.0,8416.0,7395.0,6676.0,5800.0,5376.0,5692.0,6501.0,6750.0,6905.0,7772.0,9303.0,9474.0,11555.0,12660.0,11914.0,14785.0
300,501,293,568,299,635,314,702,328,770,356,835,393,895,439,944,503,962,578,955,658,924,733,882,794,825,832,755,849,673,856,589,857,509,299,424,323,396,365,394,408,404,448,423,530,421,585,399,644,391,704,399,755,426,483,481,478,529,471,578,463,628,435,668,455,682,479,691,509,681,539,671,344,486,369,465,405,466,439,494,404,501,367,500,578,492,614,464,653,463,689,484,657,499,617,499,402,768,429,748,460,733,483,742,510,733,562,749,620,770,566,807,517,823,487,824,460,819,431,802,422,770,460,766,485,770,512,768,600,771,513,775,486,775,460,771,472,0.0007425082667745025,27.212468451501916,0.9927389668362305,1874.3005091063615,0.3594786605866245,271.24738654604647,7469.989567973938,8.35496012191389,11.264739791847898,0.0006719118424709809,3.1635587519711557,-0.46937466020869967,0.9994435208294192,446.0,2672.0,3840.0,5748.0,6937.0,6990.0,7034.0,8199.0,10182.0,11894.0,13034.0,15268.0,15701.0,18377.0,19899.0,20449.0,17878.0,17630.0,17558.0,13602.0,9997.0,6931.0,3690.0,2154.0,915.0,394.0,66.0,1.0,0.0,0.0,0.0,0.0,243.0,1181.0,2038.0,3131.0,4634.0,5981.0,6306.0,6334.0,6895.0,7075.0,8937.0,10522.0,12076.0,14032.0,15597.0,16092.0,19078.0,19398.0,19601.0,19956.0,18631.0,15843.0,11594.0,6992.0,3701.0,1334.0,272.0,12.0,0.0,0.0,0.0,0.0,16.0,360.0,489.0,585.0,824.0,1176.0,1827.0,2741.0,3412.0,4151.0,4579.0,4507.0,4664.0,4801.0,6316.0,6353.0,7951.0,9525.0,10846.0,14013.0,16570.0,17301.0,17348.0,18027.0,20277.0,21345.0,22284.0,19595.0,12398.0,2875.0,264.0,66.0
218,422,227,502,245,579,264,650,295,718,344,777,400,829,458,867,514,874,565,864,608,820,652,770,695,714,722,651,741,584,760,515,769,439,269,433,323,416,382,423,437,439,489,460,553,457,602,438,651,422,704,411,753,422,521,500,521,551,522,603,522,655,467,677,493,682,518,689,543,682,566,674,336,484,372,469,412,470,444,499,408,504,368,503,583,496,614,466,653,464,686,476,658,496,620,500,418,750,454,742,490,731,514,739,538,729,570,739,599,745,571,779,542,798,515,802,489,800,454,782,434,753,490,755,514,757,539,752,582,750,540,756,515,761,491,758,473,0.0014796488144573612,27.413973372586575,0.9943042394064961,2407.412351815622,0.43151599437977073,343.25599168027327,9602.235433889899,8.253655730693657,10.724546462638358,0.0007795704284773798,2.95196273656439,-0.5224533266155135,0.9997147051818718,1733.0,1330.0,1577.0,1983.0,2034.0,2186.0,2391.0,2533.0,3258.0,3800.0,4476.0,5774.0,8770.0,10834.0,10184.0,11460.0,14183.0,13561.0,14838.0,14064.0,14323.0,13279.0,9002.0,3222.0,2021.0,468.0,168.0,8.0,0.0,0.0,0.0,0.0,1359.0,1035.0,949.0,1264.0,1578.0,1722.0,1573.0,1685.0,1952.0,2043.0,2412.0,3014.0,3269.0,3600.0,4239.0,5948.0,8465.0,8464.0,8791.0,9262.0,9763.0,11385.0,12555.0,13663.0,14559.0,13878.0,15250.0,8105.0,1507.0,171.0,0.0,0.0,242.0,985.0,726.0,651.0,616.0,676.0,849.0,886.0,762.0,886.0,964.0,1103.0,1032.0,1160.0,1306.0,1448.0,1613.0,1755.0,2189.0,2626.0,3247.0,5204.0,6654.0,6208.0,7362.0,7476.0,7585.0,8602.0,9284.0,12340.0,11342.0,65681.0
284,499,275,566,278,633,287,697,301,765,325,828,366,882,416,926,480,944,556,941,635,917,704,875,760,817,797,748,818,675,832,600,842,523,298,438,325,411,364,404,405,408,443,424,552,420,605,402,661,403,714,420,754,454,495,481,489,525,481,569,474,614,438,652,459,662,484,670,515,664,544,656,337,492,366,472,401,473,436,497,399,500,365,501,582,497,620,474,656,475,688,496,654,502,618,500,394,737,424,717,460,709,489,714,520,709,571,719,630,737,574,785,522,803,489,806,457,801,422,781,410,740,459,731,489,734,520,732,614,740,521,767,490,768,459,765,474,0.00106488073942534,27.494155410740433,0.9920762064784829,1734.9413117264212,0.41322096224903593,339.1746038377298,6912.271091494993,8.211476304925302,10.824582466132913,0.0007302293139570172,2.957202389408476,-0.4999241537122945,0.9995810797641664,227.0,459.0,1397.0,1939.0,2130.0,2604.0,3816.0,5888.0,4732.0,4876.0,6177.0,8722.0,11444.0,12404.0,14235.0,16722.0,19158.0,19634.0,20242.0,17520.0,15758.0,17817.0,14879.0,10007.0,8920.0,3127.0,374.0,33.0,2.0,0.0,0.0,1.0,99.0,180.0,275.0,777.0,1534.0,1549.0,1729.0,1992.0,2387.0,3218.0,4990.0,4407.0,4546.0,5723.0,7566.0,9574.0,11330.0,13343.0,15049.0,17974.0,20279.0,19706.0,19016.0,18839.0,18531.0,18557.0,12750.0,8909.0,390.0,19.0,3.0,3.0,1.0,3.0,28.0,94.0,172.0,383.0,811.0,1069.0,1116.0,1116.0,1324.0,1379.0,1585.0,1887.0,2591.0,3785.0,3289.0,3486.0,3922.0,5243.0,7031.0,8536.0,10910.0,11962.0,13731.0,18103.0,21228.0,21992.0,22004.0,21422.0,20727.0,34314.0
204,483,203,558,212,635,229,711,266,779,319,836,381,881,450,911,515,914,571,896,619,853,663,804,700,749,727,688,743,625,751,557,746,490,276,441,321,413,376,406,430,415,478,436,573,430,613,412,656,402,698,404,727,431,530,491,531,541,534,591,537,642,467,673,496,679,527,686,555,678,580,668,333,488,370,475,406,479,438,504,403,502,367,499,593,500,623,474,656,472,685,483,660,496,627,500,402,737,454,731,500,721,524,727,549,720,581,727,616,733,581,765,552,784,524,789,498,788,454,771,416,740,499,749,524,751,550,746,601,737,551,749,525,753,499,752,475,0.0009492592592821001,15.178876249057529,0.9964642598645361,2146.9091152793044,0.4506770703330907,271.37341489773723,8572.457584868149,8.442488861061312,10.798831922011283,0.0009360333212758377,2.689360336672604,-0.5498573779977888,0.999841459105416,10.0,554.0,5005.0,6513.0,5747.0,5683.0,6160.0,7427.0,8618.0,11914.0,14455.0,14403.0,14940.0,16485.0,17119.0,13716.0,12313.0,12446.0,10895.0,8989.0,7386.0,7553.0,4975.0,2270.0,952.0,610.0,2.0,0.0,0.0,0.0,0.0,0.0,1.0,222.0,2368.0,4902.0,4144.0,3891.0,3900.0,4228.0,5104.0,6481.0,6849.0,7424.0,9214.0,11069.0,12638.0,12940.0,12765.0,16753.0,16388.0,12511.0,12115.0,13229.0,12705.0,9222.0,8959.0,4525.0,2071.0,522.0,0.0,0.0,0.0,0.0,0.0,40.0,684.0,3156.0,3165.0,2423.0,2344.0,2365.0,2511.0,2570.0,3133.0,3672.0,4516.0,5262.0,5865.0,6355.0,7578.0,10248.0,12181.0,14417.0,14084.0,17237.0,17159.0,13471.0,13693.0,15853.0,13445.0,11063.0,7660.0,990.0,0.0,0.0
141,465,144,559,152,650,174,738,216,816,279,880,354,937,432,983,516,989,588,969,630,908,670,839,705,771,731,700,749,630,750,557,742,487,251,440,301,401,366,392,427,404,490,427,579,419,623,399,666,385,710,384,734,413,540,484,550,539,561,593,570,650,479,682,517,692,555,704,586,692,610,675,332,493,363,474,405,473,440,496,403,507,362,507,589,490,620,462,659,457,688,474,664,494,626,495,380,770,440,768,501,762,537,768,566,758,599,757,622,761,599,820,567,850,533,857,494,856,435,833,400,777,501,783,537,785,567,778,604,772,566,807,534,818,496,819,476,0.0005706006760889487,52.72038840680659,0.9749536914947079,1052.769081327771,0.24332370657422694,203.5352142609704,4158.355936904281,8.029600792568749,11.5461101979213,0.0004030756785555624,3.6950023498511126,-0.3599354382844781,0.9965732457576402,1321.0,3612.0,8347.0,22098.0,28590.0,36219.0,39681.0,36635.0,30953.0,23585.0,15655.0,10297.0,6908.0,4408.0,3087.0,2198.0,1578.0,1183.0,971.0,868.0,761.0,671.0,409.0,237.0,96.0,43.0,28.0,33.0,11.0,10.0,7.0,3.0,302.0,1662.0,2721.0,4292.0,6196.0,12426.0,19468.0,19594.0,24903.0,27920.0,29314.0,31695.0,29541.0,24949.0,16572.0,10109.0,6094.0,3727.0,2576.0,1657.0,1163.0,959.0,816.0,753.0,540.0,334.0,142.0,28.0,25.0,12.0,7.0,6.0,2.0,131.0,1094.0,1587.0,2000.0,1904.0,2107.0,2893.0,3149.0,3600.0,5748.0,9163.0,9751.0,9069.0,10825.0,12465.0,14646.0,16178.0,17276.0,19580.0,22833.0,24590.0,24579.0,22934.0,17233.0,12083.0,7174.0,3491.0,1449.0,550.0,263.0,156.0
115,496,123,589,135,679,155,767,198,847,270,907,357,952,453,980,544,983,619,959,665,903,703,844,730,777,743,707,751,638,747,571,739,505,237,460,288,406,361,381,438,384,507,409,581,409,630,387,681,384,727,406,739,457,551,475,562,521,573,567,585,616,482,658,523,669,563,682,593,673,617,659,327,489,365,466,404,467,442,496,405,502,364,501,588,499,623,469,660,469,686,492,663,506,627,506,382,751,451,734,511,728,548,736,581,729,614,739,639,756,611,797,580,815,545,819,506,816,446,798,400,753,510,744,547,748,581,745,624,758,579,786,545,791,508,789,477,0.0006988542581090806,22.58404669240279,0.9900735876711165,1137.5490215952095,0.310407917712952,197.32545207467632,4527.612039688436,8.06875843055078,11.135374057656248,0.0005380954305218491,3.224854158621416,-0.4259482710054767,0.9986817719696925,474.0,1915.0,3879.0,8390.0,15625.0,26090.0,31040.0,32541.0,33965.0,34789.0,26237.0,18574.0,14410.0,13630.0,12873.0,13059.0,9855.0,4696.0,1751.0,870.0,737.0,392.0,184.0,166.0,64.0,17.0,0.0,0.0,0.0,0.0,0.0,1.0,300.0,810.0,2198.0,3676.0,6578.0,10620.0,17450.0,24162.0,25552.0,26787.0,28610.0,33034.0,30836.0,20398.0,14079.0,11960.0,12612.0,12890.0,11131.0,7962.0,3176.0,861.0,249.0,211.0,79.0,2.0,0.0,0.0,0.0,0.0,0.0,1.0,2.0,200.0,687.0,1407.0,1713.0,3033.0,4434.0,5494.0,8714.0,12815.0,16750.0,20654.0,22090.0,22164.0,22611.0,24465.0,27061.0,24983.0,16887.0,12133.0,11795.0,11914.0,13389.0,11388.0,6383.0,2261.0,553.0,214.0,29.0,0.0,0.0,1.0
192,470,196,552,206,633,220,712,251,786,303,848,367,903,438,948,516,960,589,946,649,898,701,843,742,779,763,706,772,629,781,553,787,477,268,453,308,420,363,413,418,419,469,438,574,438,622,418,671,409,721,417,750,456,525,488,527,547,530,605,533,665,457,673,491,688,526,703,559,689,587,672,338,489,370,474,405,475,436,496,403,499,368,499,591,494,623,473,658,471,688,488,660,496,625,496,386,730,438,729,482,731,518,740,552,733,589,733,631,731,589,763,553,779,518,783,481,779,437,761,405,736,482,748,517,753,552,750,612,738,552,749,518,754,482,749,478,0.0011684831975433713,26.50509796180681,0.97474356638708,524.8156770122523,0.29975724774668233,290.6683158494322,2072.7576100871993,7.4186129047834495,10.495488998392432,0.0005208017230743677,3.291690470559564,-0.3671475015180443,0.995140756963845,1.0,11.0,109.0,291.0,473.0,753.0,1125.0,1781.0,2964.0,3970.0,6761.0,10654.0,17449.0,22336.0,24871.0,26694.0,31491.0,36604.0,32939.0,20667.0,8419.0,2006.0,417.0,119.0,22.0,4.0,2.0,2.0,3.0,1.0,1.0,2.0,3.0,11.0,31.0,182.0,364.0,473.0,736.0,1368.0,1905.0,2615.0,3521.0,5582.0,9741.0,15810.0,22314.0,27551.0,34493.0,39292.0,39186.0,29757.0,14283.0,3303.0,377.0,31.0,5.0,0.0,3.0,1.0,1.0,1.0,1.0,1.0,7.0,9.0,21.0,50.0,38.0,127.0,304.0,394.0,517.0,612.0,583.0,621.0,745.0,995.0,1466.0,2217.0,3829.0,6123.0,9145.0,13898.0,22562.0,27723.0,36225.0,40078.0,33701.0,30935.0,16373.0,3500.0,137.0,5.0,2.0,0.0
226,479,226,560,233,638,242,717,264,795,305,867,359,932,425,984,508,1003,594,988,673,947,737,892,786,825,815,752,827,672,834,590,834,504,269,434,307,402,358,392,410,400,457,422,556,423,603,400,656,391,711,397,757,426,501,483,497,547,493,612,488,679,430,688,460,705,495,720,534,705,569,690,331,484,364,464,402,466,438,494,399,497,362,496,587,495,623,468,661,465,699,483,664,497,626,498,367,752,410,740,463,738,504,748,547,739,607,743,663,754,611,827,550,860,503,865,458,858,407,823,382,757,462,760,503,767,547,761,648,759,549,819,504,825,460,817,479,0.0010104471722830756,14.683829320330489,0.9959477813688057,1811.9913085126918,0.4103986144061385,238.21940637096685,7233.281404730442,8.245616767702646,10.772828182599923,0.0009206487616924786,2.7975060802855047,-0.5139986212191988,0.9996766866190916,3108.0,11355.0,8172.0,5003.0,6652.0,9219.0,11925.0,13528.0,16439.0,21507.0,29303.0,35684.0,24946.0,21715.0,19815.0,17908.0,16464.0,12550.0,7038.0,3740.0,1077.0,85.0,7.0,2.0,0.0,0.0,0.0,0.0,0.0,0.0,0.0,0.0,994.0,7121.0,8875.0,5068.0,3819.0,3958.0,5586.0,8276.0,10146.0,12454.0,13571.0,14925.0,17222.0,27025.0,34724.0,24240.0,17851.0,18974.0,19963.0,20050.0,13249.0,6185.0,2766.0,193.0,5.0,2.0,0.0,0.0,0.0,0.0,0.0,0.0,63.0,1682.0,4728.0,7183.0,3338.0,2444.0,2306.0,2919.0,3033.0,3091.0,3822.0,4313.0,4380.0,5994.0,8745.0,10604.0,12591.0,13782.0,19314.0,30836.0,28714.0,21491.0,16472.0,16509.0,15534.0,15321.0,17780.0,13885.0,6003.0,363.0,2.0,0.0
121,504,130,599,142,692,167,777,221,852,296,905,385,950,467,983,546,984,604,956,633,891,652,826,669,763,684,703,698,643,698,583,686,527,282,421,322,379,381,358,442,363,498,384,589,395,622,377,659,372,689,385,698,419,546,473,557,529,572,583,586,638,498,673,530,683,563,693,588,683,606,666,351,483,385,466,419,465,447,487,417,494,382,494,577,491,609,472,639,471,657,490,638,499,608,497,424,774,479,759,527,751,555,756,573,749,593,753,603,764,594,805,577,824,556,829,526,827,477,811,443,776,527,772,554,772,573,769,587,767,574,786,556,792,528,792,48,0.000627514986308773,70.2309085549268,0.966505946595572,1048.6049236295921,0.2502663475062981,274.5058124739784,4124.188785963466,7.937259449533648,11.526784755291892,0.000393052036723943,3.806244920538785,-0.3408050055322297,0.9951565991029394,159.0,495.0,1229.0,2112.0,2599.0,3346.0,4201.0,5518.0,7971.0,11154.0,15332.0,19631.0,24826.0,28692.0,32369.0,32777.0,27331.0,22868.0,17296.0,11437.0,5680.0,2051.0,621.0,225.0,96.0,45.0,10.0,7.0,3.0,0.0,3.0,1.0,36.0,253.0,667.0,1363.0,1914.0,2731.0,3026.0,3264.0,4086.0,5851.0,8388.0,10672.0,13711.0,17927.0,23633.0,28706.0,32385.0,32092.0,29062.0,26185.0,18403.0,10563.0,3663.0,1065.0,298.0,97.0,28.0,9.0,2.0,4.0,0.0,1.0,12.0,58.0,96.0,292.0,571.0,904.0,1295.0,2000.0,2369.0,2439.0,2484.0,2833.0,3743.0,4824.0,5992.0,7438.0,8908.0,10679.0,14072.0,19628.0,25233.0,28869.0,28481.0,27959.0,24664.0,21429.0,18397.0,9742.0,3782.0,837.0,48.0,7.0
221,518,226,588,233,657,241,728,265,793,310,850,366,898,433,937,510,949,587,936,652,895,706,846,745,789,764,723,772,655,779,589,785,521,273,460,306,419,358,400,413,404,461,427,565,424,615,404,670,403,721,425,749,469,515,481,517,528,517,575,518,624,449,655,481,665,515,676,549,666,580,655,336,492,367,475,400,475,433,497,399,497,366,497,589,498,623,476,654,476,684,495,655,498,623,498,374,731,426,721,478,715,516,721,553,714,601,719,648,728,604,775,557,798,517,803,477,799,425,779,387,736,478,736,516,740,553,735,634,732,555,767,517,773,478,769,480,0.0008992268335116026,34.10406327305918,0.9831326160981495,1010.8705989498594,0.34585599210896717,270.4496585398063,4009.378332526401,7.962845354670538,10.892427667283382,0.000617170815315901,3.1611214432843204,-0.4373442772790125,0.9987168479841086,257.0,342.0,832.0,1730.0,2249.0,3127.0,5089.0,8070.0,12125.0,18661.0,21073.0,20677.0,24290.0,23435.0,23095.0,21272.0,18152.0,14326.0,10577.0,8833.0,4342.0,2311.0,732.0,79.0,38.0,39.0,29.0,40.0,17.0,30.0,10.0,3.0,197.0,257.0,188.0,819.0,1444.0,1621.0,1790.0,2595.0,4222.0,6191.0,8667.0,12123.0,15860.0,19792.0,23315.0,23757.0,21854.0,24898.0,23724.0,17378.0,14817.0,11681.0,6528.0,1828.0,149.0,43.0,36.0,43.0,35.0,16.0,11.0,3.0,84.0,80.0,169.0,362.0,814.0,790.0,830.0,704.0,846.0,1134.0,1535.0,2464.0,2971.0,3819.0,5434.0,7379.0,10064.0,13666.0,16198.0,19034.0,23078.0,26098.0,25031.0,25234.0,24135.0,17870.0,11470.0,4296.0,255.0,19.0,13.0,6.0
244,500,239,574,244,650,257,725,285,796,328,858,378,916,435,965,505,982,579,967,651,928,717,878,770,816,801,743,814,663,821,582,818,501,276,442,309,402,359,390,411,400,458,421,553,421,600,397,653,387,706,400,742,439,502,484,500,539,497,593,494,649,427,672,461,682,497,692,536,683,574,674,335,484,367,471,400,472,431,495,398,492,365,490,588,496,621,475,654,472,688,485,658,492,624,495,377,743,417,728,462,721,499,731,539,722,596,731,653,744,601,811,543,843,500,848,459,842,415,808,393,747,462,743,499,749,539,744,637,748,542,797,501,803,462,797,481,0.0013269228832073101,17.69072486276893,0.9924793795553292,1176.619451898754,0.4214670508664501,280.18026906655876,4688.787082732251,7.9489601854169765,10.48604843151539,0.0008535224882714001,2.8562957624046295,-0.491830299550677,0.9993881630771544,7.0,389.0,1963.0,3787.0,3817.0,3525.0,4136.0,6093.0,9024.0,15179.0,22887.0,26999.0,29082.0,26204.0,22820.0,20250.0,18049.0,15701.0,12234.0,10613.0,9111.0,5177.0,2616.0,706.0,78.0,21.0,4.0,0.0,0.0,0.0,0.0,0.0,15.0,199.0,1363.0,3163.0,3007.0,2529.0,2216.0,2400.0,3447.0,5100.0,6465.0,8423.0,11314.0,17461.0,24356.0,28611.0,31626.0,25666.0,22419.0,21276.0,18625.0,15881.0,11097.0,2173.0,1049.0,540.0,44.0,7.0,0.0,0.0,0.0,0.0,0.0,31.0,293.0,1094.0,2309.0,2174.0,1655.0,1247.0,1225.0,1252.0,1317.0,1451.0,1746.0,2031.0,2887.0,3905.0,4510.0,5494.0,8118.0,13119.0,20366.0,28260.0,34624.0,32946.0,26779.0,31367.0,31538.0,8660.0,71.0,3.0,0.0,0.0
343,517,338,575,341,637,352,698,367,757,389,819,417,875,451,922,503,939,572,936,650,905,728,863,794,807,843,738,868,659,875,573,881,486,331,444,346,412,380,405,417,416,451,435,520,429,572,405,631,398,690,415,734,452,477,480,469,525,458,570,446,618,425,653,443,668,467,677,499,668,530,659,369,494,385,474,413,474,445,492,414,499,386,503,574,490,600,469,635,471,670,487,637,497,603,497,416,766,431,749,452,740,472,748,496,740,541,752,595,771,546,799,503,808,476,809,453,805,434,794,429,764,453,759,474,764,499,762,574,770,499,771,474,772,453,767,482,0.0009521546980695704,28.578437714937536,0.98505270064597,956.0346274076032,0.3432841133943113,245.23684887861975,3795.56007191547,7.958683398304851,10.858969832589848,0.0006161756725556844,3.0996524058992483,-0.4411052330715456,0.9987902879050699,17.0,273.0,649.0,1567.0,5172.0,10924.0,15598.0,18036.0,27400.0,36061.0,27744.0,24016.0,18445.0,12617.0,8528.0,6210.0,5604.0,3457.0,2344.0,1569.0,857.0,483.0,207.0,161.0,31.0,10.0,6.0,3.0,5.0,1.0,1.0,0.0,0.0,37.0,201.0,530.0,957.0,1886.0,3461.0,6417.0,8588.0,11177.0,11906.0,14876.0,19447.0,28363.0,31742.0,24061.0,19624.0,13819.0,8918.0,6541.0,6232.0,3471.0,2455.0,1621.0,1026.0,466.0,150.0,13.0,5.0,5.0,0.0,1.0,0.0,1.0,9.0,64.0,135.0,299.0,917.0,1257.0,1324.0,1474.0,2541.0,4602.0,5300.0,7181.0,8736.0,8964.0,10725.0,13829.0,16207.0,21943.0,26693.0,25398.0,21209.0,15111.0,11227.0,8451.0,5268.0,3484.0,3284.0,2043.0,313.0,7.0
222,483,227,566,237,648,251,729,274,807,315,873,373,926,433,970,510,984,590,975,661,939,733,891,787,829,819,751,834,665,842,577,846,486,269,451,298,415,349,403,401,409,452,424,551,424,607,409,664,404,722,417,762,453,501,482,499,531,498,581,496,634,443,665,471,676,500,686,531,676,562,665,334,485,365,466,403,466,437,491,402,499,363,499,583,491,619,467,657,468,690,487,658,499,619,499,398,756,436,748,474,742,505,749,538,742,582,748,627,758,584,793,540,808,506,810,473,806,436,792,417,760,473,759,505,762,538,759,609,761,538,777,506,779,474,775,483,0.0006668186025887004,52.52936795034179,0.9785515818050518,1224.8359881576498,0.27811762200810863,294.5717543684608,4846.814584680269,8.045076637389837,11.4789987405484,0.0004446708101841283,3.6986504404141827,-0.3723675235065754,0.9971429517269018,143.0,189.0,430.0,1203.0,2449.0,4010.0,5948.0,8578.0,11343.0,14412.0,16801.0,18786.0,24265.0,26426.0,24265.0,24700.0,26710.0,27700.0,24620.0,15576.0,6299.0,2114.0,887.0,222.0,84.0,73.0,37.0,6.0,5.0,5.0,4.0,0.0,142.0,138.0,216.0,349.0,709.0,1256.0,2222.0,3509.0,4809.0,6720.0,8883.0,11257.0,13442.0,15948.0,19563.0,24700.0,23951.0,24637.0,25306.0,27421.0,26313.0,24862.0,16188.0,4489.0,967.0,175.0,77.0,29.0,6.0,2.0,4.0,0.0,1.0,5.0,42.0,150.0,148.0,223.0,374.0,600.0,956.0,1617.0,2583.0,3309.0,3695.0,4302.0,4841.0,6189.0,7590.0,8911.0,10321.0,11920.0,14125.0,16542.0,17759.0,19897.0,21475.0,20865.0,20927.0,21830.0,29222.0,26611.0,10157.0,1103.0
182,486,188,573,198,657,214,736,247,808,303,872,370,923,442,964,517,974,583,958,636,908,682,850,719,785,741,714,753,641,761,566,764,492,264,461,309,422,371,411,434,417,493,435,568,430,618,415,668,411,717,421,744,459,535,480,540,536,545,591,550,648,464,667,501,680,538,694,570,682,597,667,338,488,372,472,409,471,442,491,409,495,372,496,591,490,624,472,659,472,687,488,660,496,626,495,388,746,441,738,491,736,527,746,561,736,600,741,634,751,601,794,563,818,527,823,489,818,439,795,406,751,491,752,527,758,561,753,619,754,562,786,527,791,490,786,484,0.0012562098968858005,37.68686988138715,0.9741888303072401,730.1339055532471,0.3245453115955306,241.31883667733825,2882.848752331598,7.61567930432243,10.744032413383488,0.0006331999815045721,3.3776835006500243,-0.37846273269163877,0.9963528102013817,247.0,835.0,2267.0,3569.0,4196.0,4425.0,5215.0,7662.0,12348.0,18301.0,22001.0,27675.0,39640.0,37673.0,27623.0,19043.0,12521.0,4820.0,2609.0,1016.0,687.0,282.0,63.0,7.0,0.0,0.0,0.0,0.0,0.0,0.0,0.0,0.0,131.0,470.0,1233.0,2076.0,3307.0,3544.0,4124.0,4432.0,6251.0,8670.0,13062.0,19608.0,26602.0,34626.0,41522.0,36658.0,20280.0,12948.0,9073.0,2901.0,1244.0,773.0,731.0,398.0,55.0,6.0,0.0,0.0,0.0,0.0,0.0,0.0,2.0,35.0,127.0,367.0,787.0,1009.0,1260.0,1483.0,1882.0,2199.0,2123.0,2375.0,2399.0,3524.0,5111.0,7097.0,9871.0,14223.0,19829.0,29878.0,44475.0,45858.0,33106.0,17787.0,4393.0,1959.0,1136.0,396.0,30.0,4.0,0.0,0.0
213,516,216,593,222,669,234,746,258,815,305,871,367,914,441,941,523,947,599,936,661,903,706,856,732,798,741,731,745,663,751,596,752,531,286,448,321,401,379,380,440,382,496,401,553,403,603,387,659,389,707,415,728,465,522,465,526,506,530,544,534,587,465,645,496,650,527,655,556,651,584,646,340,482,373,464,408,462,440,486,407,492,371,492,583,492,618,471,651,472,678,495,651,501,617,498,412,767,457,735,498,716,525,723,550,716,585,736,620,768,584,779,552,784,525,786,496,784,458,779,431,763,496,750,524,752,550,750,602,764,551,750,526,752,498,750,485,0.0007758583470797055,45.39005286128528,0.9757954280071999,937.6974108135782,0.28686788842384814,248.15443859055617,3705.3995903930336,7.8435727034409695,11.075350640328244,0.0004991334463596821,3.4238147795861886,-0.3844771064164953,0.9971536807525847,185.0,602.0,2060.0,3370.0,4273.0,6470.0,9926.0,15325.0,24772.0,33930.0,35382.0,30983.0,24252.0,23361.0,21877.0,12114.0,3836.0,770.0,222.0,98.0,47.0,48.0,27.0,18.0,20.0,12.0,2.0,2.0,3.0,4.0,6.0,0.0,76.0,288.0,353.0,2014.0,2645.0,2960.0,3000.0,3512.0,5870.0,8420.0,10935.0,14856.0,22637.0,30142.0,30028.0,26899.0,21478.0,19995.0,22720.0,17885.0,6227.0,836.0,91.0,38.0,33.0,24.0,17.0,3.0,3.0,3.0,7.0,2.0,15.0,112.0,160.0,454.0,1587.0,1814.0,1657.0,1621.0,1617.0,1849.0,2319.0,3152.0,4503.0,6411.0,8844.0,8764.0,10909.0,16517.0,24689.0,26747.0,23562.0,21731.0,20724.0,17197.0,23887.0,19528.0,3502.0,100.0,7.0,7.0,8.0,3.0
152,438,155,531,161,624,178,711,218,788,282,854,355,911,434,955,516,960,587,939,641,885,690,823,729,757,751,685,761,613,768,536,768,458,250,447,301,411,366,405,430,418,488,446,569,442,618,416,672,403,724,408,754,443,530,491,534,555,539,620,543,686,452,679,489,696,530,711,565,696,593,676,327,485,364,474,400,474,435,496,399,499,362,497,587,496,625,474,660,470,691,483,664,495,627,498,372,739,434,742,488,747,522,754,555,746,593,740,626,736,593,788,556,820,522,827,485,823,431,796,389,744,487,761,522,766,555,759,612,743,556,786,522,793,487,790,486,0.0016348534965951584,98.1854784514581,0.9803811328376956,2502.210099686932,0.37984513860434194,149.14547874583116,9910.654920296267,8.058297732547564,11.10649136351378,0.0005771095428488634,3.5199174509718842,-0.42874785372349355,0.9987227108719127,502.0,5046.0,23728.0,63089.0,48854.0,22528.0,12530.0,9901.0,9527.0,7618.0,5675.0,5520.0,5301.0,5436.0,6088.0,7233.0,6766.0,5292.0,3604.0,2611.0,2108.0,1445.0,1022.0,637.0,443.0,234.0,187.0,99.0,53.0,38.0,11.0,1.0,62.0,2947.0,11788.0,31134.0,52524.0,41249.0,20574.0,10919.0,8897.0,8215.0,6175.0,6249.0,5364.0,4716.0,5146.0,4719.0,4651.0,5021.0,6273.0,7196.0,5788.0,4444.0,3320.0,2296.0,1461.0,845.0,511.0,295.0,170.0,98.0,47.0,33.0,19.0,1465.0,3604.0,7306.0,14867.0,19100.0,26350.0,33481.0,29461.0,19520.0,11262.0,6898.0,6392.0,5867.0,5328.0,5152.0,4726.0,4880.0,5112.0,4861.0,4129.0,4104.0,4142.0,4350.0,4561.0,4739.0,5213.0,6056.0,5047.0,2855.0,1446.0,834.0
222,511,228,588,235,664,246,737,273,808,319,868,377,918,444,959,518,972,590,958,650,912,701,856,740,793,763,723,776,649,782,577,786,503,276,448,309,409,361,398,415,403,466,421,564,421,613,403,664,397,714,412,743,453,516,475,517,522,517,569,518,618,451,654,483,663,515,673,548,664,579,655,337,488,369,472,403,473,438,494,402,496,367,495,589,494,622,474,656,473,688,491,658,496,624,496,376,744,425,726,478,717,516,724,555,717,601,725,646,743,602,798,557,823,516,829,475,824,423,798,390,749,477,739,516,742,555,738,630,748,555,786,516,792,476,788,487,0.001027107456048667,15.680205167521795,0.9937766942813259,1259.8506208405306,0.4012434739471929,257.44626905482653,5023.722278194586,8.081684601383586,10.691667483345814,0.0007427022487931069,2.866110970341796,-0.4911915746011846,0.999473191764303,0.0,125.0,402.0,901.0,1593.0,2761.0,4015.0,4664.0,7102.0,14394.0,24697.0,25298.0,21831.0,17988.0,15607.0,13879.0,13586.0,14518.0,14907.0,15714.0,15145.0,12683.0,8147.0,4294.0,1171.0,24.0,12.0,4.0,2.0,3.0,2.0,0.0,55.0,226.0,438.0,971.0,1569.0,2806.0,3494.0,4467.0,5040.0,8184.0,17412.0,26158.0,26737.0,24744.0,19235.0,14560.0,13104.0,11836.0,13615.0,16234.0,16857.0,13213.0,8593.0,4365.0,1463.0,63.0,15.0,8.0,2.0,2.0,2.0,1.0,0.0,36.0,130.0,370.0,633.0,1126.0,1698.0,1806.0,1908.0,2184.0,2735.0,3233.0,3816.0,6968.0,12551.0,18054.0,21639.0,25011.0,21503.0,17549.0,18347.0,16748.0,18006.0,21694.0,20545.0,12707.0,4099.0,366.0,2.0,3.0,2.0,0.0
214,478,212,552,218,627,232,698,259,766,304,830,363,886,432,930,509,945,582,929,644,886,694,832,730,768,752,699,766,629,776,558,777,486,276,428,321,409,371,412,419,421,466,440,571,442,618,422,665,410,716,406,759,430,522,485,523,539,524,594,525,649,466,675,493,684,523,694,549,685,573,675,332,485,365,465,404,466,437,495,400,503,361,504,589,496,623,465,662,463,694,483,666,502,627,503,401,763,447,750,488,740,517,749,545,739,583,748,625,757,586,797,549,814,518,818,487,815,446,798,421,766,487,767,517,770,546,767,606,762,547,768,518,771,488,769,488,0.0009589555474939272,15.904655722984824,0.9959185953521755,1948.9298715733476,0.4174936263070348,285.3069185026035,7779.814830570394,8.354120695708296,10.870642811059056,0.0008119178461845164,2.838706423643581,-0.5225753064136126,0.9997449588366273,249.0,865.0,2753.0,5545.0,6044.0,5363.0,5883.0,8110.0,13774.0,13525.0,12672.0,12118.0,12769.0,15109.0,13806.0,16582.0,18511.0,18059.0,14127.0,11478.0,10327.0,8864.0,5624.0,3130.0,1190.0,106.0,6.0,3.0,3.0,0.0,2.0,0.0,38.0,311.0,831.0,1554.0,2635.0,3662.0,4660.0,5889.0,5706.0,5834.0,9512.0,12644.0,11753.0,12052.0,11794.0,11287.0,12133.0,14661.0,14724.0,17558.0,20277.0,19367.0,13032.0,12342.0,8523.0,3511.0,304.0,2.0,1.0,0.0,0.0,0.0,4.0,45.0,158.0,402.0,772.0,1055.0,1429.0,1572.0,2409.0,2936.0,2976.0,3608.0,4987.0,5172.0,6074.0,8541.0,8787.0,9980.0,10310.0,9788.0,10932.0,10444.0,10787.0,10090.0,13389.0,16684.0,22889.0,23253.0,20516.0,14168.0,2397.0,43.0
231,475,241,547,252,617,264,687,292,748,335,798,390,839,446,871,510,884,576,872,644,845,707,810,758,761,789,698,806,627,819,553,832,475,269,438,302,398,356,383,412,390,466,406,548,405,605,387,666,382,723,397,766,434,504,475,502,516,500,554,498,595,445,631,472,637,500,643,530,638,560,633,331,485,365,470,403,470,434,493,400,500,362,498,588,493,619,470,657,470,695,483,661,497,622,499,400,711,440,692,477,681,504,687,533,683,579,696,630,712,580,748,534,765,503,767,474,762,439,746,418,713,476,702,504,706,533,705,611,714,533,733,504,735,476,731,489,0.004625826546698949,11.09268180146725,0.991868353083101,682.090059210368,0.5626294798580653,294.7389484976313,2717.267555039998,7.2168585410083175,9.03774774775509,0.0013863015633721848,2.384280289960721,-0.5503611684370593,0.9994189894471441,142.0,971.0,1725.0,1650.0,1380.0,1389.0,1315.0,1605.0,2174.0,3991.0,8398.0,13646.0,15867.0,30248.0,41432.0,44609.0,31494.0,13686.0,12647.0,3858.0,41.0,23.0,5.0,0.0,0.0,0.0,0.0,0.0,0.0,0.0,0.0,0.0,14.0,138.0,919.0,1531.0,1592.0,1389.0,1221.0,1357.0,1224.0,1384.0,1770.0,2965.0,5109.0,5591.0,9091.0,13775.0,18723.0,48311.0,51732.0,37397.0,15540.0,10924.0,590.0,9.0,0.0,0.0,0.0,0.0,0.0,0.0,0.0,0.0,0.0,0.0,25.0,389.0,601.0,910.0,1033.0,828.0,667.0,703.0,750.0,967.0,923.0,1004.0,1206.0,1436.0,2035.0,2621.0,3492.0,7335.0,13814.0,19677.0,44428.0,59208.0,37885.0,20680.0,9463.0,216.0,0.0,0.0,0.0,0.0
183,519,190,599,201,676,216,753,247,823,300,879,372,928,452,961,537,971,616,959,674,911,715,850,742,784,755,714,762,645,764,577,757,511,245,453,285,398,352,370,422,376,491,401,565,403,622,384,680,383,730,410,742,467,541,464,547,508,555,552,562,597,478,650,514,659,549,667,575,659,599,650,332,487,364,465,403,464,442,486,403,493,364,495,586,489,624,468,663,471,689,493,662,501,623,497,403,740,451,729,503,721,539,730,571,722,612,730,644,741,613,777,577,790,542,794,503,790,454,773,423,747,503,753,540,756,573,753,624,748,574,753,540,757,504,753,49,0.000516131601897865,73.37404489071253,0.9840071769069161,2294.6036325682953,0.2507798225765598,251.4689320573595,9105.04048538247,8.371635044449151,11.976660039510353,0.00037006190856538545,3.9151665220528864,-0.3765147086599695,0.9978984609981087,3878.0,7143.0,8604.0,8884.0,8810.0,8840.0,9176.0,10794.0,12090.0,13902.0,15254.0,17482.0,19661.0,22182.0,21536.0,21749.0,21768.0,21213.0,12265.0,5910.0,4433.0,3268.0,1344.0,242.0,69.0,43.0,55.0,21.0,27.0,9.0,6.0,6.0,987.0,4765.0,6121.0,6913.0,7317.0,7129.0,7065.0,7382.0,7892.0,8664.0,9926.0,11241.0,12766.0,14364.0,16267.0,18035.0,20547.0,22192.0,24388.0,24294.0,22963.0,10166.0,6160.0,2618.0,275.0,75.0,58.0,50.0,31.0,10.0,1.0,2.0,61.0,1089.0,3887.0,4617.0,4866.0,5165.0,5029.0,4823.0,4800.0,4807.0,4609.0,4807.0,4990.0,5216.0,5578.0,6557.0,7591.0,9017.0,10357.0,11262.0,12492.0,15242.0,18292.0,19832.0,19423.0,22882.0,26757.0,21835.0,12214.0,2357.0,141.0,69.0
186,490,194,568,208,642,224,715,252,785,304,847,371,898,442,940,517,950,588,933,644,880,690,822,725,760,743,694,756,629,766,563,768,490,256,461,310,433,374,432,437,443,495,466,550,464,601,440,657,428,714,427,752,460,525,494,528,546,532,601,535,657,457,673,492,684,529,696,562,685,591,674,331,493,367,480,403,479,437,499,401,501,366,501,593,498,627,478,661,476,694,488,664,498,629,499,381,738,431,733,485,731,523,740,558,732,601,735,640,740,601,785,558,811,521,817,481,812,427,785,398,742,485,745,523,751,558,746,621,746,557,775,521,782,482,776,490,0.0008163821807866864,25.407361953271625,0.9951142890535798,2599.970630137006,0.3641925290645719,302.91809690261147,10374.475158594698,8.379433475380438,11.21002534889807,0.0006337562251182507,3.1125593744772058,-0.4817876067867291,0.999543094226224,103.0,860.0,1277.0,1703.0,2010.0,2542.0,3957.0,6538.0,11021.0,18586.0,18542.0,18741.0,19779.0,14332.0,10978.0,9627.0,7549.0,6739.0,7197.0,7376.0,6781.0,8181.0,8812.0,9296.0,10406.0,9531.0,4043.0,1734.0,769.0,172.0,50.0,16.0,36.0,399.0,959.0,1284.0,1516.0,1706.0,2030.0,3099.0,4676.0,7005.0,9122.0,14242.0,18820.0,18691.0,15931.0,17696.0,12280.0,6929.0,5182.0,5320.0,5734.0,5875.0,6781.0,7490.0,8595.0,12099.0,13182.0,13784.0,6274.0,1944.0,520.0,47.0,0.0,9.0,61.0,295.0,555.0,646.0,602.0,605.0,761.0,1053.0,1224.0,1368.0,1659.0,2096.0,2868.0,5230.0,9284.0,15807.0,19431.0,20714.0,21809.0,12670.0,8173.0,6325.0,5009.0,4995.0,5469.0,5773.0,6621.0,6986.0,10427.0,50723.0
197,478,200,556,210,634,223,712,254,787,306,851,369,902,440,940,513,951,581,935,638,887,685,830,720,765,741,694,755,625,761,555,755,484,268,422,314,399,369,393,422,400,473,416,569,414,612,399,658,393,704,395,739,420,522,481,523,534,525,586,527,639,461,672,492,679,523,687,549,680,574,672,330,485,365,473,401,473,435,494,399,499,363,498,588,495,622,474,656,473,688,484,659,498,624,499,395,760,443,746,486,738,516,746,545,737,579,744,616,756,581,787,548,805,518,809,486,807,443,792,412,762,487,764,517,767,545,762,597,759,546,765,517,769,487,766,491,0.0027571360714198495,33.18818787675784,0.9893153017003926,1552.8812528033322,0.5119815485380147,361.5064817873234,6178.336823336576,7.84924281522491,10.015529013107287,0.000936747751015764,2.756836090493576,-0.5401106402058311,0.9996564625660375,89.0,485.0,1286.0,1901.0,1658.0,1555.0,1423.0,1658.0,1988.0,2293.0,2680.0,3088.0,3363.0,3448.0,4020.0,4627.0,5552.0,7271.0,11077.0,14248.0,19383.0,22952.0,26310.0,23756.0,22727.0,22814.0,17953.0,12498.0,4048.0,2884.0,493.0,0.0,1158.0,1566.0,1491.0,1368.0,1512.0,1707.0,1690.0,1943.0,2116.0,2310.0,2631.0,2840.0,2605.0,2481.0,2777.0,3122.0,3726.0,4880.0,7076.0,11692.0,14054.0,20627.0,28554.0,33850.0,35402.0,30122.0,15802.0,6348.0,3475.0,603.0,0.0,0.0,43.0,150.0,330.0,517.0,695.0,616.0,582.0,584.0,554.0,541.0,627.0,687.0,831.0,1177.0,1499.0,1922.0,1991.0,1975.0,1983.0,2590.0,3027.0,4031.0,6078.0,9761.0,17375.0,23178.0,44258.0,61291.0,42290.0,16295.0,2037.0,13.0
191,489,195,574,205,656,221,738,252,814,306,879,371,933,443,973,520,979,593,966,651,919,701,857,737,789,759,715,769,639,775,563,776,486,256,456,297,412,357,393,417,396,477,412,569,416,620,402,672,401,720,419,746,461,526,478,530,533,534,589,538,646,466,676,497,685,531,695,560,684,585,672,334,485,366,467,403,468,435,489,401,495,364,496,586,492,617,470,653,471,682,487,655,499,620,498,404,762,452,764,493,759,523,767,553,757,587,759,625,757,590,792,558,809,527,813,495,811,454,795,425,770,493,777,524,779,554,774,606,765,556,773,526,780,496,777,492,0.0005353896082836072,44.0372684406575,0.9819194709569197,1218.2350256515638,0.24241782532486394,258.383993385075,4828.902834165616,8.090664148948042,11.568425179895385,0.0004065078200029171,3.6363738203508578,-0.3704409289906362,0.9971707095634551,326.0,1358.0,2642.0,3500.0,5226.0,7804.0,11113.0,15080.0,19812.0,24478.0,29108.0,31608.0,30986.0,27000.0,25083.0,18181.0,9819.0,4837.0,2440.0,1118.0,587.0,273.0,155.0,76.0,64.0,37.0,29.0,23.0,17.0,17.0,6.0,12.0,39.0,308.0,1446.0,2002.0,2519.0,3471.0,4668.0,6078.0,7965.0,9875.0,12953.0,15678.0,20058.0,23960.0,28053.0,30473.0,27627.0,25161.0,23091.0,15071.0,6721.0,3022.0,1380.0,717.0,237.0,82.0,53.0,35.0,22.0,31.0,9.0,10.0,2.0,27.0,196.0,587.0,851.0,1070.0,1361.0,1640.0,2172.0,2700.0,3395.0,4370.0,5167.0,6541.0,7426.0,9081.0,10373.0,11553.0,13056.0,14999.0,16543.0,16406.0,17664.0,19135.0,18632.0,18007.0,17279.0,18860.0,17854.0,11129.0,3867.0,872.0
132,419,138,509,149,598,172,681,213,755,275,819,351,871,429,907,505,913,566,894,608,845,652,791,688,729,713,662,732,593,745,525,749,457,259,416,317,399,377,395,436,407,490,430,585,434,627,413,670,397,711,393,741,412,537,490,540,539,544,587,549,636,478,671,506,678,536,686,560,677,580,664,328,482,368,474,407,474,438,492,404,505,363,503,588,492,620,471,655,471,682,479,658,500,622,502,418,769,465,753,506,738,530,745,553,735,578,745,601,757,578,785,555,800,530,807,504,806,464,798,436,769,504,759,528,760,552,754,586,758,554,762,531,768,506,767,493,0.0011447681196416022,15.45694142586061,0.9957835668244908,1832.7278160663118,0.44252173497245195,310.95930603410125,7315.454322839396,8.316018044556962,10.686635454136995,0.0008465092485797095,2.7784416765367546,-0.5401524627121681,0.9997936085344523,5936.0,2735.0,3371.0,4190.0,5428.0,7116.0,8748.0,9966.0,11160.0,12820.0,13048.0,15292.0,15420.0,11806.0,11174.0,13106.0,11923.0,12955.0,14225.0,13654.0,11476.0,8815.0,5074.0,2774.0,1771.0,1464.0,440.0,0.0,0.0,0.0,0.0,0.0,2228.0,1546.0,1163.0,1328.0,1534.0,1490.0,1997.0,2636.0,4507.0,5589.0,6141.0,7134.0,8890.0,9859.0,10710.0,13834.0,17024.0,16508.0,14954.0,13621.0,14521.0,14849.0,16995.0,17560.0,14961.0,7374.0,3747.0,2183.0,1004.0,0.0,0.0,0.0,333.0,309.0,273.0,295.0,358.0,506.0,507.0,582.0,582.0,590.0,643.0,783.0,766.0,868.0,1119.0,1385.0,2041.0,3173.0,4469.0,5755.0,7699.0,8739.0,12024.0,16270.0,19727.0,20134.0,22411.0,22272.0,25894.0,35188.0,15435.0,4757.0
218,466,226,544,242,619,259,693,285,764,328,827,381,883,439,924,509,934,576,921,630,877,673,820,709,758,734,692,752,622,767,550,774,476,271,439,311,405,367,396,421,407,471,430,559,430,608,407,660,396,712,403,748,439,517,485,518,545,519,604,520,664,456,688,487,696,518,706,548,696,576,686,331,485,363,468,401,470,433,497,398,501,360,500,589,496,619,468,656,466,686,483,659,498,623,499,397,756,442,757,483,753,515,761,545,751,582,755,624,755,583,788,548,808,516,814,482,811,442,793,413,764,482,775,515,778,546,773,608,761,547,773,516,780,483,776,494,0.001297645776854704,27.433572646355852,0.9849830609363526,913.6533481615015,0.40404033588413335,296.5062424532206,3627.17981999967,7.842137700547325,10.479224534438545,0.0007127326377737783,2.9590526989338697,-0.46948565412223037,0.9991083565236816,16.0,86.0,435.0,1005.0,1208.0,1443.0,1951.0,2715.0,4415.0,7447.0,13126.0,16711.0,20494.0,26019.0,25831.0,25479.0,25791.0,20976.0,14729.0,7797.0,3382.0,793.0,179.0,41.0,9.0,3.0,2.0,1.0,3.0,2.0,1.0,3.0,7.0,22.0,165.0,419.0,790.0,1164.0,1242.0,1484.0,1958.0,2392.0,3436.0,5358.0,7873.0,12085.0,16415.0,17110.0,23862.0,24993.0,23407.0,24042.0,25608.0,16099.0,9100.0,2694.0,315.0,38.0,6.0,0.0,4.0,2.0,0.0,3.0,9.0,8.0,27.0,78.0,277.0,428.0,492.0,637.0,834.0,890.0,944.0,1011.0,1206.0,1707.0,2786.0,3684.0,4871.0,6785.0,9295.0,14558.0,13732.0,14655.0,20703.0,22747.0,19066.0,20962.0,18066.0,18779.0,14081.0,7449.0,1289.0,37.0
174,478,178,565,184,647,200,727,237,799,290,858,360,904,435,938,513,947,587,933,646,890,699,840,737,779,758,706,767,631,775,557,778,482,270,441,316,406,375,394,432,406,485,424,566,421,614,403,665,396,715,411,741,452,528,482,530,533,534,584,536,637,464,672,496,679,529,687,559,681,586,673,337,485,371,470,407,471,438,494,406,498,369,498,593,495,624,471,659,469,689,485,662,498,627,499,405,764,450,751,492,742,522,751,551,743,587,753,620,767,587,798,553,811,522,814,491,810,449,796,422,767,491,772,522,776,552,773,604,769,552,770,522,773,492,770,495,0.001236656242846213,28.918961038115416,0.9721115985491151,518.6310965660759,0.2956079648591756,280.4886094250584,2045.6054252261783,7.404565463365216,10.52631140084537,0.0005320136979231326,3.3129572845051793,-0.35930177440741495,0.9945810233146586,374.0,438.0,463.0,846.0,1138.0,1188.0,1568.0,2354.0,5333.0,11176.0,19212.0,31202.0,38735.0,42003.0,40255.0,30809.0,17692.0,9437.0,5115.0,2342.0,1117.0,597.0,300.0,138.0,57.0,15.0,13.0,3.0,3.0,0.0,1.0,13.0,0.0,7.0,65.0,211.0,473.0,906.0,1061.0,1161.0,1804.0,2586.0,3663.0,6123.0,10753.0,17710.0,22698.0,36564.0,49752.0,48631.0,32995.0,15929.0,6578.0,2522.0,984.0,482.0,210.0,39.0,17.0,7.0,3.0,3.0,0.0,0.0,0.0,0.0,5.0,24.0,75.0,193.0,482.0,944.0,938.0,832.0,993.0,1340.0,1596.0,1778.0,2321.0,3775.0,5544.0,10148.0,11176.0,13267.0,19893.0,28982.0,36929.0,43167.0,39125.0,26379.0,10624.0,2695.0,564.0,108.0,31.0,9.0
168,523,176,605,189,684,210,760,247,828,306,882,378,925,457,954,536,962,606,945,663,901,712,845,749,781,767,712,775,638,777,568,774,499,263,443,307,407,365,393,423,400,476,421,574,419,619,398,668,393,715,407,742,444,531,479,538,523,545,566,553,610,469,653,505,663,542,673,573,663,600,652,330,495,366,478,403,479,440,500,404,501,366,501,591,500,625,479,659,478,692,495,662,501,627,501,374,737,436,712,496,703,535,710,572,703,617,714,658,736,618,793,574,817,534,822,492,818,434,796,391,741,496,728,535,732,573,728,641,740,572,780,533,786,493,783,496,0.0033367259792341916,12.972298104567336,0.9919494770376696,805.737311795976,0.4912184181117038,280.25987803047957,3209.976949079377,7.575172803460523,9.755491382556947,0.0009478128070393851,2.617868207905417,-0.51791658295382,0.999388390977481,47.0,429.0,742.0,1637.0,2584.0,2727.0,3804.0,5668.0,10193.0,15701.0,16486.0,18681.0,27400.0,42201.0,37599.0,36049.0,21833.0,9037.0,4922.0,3217.0,2572.0,2891.0,3438.0,3006.0,1080.0,211.0,71.0,7.0,0.0,0.0,0.0,0.0,0.0,147.0,367.0,790.0,1473.0,1732.0,1924.0,2769.0,3414.0,4409.0,6416.0,9851.0,13908.0,16009.0,18566.0,27523.0,38735.0,59570.0,35642.0,9375.0,4886.0,3972.0,2971.0,2909.0,3099.0,2618.0,1068.0,88.0,2.0,0.0,0.0,0.0,0.0,0.0,20.0,134.0,468.0,806.0,900.0,873.0,699.0,798.0,1139.0,1428.0,1845.0,1952.0,2467.0,3250.0,4845.0,5528.0,7719.0,11918.0,19839.0,26932.0,51631.0,76666.0,29092.0,6010.0,4158.0,3905.0,3826.0,4075.0,1239.0,71.0
244,500,243,572,254,642,267,709,287,779,325,843,377,896,438,934,510,947,583,935,645,894,698,841,736,777,759,709,772,640,785,569,785,497,282,420,317,387,366,377,418,379,467,395,543,392,595,377,650,375,703,386,742,417,510,467,510,510,510,552,510,597,463,654,486,660,511,663,536,660,560,656,332,485,364,469,400,468,434,491,399,497,362,497,587,490,621,468,657,468,690,485,660,498,622,497,413,764,450,733,488,712,511,720,533,713,572,735,611,768,573,806,536,822,509,825,483,821,448,804,431,762,487,745,511,748,534,747,592,766,534,772,510,775,485,772,497,0.001137699399100101,21.670417426272465,0.9945792263700042,1999.6928937458651,0.427641984762003,312.9060597111442,7977.101157557161,8.31962105582216,10.832936915923217,0.0007732056683192857,2.93852458260499,-0.5208550445020178,0.9997310401835235,59.0,301.0,1337.0,3447.0,4197.0,4223.0,3799.0,3828.0,4213.0,4729.0,5641.0,6836.0,10052.0,9855.0,12608.0,14039.0,13394.0,16623.0,15343.0,16003.0,17936.0,17487.0,15872.0,16363.0,13523.0,11104.0,2756.0,2057.0,1348.0,194.0,0.0,0.0,16.0,241.0,840.0,1792.0,3394.0,4569.0,3697.0,3608.0,3645.0,3831.0,4518.0,5112.0,5623.0,7926.0,10057.0,10766.0,12956.0,15271.0,16049.0,19754.0,17369.0,18984.0,21587.0,18709.0,17640.0,12907.0,4108.0,2318.0,1557.0,323.0,0.0,0.0,0.0,50.0,156.0,549.0,1119.0,1529.0,2149.0,2384.0,2743.0,2576.0,2596.0,2960.0,2903.0,2898.0,3179.0,3568.0,4108.0,5446.0,7892.0,10007.0,11081.0,14883.0,16890.0,22197.0,22590.0,25164.0,27201.0,27485.0,16906.0,3671.0,2281.0,6.0
164,500,170,585,181,670,202,750,241,820,298,875,364,919,435,952,512,960,582,946,635,905,678,851,712,788,732,721,744,650,749,577,747,505,260,431,305,396,362,382,421,387,478,404,575,404,621,390,669,387,714,397,738,437,528,470,531,516,537,562,542,610,464,654,498,660,535,668,565,662,595,655,327,485,362,464,403,463,441,489,403,497,361,498,585,491,618,464,656,464,686,485,659,500,620,498,412,763,458,738,506,721,534,729,559,722,595,738,626,767,594,794,560,807,533,810,504,808,459,793,433,763,505,759,533,761,559,760,608,768,559,760,534,762,506,760,498,0.0007561247621588606,29.235072857935883,0.9837407542923555,899.0420050712928,0.2998472933238815,190.52793666190894,3566.932947427231,7.9024253330073915,11.046448710725395,0.0005438768673341666,3.30819555738775,-0.40163322778170485,0.9978686733121678,2920.0,4289.0,18143.0,33047.0,25523.0,26513.0,32509.0,34054.0,29797.0,19309.0,13820.0,12313.0,8928.0,4296.0,1949.0,1120.0,808.0,583.0,443.0,150.0,37.0,3.0,5.0,7.0,2.0,3.0,1.0,2.0,2.0,1.0,5.0,6.0,1076.0,2234.0,1974.0,2819.0,6769.0,21439.0,21816.0,20197.0,21726.0,25408.0,28365.0,30419.0,26574.0,19595.0,13746.0,11088.0,8435.0,4727.0,1229.0,481.0,356.0,78.0,18.0,2.0,2.0,4.0,3.0,3.0,3.0,1.0,1.0,0.0,219.0,645.0,1290.0,1229.0,1003.0,1140.0,1339.0,1630.0,2012.0,3156.0,7027.0,12976.0,13733.0,14008.0,17149.0,19095.0,19937.0,21604.0,25921.0,26465.0,22462.0,18005.0,14066.0,10656.0,7507.0,4923.0,1290.0,88.0,8.0,5.0,0.0,0.0
170,525,177,607,190,688,207,771,248,844,311,905,389,950,466,982,544,983,611,963,661,907,706,849,741,784,760,714,767,644,766,574,754,506,248,463,285,414,347,388,413,389,474,412,585,410,630,392,680,390,725,411,741,457,537,479,545,525,553,570,561,618,470,652,509,661,548,673,581,663,609,653,329,495,365,479,401,479,441,496,403,498,365,498,589,499,625,479,658,479,687,495,660,498,626,498,368,736,429,719,493,716,537,724,578,716,627,718,669,731,628,793,579,822,535,828,488,824,425,797,383,738,493,733,537,740,578,734,649,735,578,790,535,797,490,794,499,0.0005880488819743601,69.23416542188663,0.9823599553021275,1963.399202615059,0.2708484381170674,297.4512310214974,7784.362645038353,8.314351904787852,11.844326065093565,0.00040852414393393406,3.803082438417906,-0.3819467848414716,0.9979455774545983,473.0,2298.0,4677.0,5607.0,5066.0,5354.0,5626.0,6531.0,7558.0,9378.0,13074.0,16599.0,19375.0,23582.0,26761.0,29154.0,27590.0,24140.0,17984.0,12588.0,8012.0,4040.0,2757.0,2115.0,1241.0,791.0,427.0,185.0,43.0,31.0,16.0,18.0,164.0,1246.0,2048.0,4179.0,4309.0,4276.0,4178.0,4321.0,4755.0,5434.0,6775.0,8471.0,10166.0,12012.0,14535.0,17101.0,20539.0,24089.0,27110.0,29364.0,26641.0,19679.0,12747.0,8026.0,3953.0,2438.0,1622.0,1249.0,905.0,543.0,150.0,66.0,30.0,635.0,833.0,1040.0,1952.0,2476.0,2836.0,2772.0,2634.0,2530.0,2611.0,2795.0,3005.0,3375.0,3540.0,4043.0,4304.0,4974.0,5744.0,6776.0,7657.0,8807.0,11190.0,13758.0,16605.0,19273.0,20992.0,23622.0,25780.0,22557.0,20210.0,33735.0
154,502,166,588,182,670,204,751,246,822,306,883,377,930,455,963,529,966,591,948,637,893,679,834,711,770,731,699,744,630,749,561,743,494,261,445,303,413,357,400,412,406,465,425,592,425,629,401,670,389,711,395,734,426,537,485,545,540,553,593,560,647,482,669,514,681,546,693,575,682,596,666,332,496,364,472,403,473,439,501,403,507,364,507,588,498,619,468,658,464,688,483,662,499,625,501,367,744,434,729,496,726,534,731,567,723,606,723,638,732,610,807,571,835,534,840,494,838,430,811,380,748,497,745,534,749,567,742,621,741,568,799,533,807,494,805,5,0.0010845515385102147,26.852017003653902,0.9875791369105736,1081.609608879011,0.350623256906808,280.51399656842875,4299.58641851239,7.940038230142575,10.858706346647038,0.00060281385333828,3.166848156820221,-0.43660963435990846,0.9987240599762465,43.0,615.0,737.0,1263.0,1748.0,2341.0,3090.0,5158.0,10357.0,12448.0,13397.0,15262.0,18776.0,26347.0,31033.0,35595.0,32536.0,21837.0,10735.0,7389.0,4428.0,2534.0,1646.0,917.0,425.0,118.0,64.0,35.0,24.0,18.0,5.0,12.0,3.0,372.0,758.0,1113.0,1380.0,1578.0,2156.0,2851.0,4245.0,6912.0,12107.0,12135.0,11928.0,12485.0,14906.0,22199.0,31754.0,32533.0,32660.0,24635.0,14559.0,8971.0,3481.0,1773.0,1358.0,1075.0,646.0,237.0,52.0,32.0,17.0,22.0,0.0,34.0,354.0,608.0,807.0,1007.0,1002.0,1065.0,1318.0,1419.0,1945.0,2222.0,2870.0,4119.0,7628.0,6052.0,6665.0,8052.0,9435.0,10644.0,13063.0,18343.0,25254.0,29228.0,29197.0,35902.0,27721.0,11643.0,2613.0,529.0,111.0,83.0
228,513,234,583,244,652,253,722,272,793,314,854,370,907,437,946,515,959,594,945,657,902,710,850,750,790,770,720,779,651,789,585,797,518,273,452,303,402,360,383,419,387,474,406,549,408,605,391,664,389,720,410,749,460,512,464,512,511,512,558,511,608,449,645,479,653,511,663,544,653,575,646,335,487,365,472,399,472,432,486,398,490,364,491,592,487,624,474,657,476,688,491,657,494,624,492,391,743,431,717,476,703,511,711,547,703,593,716,633,744,596,787,552,812,513,818,476,813,431,788,408,746,476,730,511,732,548,729,616,747,550,768,513,773,477,768,50,0.0007414297564523999,29.420842333812633,0.991462538166049,1723.4070300938783,0.3386002607345358,303.7494632921346,6864.207278041671,8.3020055500172,11.250186293424074,0.0006273699311685913,3.2210368591577225,-0.4600589786863143,0.9993237388055045,545.0,1232.0,1572.0,2132.0,3212.0,4746.0,6569.0,7772.0,9326.0,10602.0,11346.0,15681.0,21715.0,24538.0,24674.0,22649.0,20640.0,15428.0,13971.0,11999.0,9642.0,7135.0,5000.0,3432.0,1613.0,536.0,204.0,6.0,0.0,0.0,0.0,0.0,307.0,606.0,1190.0,1468.0,1922.0,2488.0,3611.0,4355.0,5453.0,6456.0,6840.0,8311.0,9690.0,11538.0,13713.0,16373.0,18626.0,21534.0,23982.0,21430.0,19862.0,17096.0,14775.0,11349.0,7692.0,4964.0,1698.0,570.0,18.0,0.0,0.0,0.0,15.0,145.0,390.0,391.0,589.0,911.0,1038.0,1110.0,1276.0,1531.0,2017.0,1925.0,2150.0,2823.0,3253.0,3998.0,4997.0,5953.0,6657.0,7100.0,8544.0,9575.0,11185.0,11946.0,13478.0,16749.0,21545.0,23605.0,24956.0,21589.0,19937.0,26539.0
252,537,251,606,254,676,263,746,282,814,315,874,371,915,436,942,508,946,581,939,646,914,705,880,747,828,771,762,782,691,790,619,794,547,295,466,315,412,365,383,423,382,480,395,543,396,602,381,663,385,716,415,739,470,509,456,508,493,506,529,504,568,457,634,483,639,508,643,533,638,559,633,350,493,373,467,407,465,442,489,408,497,374,501,581,489,613,461,648,464,676,490,648,497,613,495,412,761,445,722,481,703,508,708,536,703,573,722,604,759,570,770,535,774,506,776,478,774,444,773,429,757,481,736,509,737,536,736,585,755,534,741,506,742,479,741,500,0.0005057624901059838,75.32087437188751,0.969312389871798,1227.4618392672191,0.24019306413558478,266.63502793267037,4834.526482696998,8.103486602407017,11.747513258610859,0.00036635425345320704,3.8929874843835153,-0.34862285603134646,0.996145860935558,11.0,104.0,311.0,901.0,2359.0,4526.0,7179.0,10413.0,15874.0,20607.0,23344.0,26936.0,29207.0,30776.0,29129.0,24272.0,14385.0,7717.0,4049.0,1578.0,635.0,484.0,346.0,161.0,120.0,80.0,82.0,20.0,17.0,19.0,17.0,15.0,0.0,16.0,137.0,328.0,1044.0,2228.0,3441.0,4746.0,6544.0,7979.0,10285.0,13400.0,17044.0,19767.0,22170.0,23735.0,23047.0,22520.0,22722.0,23426.0,17456.0,8748.0,3217.0,863.0,374.0,136.0,108.0,91.0,40.0,20.0,18.0,24.0,0.0,0.0,9.0,95.0,394.0,1042.0,1774.0,2511.0,2901.0,3684.0,4196.0,5100.0,5865.0,6757.0,7961.0,9704.0,11989.0,13235.0,14876.0,15852.0,15287.0,14555.0,13686.0,13867.0,15307.0,16178.0,17674.0,16890.0,11559.0,8747.0,2937.0,1042.0
134,459,138,549,147,640,171,726,216,801,280,860,359,905,439,937,513,943,573,921,612,872,647,814,681,754,708,691,729,621,732,553,725,484,258,416,312,392,373,382,433,392,489,415,585,418,621,395,660,380,700,376,728,400,535,488,541,535,549,583,557,631,475,668,507,674,541,682,569,674,593,663,324,488,362,465,408,467,444,500,403,512,356,510,582,498,615,461,657,457,684,478,663,501,621,504,397,764,457,742,512,723,540,728,562,720,595,729,618,749,595,803,565,828,539,835,508,835,453,818,422,765,510,761,538,760,562,756,597,756,563,772,539,778,511,779,501,0.000546346122626589,34.65904219258208,0.9919767417517341,2159.9897218727447,0.3271047957511388,268.3340033756521,8605.2998452984,8.493757766864945,11.54872411494695,0.0005690045046819838,3.252311775539064,-0.45988710625050666,0.9994387002033622,780.0,2646.0,5692.0,6861.0,7764.0,9342.0,13311.0,14884.0,16473.0,19121.0,19402.0,18553.0,18702.0,17870.0,16675.0,15228.0,14103.0,11577.0,8521.0,6081.0,5634.0,4195.0,2500.0,1322.0,595.0,321.0,162.0,87.0,44.0,26.0,6.0,33.0,291.0,1098.0,2597.0,4633.0,5178.0,5285.0,6002.0,7140.0,9177.0,10427.0,11166.0,12470.0,14701.0,17192.0,15144.0,14448.0,16582.0,16553.0,15896.0,15411.0,15690.0,13121.0,10791.0,6985.0,6305.0,2797.0,1033.0,241.0,69.0,56.0,14.0,18.0,20.0,181.0,622.0,901.0,1178.0,1640.0,2488.0,2607.0,3456.0,3685.0,3874.0,4221.0,5295.0,6369.0,6445.0,6663.0,7414.0,7956.0,9294.0,11174.0,12916.0,13194.0,11892.0,12006.0,14448.0,16851.0,17233.0,17437.0,19321.0,18955.0,13943.0,4832.0
175,528,174,606,176,686,187,770,216,843,270,900,346,939,426,969,508,984,589,972,660,939,725,897,775,838,803,765,817,683,823,602,826,524,271,428,307,383,358,357,417,357,466,380,566,381,613,358,669,357,718,385,747,435,516,470,518,523,520,573,521,624,446,659,480,672,517,684,552,673,585,660,336,487,369,467,406,467,441,494,406,498,368,496,581,493,616,469,653,468,684,490,653,498,617,498,375,758,422,717,476,701,516,710,553,704,604,721,645,762,604,813,555,834,515,837,474,832,422,810,390,757,476,732,515,735,553,735,630,761,553,795,516,797,475,793,502,0.001892897048781332,24.86259503928494,0.9818454468430794,684.6963725744745,0.3919992938904418,264.5216993124685,2713.9228952585945,7.538656289162865,10.228038356498773,0.0007684117648832584,3.0014033476283295,-0.43745554196099234,0.9981727192834455,5.0,38.0,375.0,2047.0,6046.0,7170.0,9918.0,20854.0,43544.0,64522.0,65193.0,43824.0,28103.0,16973.0,10439.0,5964.0,2285.0,1484.0,785.0,451.0,148.0,48.0,21.0,14.0,6.0,4.0,0.0,0.0,0.0,0.0,0.0,0.0,0.0,0.0,22.0,146.0,874.0,3731.0,5678.0,4803.0,4723.0,6948.0,10017.0,13318.0,19857.0,27567.0,39539.0,54519.0,61003.0,39280.0,19186.0,9910.0,5090.0,1422.0,938.0,1215.0,352.0,81.0,27.0,13.0,2.0,0.0,0.0,0.0,0.0,0.0,0.0,0.0,32.0,57.0,206.0,1546.0,3270.0,3220.0,3222.0,3193.0,3019.0,3247.0,4259.0,5258.0,5437.0,6632.0,9659.0,14432.0,20053.0,23543.0,29407.0,46850.0,73207.0,46319.0,17606.0,5710.0,835.0,32.0,6.0,4.0
222,539,228,612,235,685,247,757,274,826,315,883,370,928,433,960,508,968,586,954,655,923,714,882,757,826,783,757,797,688,804,615,809,540,275,479,303,426,358,400,420,397,482,408,543,416,605,400,670,401,729,428,761,483,512,452,511,484,510,515,509,551,449,622,478,626,509,629,539,626,571,622,333,495,362,472,397,468,436,485,400,493,364,497,589,484,623,466,659,471,691,491,657,494,622,490,407,753,441,722,477,703,507,708,537,701,578,718,617,752,580,778,542,791,510,794,478,792,442,778,426,750,477,727,507,729,537,726,599,750,540,754,510,758,479,755,503,0.0005001630598897121,25.889627587951367,0.9961806231972475,3389.344688935851,0.31907995204236095,257.68328855380196,13531.48912815543,8.620426945609653,11.644683710201157,0.000547903905134978,3.2648632897049126,-0.4725327305097523,0.9995908345814538,4.0,469.0,810.0,2469.0,5319.0,10543.0,14055.0,18308.0,20269.0,23420.0,24511.0,18243.0,15625.0,11568.0,8394.0,6162.0,5940.0,5949.0,6264.0,6393.0,6554.0,6927.0,9434.0,10721.0,7077.0,6155.0,5857.0,5721.0,4268.0,1824.0,119.0,100.0,4.0,291.0,654.0,1525.0,3999.0,7174.0,10907.0,12739.0,15757.0,18251.0,20624.0,20200.0,20125.0,15444.0,12942.0,9221.0,6309.0,5349.0,5193.0,5607.0,6077.0,6487.0,6631.0,6992.0,8471.0,11073.0,9788.0,7803.0,7398.0,5501.0,908.0,28.0,0.0,36.0,248.0,663.0,1653.0,3062.0,4948.0,7391.0,8131.0,9494.0,10900.0,12751.0,14812.0,15660.0,15656.0,15278.0,14309.0,12000.0,9827.0,8502.0,7387.0,5626.0,5214.0,5597.0,6097.0,6117.0,6506.0,7460.0,9106.0,11268.0,12966.0,20807.0
228,527,232,601,241,673,255,746,282,812,323,870,374,916,434,956,510,968,587,960,653,924,714,880,762,823,791,756,801,680,808,603,812,527,276,460,301,416,354,393,408,398,465,416,551,414,610,393,669,386,725,410,755,461,506,471,505,512,504,552,502,595,456,641,480,647,507,652,534,647,562,642,337,494,365,471,403,470,439,494,403,503,365,505,589,494,622,470,660,470,690,494,662,505,622,504,398,738,437,717,478,707,511,712,542,709,586,721,627,748,586,786,543,800,508,802,474,798,433,781,413,741,478,726,510,730,542,728,610,747,542,769,509,770,475,766,504,0.0007129226721874177,41.60522685823284,0.9842990195745422,1325.157337004493,0.28487545170943623,254.42485605706457,5259.02412115974,8.094077799556404,11.406175053767086,0.0004509020372762025,3.5679057203469617,-0.3934715129254923,0.9979492620833084,27.0,1110.0,3689.0,4935.0,7307.0,9123.0,10211.0,10917.0,11680.0,13933.0,16587.0,18791.0,22671.0,27692.0,29964.0,28070.0,21107.0,14976.0,6721.0,4753.0,2275.0,1127.0,783.0,635.0,298.0,91.0,29.0,20.0,11.0,10.0,9.0,7.0,0.0,86.0,1101.0,2914.0,3910.0,5469.0,7254.0,8505.0,9768.0,10900.0,12191.0,14063.0,16408.0,18041.0,19906.0,28380.0,32666.0,28399.0,22621.0,13183.0,5914.0,3913.0,1377.0,711.0,754.0,730.0,255.0,81.0,27.0,16.0,9.0,7.0,0.0,0.0,2.0,41.0,678.0,1486.0,1790.0,2552.0,3218.0,4040.0,4670.0,5484.0,6293.0,6887.0,7535.0,7668.0,8474.0,10712.0,12055.0,14236.0,16475.0,19267.0,22875.0,25985.0,27428.0,24706.0,22318.0,11164.0,1409.0,62.0,23.0,26.0
216,499,221,573,230,645,245,715,278,778,326,835,388,879,457,917,523,932,588,916,647,872,698,819,733,757,755,693,765,626,769,560,766,493,269,449,310,418,363,407,417,412,467,432,576,430,618,408,665,399,715,405,751,439,521,486,522,537,524,586,525,638,462,654,492,667,524,678,553,668,579,659,334,491,369,476,405,475,441,498,404,503,367,502,592,499,627,475,663,472,695,488,665,500,629,501,374,705,432,700,484,700,522,707,557,700,600,701,647,707,603,772,559,799,520,804,480,798,427,767,390,708,484,718,522,725,557,721,630,712,558,764,521,770,482,763,505,0.0009500191915267107,32.32384915086864,0.9919403934096539,2005.642747824484,0.3901109749819689,276.71553773519923,7990.247142147051,8.3548218230833,11.141330137705278,0.0006908679229563003,3.1269818631362227,-0.4860682186152481,0.9995650584154501,1882.0,3247.0,3168.0,3658.0,4151.0,5158.0,8223.0,10832.0,10196.0,10372.0,11710.0,13770.0,13783.0,15247.0,16933.0,15706.0,13897.0,14414.0,18721.0,15310.0,6958.0,5115.0,2852.0,2206.0,1037.0,215.0,54.0,19.0,5.0,0.0,0.0,0.0,1200.0,2295.0,2898.0,2790.0,3006.0,3958.0,4810.0,4956.0,6527.0,9049.0,8951.0,8935.0,9570.0,11392.0,12744.0,11767.0,12457.0,15800.0,15676.0,16799.0,15282.0,20130.0,14151.0,6530.0,3433.0,2387.0,1177.0,151.0,14.0,4.0,0.0,0.0,181.0,666.0,1625.0,1643.0,1366.0,1217.0,1354.0,1549.0,1560.0,1831.0,2079.0,2260.0,2513.0,3090.0,3235.0,4011.0,6873.0,8473.0,8931.0,10659.0,13366.0,13439.0,12978.0,14249.0,19313.0,25755.0,25557.0,29251.0,8314.0,1377.0,103.0,21.0
152,543,168,617,183,689,206,758,247,818,307,864,382,894,456,917,529,924,594,907,651,873,701,831,736,782,756,723,762,661,764,602,763,542,258,446,300,401,359,375,423,371,480,388,569,395,621,384,676,390,722,416,744,462,532,462,537,486,544,511,551,537,478,603,509,608,540,611,566,609,590,604,329,491,365,470,401,466,435,488,402,496,365,497,590,494,625,473,660,477,689,502,658,504,623,501,399,729,451,682,506,658,537,663,566,658,610,684,639,729,609,774,567,793,536,797,501,794,449,775,418,727,505,683,537,683,566,683,621,728,566,762,536,765,503,764,506,0.001455818588344455,32.66242696276011,0.9923069008487124,2122.8550971500863,0.4601246180889189,352.8880945446489,8458.757961637599,8.212784299674954,10.634020286232673,0.0007843400523756003,2.8828874242994234,-0.5271254580379583,0.9997225976852959,2307.0,2353.0,1889.0,2230.0,2089.0,2078.0,1865.0,1907.0,2905.0,3663.0,4086.0,4671.0,5411.0,6633.0,8965.0,10466.0,11088.0,14066.0,17457.0,20930.0,21239.0,17701.0,20935.0,22857.0,19479.0,19820.0,11023.0,6197.0,659.0,9.0,12.0,16.0,2929.0,1586.0,1768.0,1936.0,1835.0,1756.0,1654.0,1727.0,1813.0,2336.0,2855.0,3819.0,4313.0,4807.0,5329.0,6608.0,8668.0,9450.0,11040.0,14312.0,20198.0,21654.0,22515.0,20421.0,24122.0,23462.0,19527.0,16240.0,8162.0,148.0,5.0,11.0,1.0,37.0,542.0,891.0,868.0,1230.0,1024.0,897.0,811.0,882.0,920.0,1029.0,1015.0,1096.0,1785.0,2343.0,2909.0,3226.0,3713.0,4045.0,4866.0,7050.0,9232.0,11728.0,15395.0,18266.0,22912.0,24357.0,30560.0,41576.0,26974.0,24826.0
255,518,251,582,252,646,257,713,270,781,300,842,349,892,408,934,480,950,560,942,643,917,726,885,794,837,835,772,855,695,865,619,873,540,285,448,306,406,351,385,400,389,443,412,553,409,604,388,664,384,720,406,761,447,489,473,482,515,475,558,467,602,422,641,447,653,477,663,514,653,551,642,335,493,364,474,397,475,432,496,396,497,363,497,585,495,623,475,658,475,692,495,657,497,622,496,364,734,405,708,450,699,486,705,525,700,582,709,646,736,583,777,523,797,483,800,444,796,403,777,379,736,449,718,485,721,524,719,631,738,524,768,484,770,447,766,507,0.0007792245865262831,50.66066367489013,0.9775310654905233,1127.4063024527386,0.27943769292325693,326.62322638759895,4458.964546136031,7.918357402842814,11.238721774334834,0.0004826789933641307,3.5484690561383725,-0.3774501876323362,0.9969671863184846,68.0,276.0,455.0,1094.0,1861.0,2281.0,2607.0,3911.0,6106.0,8683.0,10439.0,12058.0,14557.0,17380.0,21935.0,26922.0,24283.0,22786.0,21983.0,20688.0,18511.0,15083.0,13205.0,9637.0,3930.0,899.0,748.0,231.0,41.0,2.0,0.0,0.0,0.0,135.0,248.0,503.0,1033.0,1671.0,1939.0,2044.0,2200.0,3079.0,4360.0,5989.0,7514.0,8460.0,10612.0,14226.0,17224.0,20554.0,26242.0,33588.0,30703.0,28516.0,24816.0,19353.0,12556.0,3059.0,981.0,905.0,143.0,7.0,0.0,0.0,0.0,0.0,5.0,46.0,128.0,314.0,560.0,817.0,1059.0,1084.0,1114.0,1079.0,1166.0,1278.0,1590.0,2094.0,2401.0,2958.0,3332.0,4625.0,6927.0,9823.0,11627.0,13987.0,18634.0,24331.0,33801.0,44554.0,43821.0,37456.0,11788.0,261.0
183,490,184,569,192,653,205,737,233,817,290,883,360,938,438,975,520,986,594,972,653,927,703,868,739,802,757,726,768,650,774,576,771,506,253,455,293,406,359,385,426,392,489,415,559,416,615,398,671,394,722,413,747,460,528,469,531,519,535,568,539,620,466,665,498,674,530,683,559,675,587,666,333,487,366,473,402,472,439,488,402,493,366,495,589,489,625,473,661,476,688,491,660,499,625,496,399,759,452,753,498,746,527,755,556,747,593,756,632,765,592,792,557,806,525,810,494,806,450,790,417,763,496,768,526,772,556,769,616,768,556,773,526,778,496,773,508,0.00034223784016322806,60.82825497416741,0.9880639621218342,2548.3218440157293,0.26255737369387694,251.99754492721715,10132.45912108875,8.617386376565603,12.120045274571297,0.0004251609649200488,3.7465779967018222,-0.4099534476187858,0.9989213458714242,27.0,693.0,3353.0,5527.0,7714.0,10198.0,13189.0,15254.0,17183.0,16916.0,16257.0,15813.0,15194.0,15302.0,14584.0,14433.0,14667.0,15165.0,15888.0,14067.0,11093.0,9632.0,7214.0,6412.0,3770.0,1507.0,1191.0,1102.0,595.0,42.0,0.0,0.0,4.0,432.0,2232.0,4906.0,6999.0,8507.0,10459.0,12370.0,13711.0,14679.0,15112.0,14432.0,13916.0,14115.0,14654.0,15569.0,15578.0,14908.0,14280.0,13650.0,11897.0,12147.0,11882.0,8850.0,8093.0,5990.0,1987.0,1453.0,1041.0,129.0,0.0,0.0,1.0,151.0,422.0,2442.0,3866.0,4599.0,5304.0,5892.0,6757.0,8043.0,9475.0,10900.0,11078.0,11526.0,11548.0,10487.0,10416.0,10970.0,11912.0,12856.0,12850.0,13628.0,13341.0,12506.0,12217.0,12731.0,14880.0,15544.0,12109.0,8990.0,4006.0,2535.0
270,509,270,576,275,639,283,709,294,778,321,844,364,901,427,941,508,954,592,945,669,917,732,871,773,805,794,728,805,652,814,576,820,497,285,463,312,417,367,401,423,406,474,426,537,421,594,398,655,390,718,404,755,449,504,455,501,500,498,544,494,592,445,637,471,649,500,658,533,649,562,638,343,485,369,466,401,465,437,481,403,488,370,491,585,478,621,458,654,458,685,476,655,483,622,483,406,744,441,725,473,717,499,725,528,718,571,728,623,743,573,762,531,764,502,764,475,761,442,756,423,740,473,734,500,738,529,736,606,741,530,740,502,740,475,737,509,0.0020946390583726168,38.62303348993818,0.9825296885117836,1105.9822454945593,0.4953264573360424,162.92628766272975,4385.305948488302,7.76154982374411,9.934038747661585,0.0009359381085495349,2.5408593285438377,-0.5328626803530698,0.9995929832053645,36.0,6734.0,23157.0,17479.0,7980.0,7716.0,15816.0,32818.0,38788.0,27829.0,25343.0,20045.0,11879.0,6480.0,2861.0,2118.0,1869.0,1113.0,874.0,436.0,310.0,246.0,153.0,117.0,55.0,47.0,42.0,54.0,31.0,28.0,23.0,51.0,34.0,8914.0,19328.0,15229.0,7341.0,5426.0,6281.0,10169.0,20205.0,37335.0,41484.0,30424.0,18699.0,14195.0,7111.0,3458.0,2565.0,1534.0,1154.0,563.0,313.0,241.0,162.0,91.0,46.0,48.0,53.0,37.0,29.0,25.0,10.0,24.0,4.0,2213.0,10896.0,8077.0,6915.0,9072.0,7981.0,4912.0,3242.0,3527.0,4710.0,7245.0,13706.0,23640.0,43975.0,36236.0,22981.0,16853.0,8564.0,5724.0,3830.0,2869.0,2027.0,1531.0,863.0,433.0,207.0,132.0,60.0,35.0,21.0,47.0
203,476,208,558,220,638,235,718,264,789,314,850,375,901,444,938,514,949,580,930,638,887,689,837,730,778,756,708,769,633,778,557,781,479,268,427,312,395,367,386,420,398,469,420,561,416,607,395,657,385,707,392,741,425,518,484,520,540,522,594,524,649,454,678,486,685,520,694,552,684,582,674,329,487,364,465,404,469,440,502,401,504,360,503,581,501,615,467,655,465,689,484,660,501,619,504,385,743,437,730,486,723,518,731,550,724,593,731,635,743,593,790,552,817,517,823,482,818,435,796,404,748,485,755,518,758,550,754,616,747,550,773,517,778,484,774,51,0.001410214493077175,14.823906415305652,0.9927080676396745,1016.4536763726319,0.4306261819322836,285.1567039440723,4050.9907990752035,7.87310804602801,10.315764882820421,0.0009163113464696177,2.775961276785255,-0.5001014147610632,0.9994337181732285,13.0,172.0,1197.0,1435.0,1285.0,1705.0,2396.0,3993.0,7846.0,15969.0,28332.0,29533.0,24044.0,17305.0,14954.0,15892.0,16861.0,16676.0,17798.0,12298.0,10272.0,6194.0,4472.0,739.0,86.0,8.0,1.0,2.0,3.0,0.0,0.0,0.0,0.0,67.0,491.0,1368.0,1449.0,1142.0,1264.0,1582.0,2384.0,3672.0,4664.0,7698.0,12201.0,22833.0,33978.0,27770.0,18072.0,14999.0,16985.0,19712.0,21412.0,16912.0,12070.0,7330.0,1295.0,125.0,6.0,0.0,0.0,0.0,0.0,0.0,0.0,1.0,141.0,448.0,647.0,987.0,1051.0,905.0,731.0,754.0,803.0,1093.0,1619.0,2031.0,2341.0,2930.0,4009.0,6531.0,10148.0,19695.0,33461.0,29472.0,20426.0,20418.0,24378.0,33170.0,24201.0,8839.0,250.0,1.0,0.0,0.0
255,491,261,569,271,643,280,718,301,788,341,848,389,903,442,953,513,967,586,957,649,914,706,861,751,798,777,723,790,646,801,568,807,486,276,455,302,409,355,394,407,400,458,417,545,415,604,400,660,396,718,412,751,455,503,476,503,526,503,576,503,628,450,663,477,669,504,679,533,669,562,663,338,484,366,467,403,468,434,490,400,497,364,498,583,490,616,467,655,467,685,485,657,498,619,497,400,759,436,743,474,736,506,745,538,736,580,744,617,756,582,798,541,819,507,824,473,819,435,798,419,764,474,765,506,767,539,764,599,761,540,776,507,781,474,776,510,0.0009843395448419917,100.56131305004729,0.9614594351375222,1305.1316748391419,0.29666162818425984,333.57980720100215,5119.965386306547,7.901396296349816,11.367006918414834,0.0004313587344259205,3.8544291571250886,-0.35519696849137183,0.99598309579799,149.0,530.0,1110.0,1876.0,2430.0,2722.0,2811.0,2844.0,3328.0,4140.0,4859.0,6005.0,8194.0,12118.0,15744.0,20724.0,25346.0,30874.0,32753.0,26513.0,17774.0,13626.0,8091.0,1704.0,381.0,155.0,53.0,11.0,8.0,10.0,14.0,11.0,38.0,109.0,377.0,736.0,1102.0,1631.0,2141.0,2480.0,2545.0,2533.0,2915.0,3514.0,4386.0,4944.0,6339.0,8013.0,11126.0,14460.0,18827.0,23092.0,27439.0,32349.0,31888.0,21079.0,15048.0,7079.0,562.0,96.0,27.0,15.0,10.0,8.0,2.0,15.0,36.0,126.0,290.0,350.0,345.0,616.0,974.0,1281.0,1657.0,1835.0,1994.0,2033.0,2029.0,2407.0,2727.0,3078.0,3488.0,4190.0,4943.0,6554.0,8968.0,12373.0,15306.0,18780.0,23041.0,33004.0,40128.0,28095.0,20230.0,6013.0
221,496,229,571,242,644,252,717,274,787,318,846,378,895,442,936,516,947,594,935,661,895,720,848,767,789,790,717,798,642,807,570,814,493,265,444,298,406,353,392,407,399,461,412,553,415,605,399,659,393,713,403,751,438,506,476,505,526,505,575,504,625,449,668,478,674,507,681,537,674,566,668,333,485,365,469,403,470,436,493,400,497,363,497,588,492,619,469,656,469,689,484,659,496,622,496,403,762,441,746,479,734,508,744,535,735,577,748,618,763,579,795,538,812,509,815,478,811,441,795,422,765,479,767,508,771,536,767,598,766,537,770,508,774,479,769,511,0.0023383782892885114,16.775943549804087,0.9874593539444073,669.1332969985651,0.4774461893959703,260.22729826840776,2659.757244444434,7.510956873127104,9.777886963097508,0.0008797868549312153,2.6341911127836397,-0.49951612363264236,0.9991726065698115,44.0,394.0,1412.0,2096.0,2174.0,2811.0,6234.0,10242.0,16393.0,19862.0,25807.0,33117.0,32842.0,41915.0,37400.0,17632.0,7184.0,1480.0,189.0,150.0,131.0,85.0,15.0,1.0,0.0,2.0,2.0,2.0,0.0,0.0,6.0,4.0,5.0,124.0,604.0,1496.0,1653.0,1441.0,1842.0,3182.0,5003.0,7070.0,10687.0,13365.0,17593.0,23554.0,29384.0,33842.0,41404.0,42131.0,19695.0,4872.0,435.0,166.0,56.0,6.0,1.0,3.0,2.0,0.0,1.0,3.0,3.0,3.0,7.0,15.0,136.0,512.0,707.0,859.0,977.0,670.0,846.0,950.0,1295.0,1636.0,2314.0,2893.0,3504.0,5640.0,7401.0,9057.0,12435.0,18378.0,24925.0,31617.0,38722.0,43453.0,31102.0,16026.0,3501.0,34.0,7.0,3.0,2.0,2.0
168,488,172,576,182,659,201,742,240,817,295,883,363,939,437,979,517,988,588,968,638,910,683,849,720,785,741,714,751,642,755,570,756,497,256,462,303,423,364,411,426,418,486,437,571,433,619,414,668,405,717,413,740,456,531,485,536,541,541,597,546,655,463,671,500,684,538,699,570,685,595,669,333,492,364,474,401,472,435,492,400,499,364,501,585,491,617,467,654,466,684,482,657,495,620,495,380,752,431,744,485,743,522,752,555,744,594,745,628,751,595,809,557,834,520,839,481,835,427,807,395,755,485,761,523,766,556,760,609,757,555,793,520,801,482,797,512,0.0006340744658000181,41.650079457908035,0.9797054047198099,1026.4504508426812,0.2593750492854757,237.49499030162832,4064.1517239128207,7.9887634764952296,11.358325197935995,0.0004441386932725547,3.5268053799899084,-0.3767654568189906,0.9971875121072709,760.0,1517.0,2190.0,3082.0,5357.0,11996.0,18623.0,21777.0,25520.0,32469.0,31078.0,28621.0,28295.0,21813.0,13171.0,7212.0,4114.0,2492.0,1593.0,1294.0,908.0,705.0,292.0,132.0,52.0,61.0,46.0,14.0,17.0,10.0,6.0,10.0,376.0,936.0,1623.0,2143.0,2804.0,3301.0,3951.0,6629.0,12121.0,15384.0,17795.0,23699.0,26999.0,30666.0,28731.0,26674.0,23412.0,16891.0,9886.0,5043.0,2550.0,1541.0,1207.0,496.0,138.0,78.0,70.0,40.0,22.0,11.0,5.0,5.0,157.0,157.0,573.0,1059.0,1484.0,1794.0,2073.0,2097.0,1992.0,2095.0,2502.0,3416.0,4435.0,6599.0,9000.0,10181.0,12856.0,15974.0,20412.0,21838.0,21937.0,22624.0,22661.0,22062.0,19055.0,13800.0,10868.0,7873.0,2962.0,503.0,121.0,67.0
154,496,158,579,164,659,184,735,221,805,277,864,346,908,423,942,499,951,564,939,619,896,664,842,695,779,713,709,724,639,734,570,735,500,273,432,320,403,375,390,433,397,484,417,578,414,618,396,660,390,699,401,720,432,534,477,539,525,544,573,551,622,482,664,510,672,538,679,561,672,580,662,335,487,375,466,417,463,446,494,412,502,372,501,579,492,616,465,653,462,675,487,654,500,617,499,409,769,464,748,507,734,532,741,557,734,584,748,611,771,581,791,554,802,528,806,502,803,461,792,430,768,506,760,531,763,556,761,595,770,554,768,529,771,504,769,513,0.0034928959880545997,12.569120162944733,0.9934680325742413,962.1318457914022,0.5539460993530653,354.731069897537,3835.9582630026744,7.5650032018412805,9.427879108421925,0.001039845160147422,2.4065240621613375,-0.5663381556588718,0.9996772680370933,10.0,120.0,348.0,599.0,729.0,915.0,1291.0,1759.0,2042.0,2241.0,2703.0,3394.0,3947.0,5822.0,8994.0,17938.0,23693.0,25834.0,23950.0,19657.0,31460.0,40753.0,21727.0,12240.0,3847.0,715.0,504.0,64.0,41.0,26.0,24.0,30.0,7.0,47.0,279.0,393.0,618.0,751.0,992.0,1126.0,1245.0,1515.0,2015.0,2300.0,3004.0,3306.0,3348.0,3909.0,5238.0,6598.0,14795.0,23298.0,32182.0,25148.0,21268.0,42459.0,40107.0,15668.0,4612.0,877.0,208.0,54.0,28.0,22.0,0.0,0.0,7.0,204.0,333.0,376.0,358.0,495.0,633.0,783.0,868.0,960.0,935.0,997.0,1312.0,1479.0,1865.0,2010.0,2191.0,2714.0,3469.0,4748.0,5799.0,8396.0,20209.0,34320.0,42296.0,47715.0,47588.0,23148.0,1197.0,12.0
170,480,176,565,185,648,204,732,242,807,300,872,370,927,446,967,524,970,590,947,633,885,674,824,703,758,721,689,734,620,736,554,729,491,261,449,309,413,371,406,433,414,495,434,580,439,620,421,662,408,704,410,723,444,539,485,545,541,553,598,560,656,477,678,511,690,545,703,572,692,593,676,335,486,367,467,405,469,440,492,403,499,365,500,582,491,613,464,651,463,679,481,655,497,618,497,401,765,450,761,499,754,530,763,556,752,585,756,609,760,586,801,560,823,531,829,498,828,449,807,422,770,498,776,530,779,558,773,590,768,559,780,531,788,499,786,514,0.0007834605209987192,32.51053035631843,0.9863537097214102,1191.600065723329,0.32453124653718896,259.6197056235641,4733.889732536994,8.075304688218424,11.146265556224332,0.0005411034388443329,3.318964174925481,-0.425798254277861,0.9986784238366434,145.0,868.0,1864.0,2341.0,2989.0,3477.0,4377.0,5912.0,9484.0,16218.0,16837.0,18189.0,21090.0,23674.0,27838.0,25438.0,19958.0,16684.0,11627.0,7544.0,5887.0,3344.0,1241.0,482.0,271.0,159.0,53.0,6.0,1.0,4.0,2.0,6.0,68.0,559.0,1462.0,1873.0,2377.0,2855.0,3274.0,4160.0,5474.0,6763.0,9742.0,16761.0,18257.0,20246.0,22981.0,25086.0,26553.0,24173.0,19667.0,13848.0,10682.0,6751.0,3058.0,877.0,316.0,109.0,24.0,4.0,2.0,2.0,3.0,3.0,10.0,79.0,487.0,982.0,1231.0,1408.0,1629.0,1689.0,2104.0,2608.0,3068.0,3497.0,3884.0,4581.0,6409.0,9475.0,15661.0,15444.0,16101.0,16478.0,17342.0,20302.0,23948.0,23636.0,16956.0,12985.0,12319.0,10887.0,2515.0,241.0,48.0,6.0
241,473,242,543,250,614,263,684,290,752,332,809,384,858,443,901,508,914,571,908,631,874,683,827,722,767,745,697,764,625,780,553,785,480,278,426,320,409,370,413,417,429,460,452,571,450,616,428,665,415,715,414,755,435,514,495,514,550,514,606,513,659,463,678,487,689,512,699,537,691,559,680,332,484,365,464,406,467,435,500,399,506,359,504,587,499,620,467,661,463,693,483,666,503,625,504,415,752,452,738,482,731,509,739,537,732,569,741,605,756,571,784,539,793,510,795,481,792,450,780,436,754,482,752,509,755,537,754,585,759,538,756,510,757,483,754,515,0.002022822476212537,28.163219950311557,0.9912266868818057,1605.0858892583747,0.49448697981715417,366.963798227615,6392.180337083191,8.03442341149798,10.284671137307146,0.0008629805963065972,2.7571093508659557,-0.5405464503945145,0.9997285566453082,224.0,480.0,784.0,991.0,1481.0,2121.0,2984.0,2867.0,3048.0,3149.0,4062.0,5006.0,6861.0,7266.0,8559.0,11015.0,10236.0,10918.0,10420.0,10043.0,11192.0,13459.0,14758.0,16801.0,18578.0,13354.0,9537.0,6552.0,1058.0,42.0,6.0,15.0,191.0,425.0,662.0,688.0,642.0,727.0,673.0,920.0,1403.0,2167.0,3306.0,3366.0,4047.0,3920.0,4632.0,5942.0,7553.0,9243.0,10282.0,12467.0,13420.0,13539.0,13144.0,14584.0,17614.0,20108.0,21961.0,14873.0,5273.0,80.0,1.0,14.0,18.0,65.0,154.0,222.0,297.0,381.0,419.0,364.0,370.0,365.0,355.0,342.0,360.0,426.0,634.0,756.0,1041.0,1456.0,1791.0,2544.0,2813.0,3134.0,4118.0,4611.0,6340.0,9404.0,12998.0,18036.0,20622.0,22246.0,35746.0,55439.0
182,484,188,568,193,649,206,730,240,803,297,864,368,913,442,953,524,963,600,948,655,897,706,839,744,775,764,702,770,629,771,558,769,489,259,460,300,422,358,409,417,414,474,430,573,428,624,414,674,409,721,420,745,461,529,482,534,532,539,582,543,634,462,661,498,670,534,681,566,671,594,659,330,488,362,467,401,467,436,494,400,501,361,501,587,495,621,468,658,467,688,489,661,501,623,501,385,739,443,742,492,741,525,749,557,741,598,742,641,737,598,772,560,786,527,789,493,786,443,772,405,746,491,756,524,760,558,755,623,744,559,758,527,763,494,759,516,0.0006703408538897093,37.524255153580015,0.9767104101162359,805.7381374761917,0.24970349488424431,262.5814914656131,3185.428294751182,7.815074265778669,11.225970321773346,0.00041957545579459005,3.5750176767246797,-0.3552648897990421,0.9957353746420677,14.0,114.0,514.0,1046.0,1726.0,2982.0,4713.0,6923.0,10774.0,15222.0,20200.0,25829.0,30956.0,34182.0,33751.0,29574.0,19995.0,11513.0,5686.0,3269.0,1392.0,681.0,344.0,135.0,65.0,56.0,32.0,10.0,5.0,2.0,5.0,10.0,20.0,70.0,262.0,609.0,1005.0,1294.0,1922.0,2949.0,4630.0,6105.0,8064.0,11709.0,17791.0,23754.0,31322.0,37233.0,33016.0,26136.0,21251.0,17138.0,9101.0,3859.0,1884.0,354.0,109.0,79.0,26.0,13.0,3.0,4.0,5.0,3.0,20.0,69.0,144.0,220.0,345.0,418.0,542.0,860.0,1222.0,1964.0,2615.0,3263.0,4337.0,5426.0,6926.0,10067.0,13871.0,18023.0,24697.0,28313.0,28156.0,24339.0,19992.0,16144.0,14361.0,13530.0,13038.0,6132.0,2371.0,280.0,29.0,6.0
223,507,228,587,237,666,247,742,270,813,309,874,363,921,428,958,500,972,574,965,643,935,700,888,744,829,770,756,786,677,800,594,807,511,275,438,306,397,361,384,417,392,470,411,550,411,604,389,665,383,722,399,755,444,502,463,499,510,497,557,495,606,445,654,472,662,501,670,529,663,557,653,337,483,366,467,402,464,438,483,402,490,366,493,580,482,616,463,654,467,688,483,654,494,616,491,400,768,436,752,471,740,502,749,531,740,569,752,609,770,571,794,534,802,503,805,471,800,437,789,418,769,471,766,502,769,532,766,590,770,533,767,503,769,472,766,517,0.0007642345908060252,39.18773123106551,0.9785284215335894,912.6538877346284,0.28687157160493604,327.19628155606665,3611.4278197074564,7.890719274462265,11.22540440262333,0.0004708187260992861,3.552787196542485,-0.3730298649972958,0.9968163862093165,0.0,0.0,0.0,4.0,36.0,156.0,378.0,699.0,1187.0,2089.0,3414.0,4285.0,5458.0,7061.0,9813.0,13857.0,20919.0,27765.0,34788.0,35202.0,27967.0,21301.0,15194.0,12617.0,10857.0,7914.0,6701.0,3720.0,496.0,5.0,1.0,1.0,0.0,0.0,0.0,3.0,35.0,106.0,282.0,624.0,1284.0,2010.0,2980.0,3728.0,4805.0,6246.0,8800.0,12285.0,18840.0,28270.0,35337.0,36665.0,28029.0,19621.0,14841.0,13384.0,12343.0,8208.0,7222.0,6726.0,1204.0,3.0,4.0,0.0,0.0,0.0,2.0,5.0,30.0,30.0,44.0,78.0,153.0,362.0,835.0,1354.0,1976.0,2289.0,2782.0,3482.0,4695.0,6510.0,8508.0,12535.0,17774.0,25307.0,31340.0,36214.0,31962.0,21592.0,20844.0,18501.0,15239.0,8340.0,1098.0,4.0
267,484,265,558,272,630,281,705,300,779,335,846,382,906,437,960,508,975,587,964,657,921,721,868,773,800,806,725,817,643,822,560,823,475,293,456,317,419,364,411,412,421,455,444,537,441,589,418,645,411,702,422,742,459,490,483,486,549,481,615,476,681,422,682,450,701,486,717,526,701,562,684,342,486,366,467,397,467,429,488,397,489,367,491,582,490,611,469,643,471,674,490,643,494,612,492,392,764,427,769,461,770,492,778,526,770,576,770,636,767,581,811,532,832,496,836,463,830,428,806,410,771,462,786,493,792,527,787,618,771,530,795,495,799,463,792,518,0.0004971462485712171,44.75537871587204,0.982056290892839,1247.3278614598385,0.22645149520221836,301.6600859650505,4944.556067123518,8.070681067673982,11.643881274736621,0.0004160577643175183,3.7012223538573052,-0.35534559254044673,0.9963788275772112,137.0,723.0,1182.0,1847.0,2572.0,3025.0,3880.0,4661.0,6294.0,8022.0,10460.0,14513.0,18221.0,19558.0,22513.0,23617.0,22402.0,21893.0,19892.0,15472.0,11406.0,7170.0,4023.0,2221.0,1272.0,710.0,245.0,15.0,0.0,0.0,0.0,0.0,22.0,222.0,694.0,1197.0,1498.0,2028.0,2921.0,3349.0,3859.0,4446.0,5737.0,7338.0,9016.0,12577.0,17148.0,21598.0,25253.0,27913.0,27498.0,23534.0,19099.0,14492.0,9177.0,4686.0,2025.0,536.0,77.0,6.0,0.0,0.0,0.0,0.0,0.0,17.0,17.0,41.0,148.0,310.0,573.0,773.0,1101.0,1146.0,1182.0,1420.0,1570.0,1894.0,2244.0,3025.0,3840.0,4913.0,6014.0,6891.0,8857.0,11522.0,15032.0,19054.0,21218.0,19276.0,19424.0,19647.0,18185.0,15002.0,14804.0,28806.0
260,484,256,553,258,621,269,689,291,759,328,827,372,894,425,955,494,977,571,966,652,925,726,873,787,807,823,732,842,652,853,570,862,484,277,460,304,423,353,414,404,423,451,445,541,446,598,421,660,415,721,430,769,468,493,488,488,538,482,589,477,642,428,661,454,676,485,688,523,678,560,667,332,486,364,470,399,472,434,495,397,494,362,493,586,498,622,476,658,478,696,496,659,500,623,500,371,716,410,711,457,711,495,720,536,713,599,717,661,730,602,799,537,833,493,837,450,827,407,787,387,722,455,728,494,737,536,732,648,733,537,793,495,797,454,786,519,0.0008171564082856153,14.02641108333011,0.9957823152820884,1662.8366089090905,0.38553961925211455,284.991983339414,6637.320024553046,8.305792993611751,10.91545338764687,0.0007779795067309092,2.872822509918306,-0.5064871276018967,0.9996536383401833,93.0,1000.0,2407.0,2585.0,3065.0,4047.0,6676.0,9115.0,10237.0,11667.0,16068.0,22587.0,21951.0,18343.0,16541.0,16019.0,14316.0,14209.0,13434.0,14394.0,13971.0,10067.0,7102.0,5250.0,3072.0,628.0,53.0,0.0,0.0,0.0,0.0,0.0,37.0,404.0,1404.0,2014.0,2169.0,2254.0,2756.0,4372.0,6408.0,8126.0,10038.0,10387.0,13490.0,18654.0,22324.0,20231.0,16888.0,16803.0,15222.0,14934.0,14352.0,15869.0,15689.0,12640.0,7200.0,3782.0,437.0,11.0,2.0,0.0,0.0,0.0,1.0,7.0,108.0,495.0,649.0,839.0,881.0,1011.0,1260.0,1165.0,1290.0,1864.0,3074.0,4258.0,5485.0,6720.0,8178.0,10879.0,14195.0,19759.0,21154.0,17553.0,15206.0,15552.0,15654.0,14582.0,16575.0,17050.0,17656.0,17208.0,8027.0,562.0
150,489,150,572,155,656,174,737,216,805,279,864,351,907,426,936,498,941,556,925,594,880,627,825,652,763,670,700,687,636,698,570,697,506,290,445,340,417,398,402,456,407,510,428,573,431,607,414,644,407,678,410,698,436,542,486,547,535,553,586,560,637,489,671,515,680,541,688,565,680,583,668,350,486,383,468,420,467,447,493,416,501,381,500,579,493,607,469,640,466,658,485,641,500,610,501,424,771,472,746,517,732,542,740,565,732,590,746,606,772,585,796,560,810,534,814,505,813,464,800,443,770,513,764,540,767,563,763,594,770,561,766,538,770,511,767,52,0.000526392204234611,26.073438291876737,0.9937904951997352,2099.4987475694343,0.32327493548916747,235.47377444299906,8371.921551985855,8.45330433325534,11.454743050201547,0.0006073471847642841,3.2001553497541266,-0.4640746843763991,0.999451454151128,370.0,1862.0,4449.0,5964.0,5634.0,9953.0,13741.0,15714.0,22765.0,22473.0,15281.0,13996.0,13839.0,12675.0,12757.0,10941.0,12067.0,12547.0,9955.0,7206.0,4361.0,2260.0,1036.0,435.0,157.0,41.0,6.0,1.0,0.0,1.0,1.0,0.0,214.0,1481.0,3164.0,4763.0,5590.0,5454.0,9252.0,12222.0,11915.0,15717.0,18476.0,15291.0,11595.0,12033.0,12018.0,11339.0,12944.0,12231.0,11674.0,11055.0,11491.0,11320.0,6309.0,3374.0,1172.0,362.0,30.0,0.0,1.0,1.0,0.0,0.0,33.0,328.0,874.0,2048.0,2713.0,3500.0,3476.0,3555.0,3550.0,5243.0,8554.0,8189.0,8088.0,8667.0,11203.0,14552.0,11608.0,8487.0,8248.0,9611.0,10376.0,10676.0,11574.0,12353.0,12719.0,12862.0,13620.0,13433.0,9282.0,2984.0,81.0,1.0
213,491,223,567,235,639,248,709,273,772,315,825,371,866,429,904,494,920,562,909,623,874,683,832,729,780,758,719,772,648,785,576,796,500,260,452,303,423,358,414,415,415,465,433,561,431,612,415,664,414,715,426,752,457,512,484,512,530,513,574,513,620,452,651,481,661,513,668,544,660,575,651,327,491,362,476,396,475,430,496,396,496,361,497,591,496,624,474,657,474,690,489,658,495,624,496,384,721,435,710,484,704,515,711,547,705,593,711,641,720,591,770,545,791,511,795,478,792,431,772,399,724,483,721,514,724,547,721,627,723,546,762,512,765,480,762,520,0.0010045740384999628,34.82198673058976,0.990536295038263,1839.560294554787,0.3987185736423715,285.55548818984795,7323.419191488545,8.313026270016767,11.062734711254173,0.0006876992776841004,3.05226522595407,-0.488443871208019,0.9995568433221587,134.0,430.0,1087.0,1522.0,1592.0,2085.0,3380.0,6243.0,12120.0,17728.0,22458.0,25333.0,25746.0,20149.0,15481.0,10071.0,9080.0,7943.0,6202.0,5979.0,6151.0,7321.0,6844.0,3895.0,2344.0,1976.0,1796.0,1112.0,693.0,462.0,190.0,19.0,85.0,149.0,534.0,927.0,1146.0,1286.0,1408.0,1954.0,3429.0,5732.0,9444.0,13859.0,18694.0,24095.0,25125.0,23078.0,15968.0,12621.0,9749.0,7112.0,6049.0,6069.0,5029.0,4841.0,4378.0,5078.0,7274.0,5810.0,3226.0,2053.0,1143.0,221.0,0.0,3.0,84.0,306.0,505.0,586.0,584.0,668.0,771.0,804.0,941.0,1359.0,2126.0,3571.0,6085.0,7327.0,7979.0,9024.0,13721.0,20344.0,18315.0,20002.0,17792.0,14386.0,13353.0,9774.0,7252.0,6668.0,6642.0,5191.0,5804.0,25599.0
155,497,164,586,172,671,192,756,235,831,295,891,366,937,444,969,525,974,597,958,650,906,696,850,727,786,742,713,750,642,754,573,754,505,275,456,314,417,369,401,428,408,484,429,571,435,616,414,664,405,710,417,732,458,532,479,539,534,546,588,553,645,468,670,503,680,541,694,572,682,598,667,342,485,369,469,400,468,432,486,400,493,368,493,591,489,619,470,653,471,681,487,653,495,621,494,396,766,453,758,500,752,536,758,565,751,598,754,632,758,599,780,568,789,538,792,501,790,454,782,414,767,499,767,536,769,565,765,615,763,567,761,538,766,502,765,521,0.0007741605394027117,42.96599254736232,0.9791596078535001,1031.1519693142009,0.2760022920777544,301.24603682179696,4081.6418847094246,7.862625979321089,11.202731479235794,0.00045867930836445515,3.5219618700100783,-0.37006769302436215,0.9966096268249194,249.0,566.0,1270.0,2008.0,2277.0,2767.0,3361.0,4354.0,6885.0,11020.0,17636.0,25762.0,27067.0,24219.0,25522.0,29832.0,34369.0,24784.0,13787.0,7403.0,3406.0,1126.0,364.0,111.0,35.0,20.0,12.0,5.0,5.0,9.0,9.0,23.0,143.0,132.0,396.0,841.0,1261.0,1696.0,2078.0,2438.0,2875.0,3417.0,4374.0,6110.0,8981.0,14351.0,19392.0,20272.0,22462.0,25099.0,28650.0,35182.0,34908.0,19134.0,10186.0,4336.0,1186.0,266.0,34.0,21.0,7.0,9.0,12.0,14.0,7.0,38.0,55.0,69.0,317.0,500.0,521.0,654.0,975.0,1235.0,1392.0,1449.0,1887.0,2208.0,2376.0,2815.0,3759.0,4931.0,6749.0,9311.0,13284.0,15949.0,15454.0,18478.0,23216.0,29202.0,34691.0,37347.0,24855.0,11407.0,4592.0,540.0
144,529,151,613,162,693,179,770,211,847,265,910,339,957,427,987,515,994,593,978,654,936,703,878,735,811,754,739,761,668,763,598,758,529,254,469,300,427,364,404,431,403,493,425,566,427,616,405,671,399,723,418,749,463,528,478,533,530,536,581,540,636,458,668,494,680,532,692,566,682,596,669,334,496,366,477,400,474,436,492,403,493,369,496,592,491,626,472,659,472,687,490,660,492,627,491,381,763,438,745,493,738,529,747,561,739,602,747,637,764,601,809,562,830,526,834,488,830,434,810,396,764,492,755,528,759,562,756,622,765,561,799,526,802,489,798,522,0.00047594835400988203,47.8581344205015,0.9867021930238885,1799.474431245796,0.2690885043451292,220.09274790516668,7150.039590562685,8.358120779392026,11.715489332340782,0.0005145926393545921,3.509895442197939,-0.409659133918697,0.9986661964846197,173.0,1196.0,2884.0,5293.0,7807.0,10826.0,13361.0,14849.0,17924.0,21572.0,25658.0,25273.0,24754.0,23956.0,19670.0,13685.0,10875.0,9403.0,8919.0,9284.0,9845.0,9175.0,5449.0,2600.0,970.0,171.0,19.0,1.0,0.0,0.0,0.0,0.0,492.0,1763.0,3778.0,5235.0,7426.0,10503.0,13533.0,15704.0,17907.0,20379.0,24323.0,26833.0,26509.0,22993.0,19783.0,14388.0,9912.0,7474.0,6967.0,6500.0,7409.0,8167.0,9854.0,5707.0,1706.0,315.0,31.0,1.0,0.0,0.0,0.0,0.0,46.0,527.0,1855.0,2408.0,2440.0,3024.0,4021.0,4166.0,5454.0,8309.0,9872.0,12941.0,15475.0,17104.0,19761.0,22209.0,22003.0,20821.0,20888.0,16611.0,13869.0,11382.0,8230.0,7129.0,6904.0,7164.0,9741.0,13500.0,6525.0,1106.0,104.0,3.0
63,510,68,601,78,692,101,778,158,853,238,907,335,948,424,975,496,975,550,948,577,889,597,831,615,769,635,706,649,648,654,591,645,535,252,459,303,421,370,400,441,399,504,420,576,417,604,395,635,386,664,384,682,405,546,487,562,541,582,596,600,651,494,687,531,698,567,707,596,694,618,674,322,504,362,481,402,479,430,505,399,513,362,514,573,494,601,468,633,461,653,478,637,495,605,497,383,777,462,751,523,741,554,745,577,737,597,743,596,771,582,804,563,832,536,839,504,836,446,816,408,776,520,775,551,775,573,770,582,771,566,785,543,794,512,794,523,0.0006580392855387827,83.51085695993407,0.9872293724074769,3269.658415424988,0.3299835066056435,212.64099867537743,12995.122804740025,8.57924234708837,11.890551716698113,0.0004996061882270545,3.598848636346549,-0.43382280082160735,0.9992473961226094,347.0,7782.0,14339.0,11124.0,12607.0,14605.0,25684.0,36599.0,27517.0,17228.0,11949.0,9594.0,7231.0,6742.0,5923.0,6307.0,6198.0,5853.0,6852.0,6245.0,5204.0,4424.0,3412.0,3238.0,2668.0,2302.0,2275.0,1554.0,863.0,557.0,233.0,77.0,549.0,12348.0,11125.0,6254.0,10139.0,13882.0,13524.0,10410.0,9315.0,19919.0,34915.0,24533.0,14003.0,9051.0,6584.0,5779.0,5320.0,5579.0,6014.0,5582.0,5972.0,5734.0,6063.0,6408.0,4998.0,4121.0,3419.0,2998.0,1902.0,865.0,208.0,20.0,379.0,7693.0,11879.0,4516.0,4395.0,7417.0,7282.0,7771.0,7529.0,6589.0,4922.0,4207.0,4771.0,5331.0,5560.0,7791.0,16643.0,25506.0,16117.0,16566.0,13256.0,7615.0,5085.0,5015.0,5107.0,5460.0,5302.0,5620.0,6193.0,7439.0,12885.0,15692.0
224,479,227,557,234,633,244,710,261,785,296,854,353,908,420,951,501,968,589,962,675,932,750,882,806,816,836,739,852,656,857,573,863,485,267,451,298,407,351,391,408,398,461,419,543,422,599,398,661,390,722,407,764,447,497,471,494,524,490,577,485,631,438,665,463,677,492,686,527,677,560,666,335,488,365,469,402,468,439,491,402,499,364,500,585,491,622,468,660,469,694,486,660,500,621,499,391,762,429,749,465,741,497,748,528,742,576,750,634,760,579,788,531,797,498,799,464,795,430,785,407,763,464,761,497,765,529,762,618,762,530,765,498,767,465,763,524,0.0012397632136794791,12.08835659964191,0.9954451126798566,1327.1839530000798,0.4191186541889412,335.44965015737375,5296.647455400649,8.080893829338955,10.500515347836622,0.0008241015571822533,2.755385464126791,-0.5175933255605547,0.999628541730845,0.0,16.0,186.0,619.0,1277.0,2938.0,3749.0,3823.0,3788.0,4247.0,4571.0,6135.0,7706.0,9337.0,11866.0,14335.0,18507.0,23539.0,26925.0,27484.0,23534.0,20054.0,18852.0,18321.0,18108.0,11161.0,8499.0,4162.0,1309.0,181.0,0.0,0.0,0.0,0.0,36.0,178.0,533.0,1062.0,1940.0,2684.0,3331.0,3819.0,3890.0,4481.0,5616.0,6922.0,8862.0,10346.0,12940.0,15010.0,20671.0,25942.0,30337.0,33607.0,25985.0,21033.0,22170.0,16092.0,12548.0,4255.0,939.0,0.0,0.0,0.0,0.0,0.0,0.0,0.0,95.0,208.0,245.0,529.0,653.0,917.0,1063.0,1631.0,1844.0,2502.0,3812.0,4524.0,5443.0,6524.0,7282.0,8712.0,10341.0,12919.0,16071.0,26934.0,33490.0,36754.0,30306.0,30952.0,29926.0,17381.0,4105.0,66.0
201,440,204,523,216,607,233,687,265,762,316,828,376,886,441,936,514,949,584,934,645,884,702,827,748,762,777,690,794,612,805,531,806,449,265,428,310,399,365,394,419,401,470,421,565,419,613,400,666,394,718,401,756,432,517,485,517,546,518,605,519,665,451,686,482,695,516,706,549,695,581,686,336,486,370,474,407,476,436,497,403,500,366,499,590,497,619,474,655,471,687,482,659,496,623,499,390,748,439,748,485,742,514,751,545,742,588,748,632,748,592,811,549,838,515,843,482,839,436,810,412,758,484,769,514,772,546,769,611,758,547,793,515,799,484,795,525,0.001119001383715316,25.41398973671207,0.991384541399053,1475.8134849031285,0.38552489307968385,282.2883082856004,5877.839949875797,8.109018683484502,10.83087066100979,0.0006771131570448973,3.0260041605317474,-0.47740297122724973,0.9993773121464532,456.0,2798.0,4097.0,4013.0,3480.0,3187.0,4268.0,6431.0,10301.0,16488.0,24547.0,25269.0,27944.0,34878.0,27681.0,19273.0,13082.0,9928.0,6711.0,4852.0,3524.0,1753.0,334.0,120.0,101.0,34.0,29.0,32.0,19.0,19.0,4.0,9.0,32.0,1175.0,2556.0,3551.0,3451.0,2724.0,2542.0,2660.0,3416.0,4479.0,7000.0,10234.0,12769.0,14036.0,15979.0,18427.0,22114.0,27214.0,31358.0,25067.0,16646.0,12477.0,8067.0,5362.0,1877.0,257.0,72.0,32.0,41.0,30.0,10.0,7.0,0.0,116.0,1035.0,1457.0,1472.0,1774.0,1927.0,1848.0,2074.0,1958.0,1778.0,1794.0,1880.0,2244.0,2535.0,3234.0,4483.0,6168.0,8178.0,9896.0,11397.0,14731.0,17197.0,20799.0,25283.0,27794.0,26639.0,23162.0,17951.0,12250.0,2338.0,270.0
224,507,226,585,231,662,238,740,259,816,302,877,362,921,431,956,511,967,592,957,664,924,730,883,776,828,799,756,809,677,817,595,819,518,278,448,307,407,355,392,406,400,458,418,556,418,610,399,663,391,716,406,750,445,503,466,503,510,502,552,502,598,453,649,478,656,505,660,532,655,559,647,335,491,361,469,398,469,432,491,397,501,361,503,588,488,620,466,656,467,685,487,657,499,620,497,397,764,433,744,473,733,505,739,535,731,576,740,620,761,577,780,536,790,504,793,471,791,433,785,413,766,473,759,505,760,537,757,603,762,536,757,504,760,472,758,526,0.0006333098951366652,58.401194642510575,0.9820121630870976,1623.7222059531687,0.292038993072527,290.04695700048694,6436.487629170118,8.21865362943876,11.627864904410643,0.00044205617961675113,3.6844599683642993,-0.39083482758873517,0.998072248776658,205.0,1522.0,2759.0,3220.0,4063.0,5188.0,6341.0,7756.0,9532.0,11703.0,16895.0,19458.0,19096.0,19505.0,22775.0,22872.0,25252.0,25203.0,23111.0,15335.0,10494.0,5731.0,2027.0,231.0,144.0,66.0,12.0,4.0,5.0,7.0,0.0,12.0,53.0,302.0,1560.0,2241.0,2451.0,2975.0,3682.0,4439.0,5456.0,7015.0,8576.0,10246.0,13603.0,17325.0,17228.0,17756.0,18718.0,23119.0,23295.0,24852.0,25991.0,23070.0,16242.0,7941.0,2095.0,172.0,95.0,4.0,7.0,3.0,4.0,8.0,0.0,19.0,115.0,741.0,1303.0,1409.0,1561.0,1806.0,1972.0,2221.0,2508.0,2697.0,3081.0,3876.0,4692.0,6189.0,7755.0,9138.0,10815.0,12133.0,13984.0,15283.0,14826.0,16411.0,18084.0,18693.0,19369.0,21876.0,25362.0,19556.0,18547.0,4502.0
238,487,239,563,248,640,257,713,277,788,313,852,366,904,425,948,497,965,576,953,658,916,735,870,793,809,824,734,835,654,840,574,842,495,278,432,308,397,354,387,402,395,447,416,556,415,605,392,660,385,715,395,757,429,500,481,497,531,493,583,488,635,438,660,465,672,495,681,529,672,562,663,336,488,366,468,403,467,437,495,401,503,363,502,583,497,618,470,656,468,690,489,657,503,618,504,383,744,421,722,464,714,499,719,535,714,587,723,643,744,590,795,537,815,498,818,461,814,419,791,399,745,464,734,500,737,535,735,628,746,535,782,499,785,463,781,527,0.0006326194124381336,34.39133556412353,0.993573864559033,2676.2063863071344,0.3358981311184619,267.4272580320642,10670.434209664429,8.489224215391612,11.518682592716893,0.0005654993294826935,3.264545081835001,-0.4629208307317695,0.9994663691050945,6268.0,9065.0,9771.0,10948.0,12593.0,13803.0,13923.0,14008.0,12495.0,9873.0,9229.0,9570.0,10191.0,10809.0,12053.0,13984.0,18442.0,23273.0,19867.0,17165.0,11232.0,5945.0,2631.0,1324.0,672.0,343.0,228.0,50.0,22.0,18.0,9.0,5.0,1207.0,2846.0,5079.0,6480.0,7090.0,8288.0,10469.0,10999.0,11586.0,11977.0,12283.0,12354.0,10465.0,9762.0,10334.0,11009.0,11061.0,11390.0,13128.0,16423.0,24580.0,24020.0,19844.0,10804.0,3509.0,1471.0,634.0,427.0,242.0,26.0,16.0,6.0,67.0,233.0,663.0,1244.0,1031.0,1647.0,1906.0,3402.0,3479.0,3576.0,4455.0,5021.0,6702.0,7646.0,7799.0,8158.0,8850.0,10158.0,10759.0,10250.0,9871.0,9270.0,9978.0,10523.0,11765.0,14023.0,17965.0,27713.0,34097.0,25031.0,10941.0,1586.0
158,511,163,589,169,668,186,748,222,820,281,879,358,920,442,947,521,955,595,941,655,901,703,847,732,782,746,710,758,640,767,570,768,501,267,418,318,393,375,388,433,395,487,413,563,417,610,400,660,394,708,399,742,430,531,479,535,528,539,576,543,624,473,668,504,678,535,687,562,680,585,670,331,485,366,462,405,465,438,498,401,500,363,497,587,500,619,468,658,465,688,488,660,501,622,502,409,770,448,730,496,713,530,722,561,713,598,731,627,770,598,803,564,824,531,829,496,825,448,804,425,769,497,748,531,750,561,748,609,769,562,780,531,785,496,782,528,0.001331225437945041,26.2554183345745,0.9945496455650017,2408.610294869841,0.46781875708535864,307.90716295859085,9608.185761144756,8.414804126651518,10.828302804402755,0.0008097342083543454,2.8588459928416086,-0.5410359573204144,0.9998188876893178,1245.0,3518.0,3516.0,3837.0,4349.0,5072.0,6175.0,7367.0,7771.0,7735.0,8351.0,11961.0,12394.0,16035.0,22210.0,29232.0,29321.0,24064.0,23660.0,15863.0,12160.0,11770.0,6110.0,3437.0,1655.0,352.0,245.0,216.0,71.0,9.0,0.0,0.0,1121.0,3631.0,3640.0,3274.0,3650.0,4093.0,4893.0,6641.0,6297.0,6219.0,6881.0,6661.0,6667.0,8718.0,9379.0,10564.0,14794.0,21945.0,20536.0,20331.0,24621.0,21727.0,17192.0,11820.0,11813.0,12092.0,6192.0,3296.0,739.0,259.0,15.0,0.0,11.0,586.0,1731.0,1884.0,1903.0,1944.0,1763.0,1452.0,1625.0,1726.0,1810.0,1855.0,2353.0,2977.0,3249.0,3598.0,4004.0,4715.0,4656.0,4920.0,5970.0,6284.0,9670.0,11469.0,16820.0,25680.0,17855.0,20345.0,29190.0,26802.0,20296.0,40558.0
202,492,202,569,207,647,220,725,248,797,295,858,359,909,434,942,511,953,586,940,655,901,713,850,757,788,782,717,793,640,803,565,810,487,270,453,314,417,372,407,430,417,487,434,558,430,607,409,663,402,717,414,756,450,514,475,512,531,511,587,511,643,447,666,477,678,512,689,548,677,581,662,329,492,363,475,398,473,437,494,398,494,363,495,590,490,627,470,662,470,697,488,662,492,627,492,386,744,435,737,482,727,518,734,552,725,600,729,649,737,599,773,556,797,519,804,481,801,436,784,404,748,483,756,518,758,554,754,630,741,553,758,518,764,482,761,529,0.000946512704725902,32.44206439442767,0.9938896292623329,2654.5596718258503,0.3233327211384507,209.1532941510818,10585.796622908985,8.261264195925385,11.336002654994218,0.0005246485287156875,3.3561611681949586,-0.44084687273712353,0.9990912487442957,86.0,2119.0,7075.0,11077.0,27475.0,50013.0,18970.0,10073.0,7723.0,6726.0,6969.0,8239.0,10531.0,15193.0,14943.0,12637.0,12603.0,11128.0,8678.0,7190.0,6060.0,3900.0,2339.0,1332.0,721.0,372.0,174.0,104.0,81.0,47.0,26.0,15.0,34.0,1005.0,2630.0,5866.0,13062.0,22608.0,43689.0,23911.0,10429.0,7632.0,6425.0,5824.0,6178.0,6917.0,8627.0,10461.0,14126.0,13916.0,12306.0,13684.0,12176.0,9866.0,6798.0,3614.0,1719.0,663.0,256.0,101.0,63.0,29.0,4.0,0.0,26.0,350.0,918.0,1485.0,2054.0,3567.0,6081.0,11401.0,19216.0,29741.0,25182.0,9513.0,7841.0,6195.0,5432.0,5382.0,5692.0,5814.0,6310.0,7226.0,8606.0,11372.0,13267.0,12606.0,13557.0,15015.0,14219.0,11131.0,4218.0,926.0,191.0,85.0
221,450,222,526,231,600,244,672,271,742,318,801,378,848,443,884,510,893,573,881,628,842,681,794,722,738,747,675,760,608,769,540,770,470,265,417,311,396,367,395,420,406,472,427,576,427,622,406,669,395,717,394,752,419,524,482,526,529,527,576,529,624,470,661,496,667,523,672,546,667,568,661,331,479,364,464,405,466,438,493,401,500,360,498,589,494,621,467,661,465,694,480,666,500,625,502,410,748,456,737,495,727,519,736,542,727,575,736,612,743,578,778,545,792,520,795,494,793,455,780,429,750,494,753,519,756,542,753,594,747,543,751,520,754,495,752,53,0.00395700943362227,12.703549771583152,0.996341621216249,1737.120024000682,0.577679129295503,381.89312845366896,6935.776546231136,7.870262764473491,9.666518760356112,0.0010535136161248708,2.4125803035783506,-0.6017371781275057,0.9998639645903173,0.0,0.0,2.0,13.0,437.0,2371.0,3505.0,3977.0,4175.0,4286.0,4030.0,4194.0,4542.0,6653.0,8984.0,10980.0,11151.0,11354.0,12873.0,17072.0,18165.0,16910.0,13817.0,14746.0,19681.0,16038.0,3595.0,252.0,117.0,9.0,12.0,30.0,0.0,0.0,0.0,4.0,28.0,369.0,1710.0,2050.0,2019.0,2577.0,3238.0,3217.0,3206.0,3243.0,3319.0,3680.0,4259.0,6190.0,7969.0,9516.0,11016.0,11714.0,12397.0,13596.0,16548.0,19729.0,19288.0,23886.0,27540.0,1621.0,16.0,26.0,0.0,0.0,0.0,0.0,5.0,46.0,70.0,86.0,279.0,777.0,1226.0,1014.0,1118.0,1169.0,1365.0,1953.0,2260.0,2276.0,2536.0,2447.0,2677.0,2871.0,3069.0,3470.0,4836.0,7374.0,9113.0,10926.0,12357.0,15413.0,17336.0,105902.0
144,496,150,582,165,667,186,748,228,822,290,884,369,929,455,959,538,963,608,941,664,893,709,836,742,767,759,692,767,619,769,547,766,476,256,439,311,424,365,419,420,424,472,435,584,440,625,424,670,414,713,415,745,439,533,486,539,537,546,589,553,642,476,664,510,675,545,688,573,676,596,663,328,491,364,476,401,476,435,496,400,500,364,501,589,494,620,471,657,469,689,483,660,493,625,495,379,742,439,720,495,713,534,720,570,713,611,720,646,735,613,790,571,813,532,818,492,815,434,792,394,745,495,737,534,741,570,738,628,740,569,778,532,783,493,781,530,0.0010884353975270972,27.876510817341448,0.9930180854733004,1997.3354518423557,0.3799784840751764,317.38186366770344,7961.465296552087,8.243313813840276,11.001734727614501,0.000655672735915357,3.0810686832293,-0.48184546436007814,0.9994844806602927,1126.0,3073.0,4378.0,4368.0,4051.0,4060.0,5115.0,4898.0,4684.0,5506.0,7020.0,8984.0,11394.0,14131.0,17956.0,20610.0,27630.0,24721.0,23919.0,25282.0,19422.0,11499.0,6414.0,4765.0,2975.0,2620.0,1586.0,926.0,201.0,31.0,11.0,29.0,304.0,1297.0,2087.0,2904.0,3374.0,3703.0,3724.0,3535.0,4474.0,4749.0,4738.0,5521.0,6152.0,8165.0,9920.0,11192.0,12946.0,16559.0,20207.0,24757.0,27235.0,27981.0,26528.0,18953.0,10062.0,5304.0,3367.0,1985.0,846.0,731.0,58.0,27.0,29.0,281.0,674.0,809.0,927.0,1317.0,1500.0,1726.0,1800.0,2154.0,2721.0,2824.0,2680.0,2618.0,3213.0,3429.0,3453.0,3554.0,3996.0,4471.0,4889.0,6450.0,8698.0,10735.0,12979.0,19244.0,25788.0,34278.0,37740.0,38199.0,21348.0,8861.0
238,506,231,577,225,650,228,726,248,803,286,874,341,932,408,983,495,1001,588,996,677,965,768,926,844,872,892,799,910,713,910,626,912,539,270,469,288,417,340,390,401,392,459,412,543,408,611,390,683,391,751,421,794,476,498,474,493,522,486,568,479,618,421,652,452,664,489,675,529,663,570,652,341,493,366,481,396,480,430,492,395,495,366,495,600,492,636,480,668,484,703,497,666,497,632,495,377,740,422,729,461,726,496,732,531,726,582,728,644,740,584,767,532,778,495,780,458,777,420,768,394,740,460,745,496,748,531,744,625,738,531,750,495,753,459,749,531,0.00039242457360189693,148.81335859295257,0.9316188415711005,1088.1276493080018,0.2055499110743222,236.50509841609798,4203.697238639055,8.008227488128348,12.195396900931541,0.0002688523736627471,4.3983485951511945,-0.26569808470979495,0.986730808235803,51.0,440.0,1574.0,3787.0,7299.0,11318.0,15124.0,19731.0,24836.0,29323.0,32679.0,36379.0,36878.0,34204.0,29180.0,23937.0,17575.0,10013.0,3964.0,1849.0,737.0,370.0,197.0,96.0,33.0,28.0,24.0,19.0,19.0,22.0,20.0,49.0,29.0,95.0,474.0,1526.0,3637.0,6731.0,10109.0,12985.0,16110.0,18928.0,22491.0,26574.0,29085.0,32102.0,33994.0,32741.0,30605.0,27287.0,19380.0,11210.0,3639.0,1244.0,363.0,172.0,76.0,27.0,23.0,32.0,31.0,17.0,22.0,16.0,0.0,0.0,3.0,50.0,196.0,649.0,1872.0,3609.0,5690.0,7416.0,8830.0,11006.0,12350.0,13442.0,15270.0,16368.0,18533.0,20523.0,23339.0,24196.0,23805.0,22579.0,20947.0,19186.0,21619.0,21051.0,17619.0,9882.0,1505.0,124.0,47.0,49.0
145,505,153,586,161,664,178,738,219,801,286,844,364,876,441,905,516,914,583,900,636,857,687,814,727,762,747,700,752,634,753,567,751,500,255,434,305,398,366,383,430,386,487,407,563,413,613,394,665,387,715,402,742,445,529,480,535,520,542,558,550,599,478,650,510,653,541,657,567,652,592,647,326,490,366,471,405,471,439,501,402,509,362,506,587,500,617,469,654,467,684,488,659,503,621,506,386,729,452,714,507,702,536,708,561,701,599,714,637,725,597,763,561,779,534,783,503,781,451,765,405,730,507,724,536,727,561,723,617,728,560,747,534,751,504,751,532,0.0012953179058724225,18.232024643666147,0.9962453104143715,2428.9358963308023,0.4511752568463634,308.00520288122505,9697.511560679537,8.395838742889302,10.7064044128704,0.0007698787446328216,2.8086958579711148,-0.5539086987724046,0.9998476358719434,3052.0,3977.0,3249.0,3318.0,4024.0,4379.0,4926.0,6203.0,7341.0,9736.0,11329.0,12953.0,13571.0,14203.0,16187.0,16097.0,15322.0,15453.0,13560.0,15373.0,15376.0,13099.0,15354.0,10616.0,5349.0,2778.0,1682.0,8.0,10.0,7.0,7.0,25.0,2283.0,3142.0,2738.0,2478.0,2741.0,3286.0,3652.0,4350.0,4583.0,5295.0,5858.0,6164.0,7244.0,8865.0,11186.0,13025.0,13217.0,16042.0,17995.0,17814.0,18971.0,17689.0,18123.0,16257.0,17663.0,12472.0,3853.0,1546.0,13.0,7.0,7.0,5.0,699.0,1256.0,1201.0,1478.0,1486.0,1749.0,1768.0,1644.0,1942.0,2388.0,2314.0,2259.0,2650.0,2690.0,3018.0,3116.0,3480.0,3793.0,4271.0,5712.0,7097.0,8517.0,9443.0,12736.0,15927.0,18202.0,19740.0,23106.0,31092.0,41161.0,17812.0,4817.0
169,494,176,579,190,665,209,746,247,821,303,889,372,944,449,983,527,990,596,966,650,908,699,846,735,779,754,707,763,635,765,562,757,491,255,440,300,409,356,399,412,404,464,425,588,426,629,407,672,399,716,401,743,434,533,485,538,543,543,601,548,660,470,681,504,693,539,707,570,693,594,678,331,489,365,467,406,468,443,497,404,502,363,502,588,496,621,465,660,464,691,484,664,498,626,499,372,746,433,738,492,737,530,746,566,737,608,735,645,737,612,813,568,847,529,854,487,850,428,818,387,751,492,761,531,767,566,759,626,746,565,806,529,815,489,811,533,0.0010444814561875262,28.095442026074696,0.9893850174814769,1324.170927796,0.3585801599921473,297.9299422853852,5268.588269157899,8.035851170573117,10.897264139581498,0.000619439130200973,3.1275378420583664,-0.4522946730593651,0.9990542989561122,515.0,1362.0,2048.0,2202.0,2063.0,2473.0,3688.0,5090.0,7580.0,10078.0,13303.0,14802.0,20391.0,23951.0,21879.0,23518.0,26719.0,32741.0,24943.0,16413.0,9049.0,4194.0,2003.0,1472.0,1270.0,563.0,45.0,19.0,11.0,8.0,2.0,19.0,180.0,476.0,1350.0,1791.0,2039.0,1880.0,1878.0,2465.0,3559.0,5029.0,7025.0,8818.0,10926.0,12462.0,15385.0,20209.0,22736.0,21506.0,23287.0,29857.0,33228.0,27246.0,11968.0,4241.0,1900.0,1174.0,1175.0,562.0,26.0,15.0,4.0,17.0,1.0,29.0,227.0,603.0,1063.0,1199.0,1397.0,1556.0,1358.0,1535.0,1567.0,1829.0,2270.0,2454.0,3092.0,4001.0,5416.0,6394.0,8153.0,9722.0,12072.0,14879.0,20530.0,21084.0,23074.0,26806.0,32727.0,35835.0,25281.0,7563.0,649.0,48.0
253,523,252,589,258,652,266,718,287,778,327,832,380,879,440,919,507,934,576,923,643,888,704,842,750,783,777,715,789,645,801,578,807,509,278,439,315,411,363,401,412,408,460,426,560,428,606,408,656,399,708,406,750,432,503,480,502,529,499,575,497,623,449,653,474,663,501,673,530,664,558,655,333,491,362,476,394,477,430,495,394,499,361,499,588,495,621,477,654,478,685,493,655,501,621,499,382,719,427,706,471,700,502,708,535,703,587,711,641,724,588,784,537,803,501,805,466,799,424,778,395,725,469,720,502,725,534,723,628,728,536,775,502,777,469,771,534,0.00070452776997768,43.213426998014775,0.990128389528518,2188.5735631261005,0.37103778464353354,266.74863265152226,8711.080825506393,8.447704107177245,11.302395017485432,0.0006743644305225101,3.15768584799837,-0.4831969856054133,0.9995740312792194,1754.0,4318.0,3709.0,4174.0,6657.0,8864.0,13138.0,15792.0,15477.0,13262.0,11785.0,10291.0,9267.0,8077.0,7732.0,7722.0,7844.0,8824.0,8756.0,11000.0,11702.0,12563.0,10324.0,8580.0,7393.0,4162.0,1845.0,105.0,27.0,16.0,9.0,0.0,993.0,2916.0,2818.0,2071.0,2021.0,2361.0,3204.0,4683.0,6593.0,9892.0,14830.0,18902.0,18895.0,14920.0,12281.0,11002.0,9997.0,9221.0,9164.0,10208.0,12251.0,13868.0,13417.0,11427.0,8835.0,5678.0,2290.0,370.0,34.0,18.0,9.0,0.0,427.0,1119.0,1412.0,1329.0,1575.0,1907.0,1948.0,1908.0,1608.0,1692.0,1896.0,2676.0,3847.0,5023.0,6628.0,8654.0,12372.0,15474.0,16151.0,15513.0,16399.0,15259.0,14856.0,17195.0,17752.0,15821.0,15107.0,11834.0,5782.0,1997.0,8.0,0.0
372,516,361,568,365,630,385,695,410,752,432,811,454,873,476,931,523,955,592,948,675,921,764,882,842,827,900,756,926,667,937,574,939,480,344,409,361,392,387,391,415,404,435,424,507,419,560,393,618,385,679,393,737,417,470,485,456,535,441,586,425,636,422,673,441,687,462,694,486,688,514,684,377,487,393,466,424,467,451,492,423,501,394,503,567,492,596,465,636,466,674,487,639,500,600,501,454,782,446,759,453,748,471,757,494,748,544,761,602,778,552,816,510,829,485,832,463,827,456,810,462,782,458,777,475,778,498,777,585,780,501,787,478,788,462,784,535,0.0008686401543262223,35.38812488413009,0.9930124490023698,2532.6437961905813,0.37527646407713894,172.02623654133333,10095.187059878193,8.40907257175867,11.224209570406208,0.0006393631970729131,3.112415336447995,-0.4862466966387333,0.9995964919162559,2195.0,15721.0,29312.0,25945.0,25325.0,20194.0,15980.0,13784.0,11932.0,9842.0,9813.0,8660.0,6589.0,5998.0,5011.0,5176.0,6002.0,6201.0,5952.0,5258.0,4084.0,5325.0,4245.0,2682.0,1782.0,214.0,84.0,50.0,19.0,8.0,3.0,1.0,1635.0,4640.0,9940.0,24027.0,27975.0,24852.0,22106.0,17173.0,13473.0,12006.0,10191.0,9729.0,9027.0,7171.0,6411.0,5407.0,5269.0,5837.0,5887.0,5475.0,4822.0,3497.0,4647.0,6185.0,3321.0,2324.0,271.0,55.0,14.0,9.0,6.0,5.0,454.0,1185.0,2407.0,2668.0,4342.0,8160.0,13539.0,16888.0,18537.0,18396.0,20472.0,16782.0,13505.0,10630.0,9700.0,9565.0,10193.0,9030.0,8293.0,6634.0,6268.0,6963.0,7376.0,6265.0,4220.0,4755.0,6304.0,5723.0,3456.0,568.0,55.0,54.0
220,533,228,608,241,676,254,746,276,812,316,864,372,906,436,937,508,948,581,938,647,907,703,866,745,812,770,746,784,675,800,603,812,526,265,443,302,407,355,392,409,398,461,419,557,418,608,397,663,385,719,399,757,435,508,469,508,512,508,555,507,600,455,650,480,658,509,664,537,657,564,650,329,486,362,465,399,463,433,488,398,492,361,494,587,490,621,464,659,465,691,486,659,495,622,494,398,757,440,738,479,723,506,732,533,723,574,738,620,756,575,779,535,790,505,792,476,790,438,781,418,758,478,758,506,761,534,759,600,758,533,752,505,755,478,753,536,0.0010467412625341389,21.48237931208476,0.9906970572435034,1155.303362911638,0.33671308656819315,281.83790642782344,4599.731072334456,7.897919939474626,10.747581793002333,0.0006029632500602933,3.082925340418118,-0.4432622273009116,0.9987935427757012,1720.0,1405.0,1928.0,1633.0,1711.0,1890.0,2568.0,5167.0,8511.0,13605.0,17067.0,20581.0,24647.0,28671.0,27849.0,25799.0,24767.0,19422.0,14252.0,8801.0,4620.0,2381.0,858.0,147.0,45.0,13.0,3.0,3.0,2.0,6.0,3.0,18.0,1447.0,891.0,1586.0,1450.0,1214.0,1265.0,1411.0,1780.0,2478.0,3958.0,5959.0,8953.0,12623.0,13763.0,16510.0,20764.0,22436.0,26571.0,31102.0,34480.0,26108.0,14305.0,6520.0,2112.0,317.0,47.0,14.0,4.0,4.0,4.0,1.0,16.0,1052.0,483.0,879.0,1285.0,1142.0,1021.0,911.0,845.0,803.0,1032.0,1196.0,1663.0,2718.0,4604.0,6097.0,7626.0,8227.0,8287.0,10568.0,13921.0,18281.0,21573.0,26104.0,33036.0,35299.0,28935.0,17367.0,4653.0,421.0,42.0,13.0,9.0
251,515,255,585,262,656,274,727,289,798,322,863,373,918,433,960,511,973,597,960,673,924,741,874,791,813,818,740,834,662,838,584,844,503,286,453,310,412,356,397,407,401,455,419,535,419,591,399,651,392,707,409,748,448,495,472,494,518,491,564,488,611,443,666,467,674,495,680,525,673,553,664,340,490,368,463,405,463,439,492,404,501,366,503,578,489,613,460,653,459,686,483,656,498,615,496,407,770,440,752,470,739,497,746,524,738,563,749,607,768,566,788,530,802,501,805,472,801,442,788,424,770,471,762,498,765,526,761,589,767,527,767,499,770,472,767,537,0.0004848092786013617,25.65793503142947,0.9935314455754647,1983.321704101695,0.28941190475108264,285.8508187891215,7907.62888137536,8.470848022379517,11.62035942696754,0.0005006412955469964,3.32078055187098,-0.4453700559780374,0.9992969364124353,148.0,1280.0,2723.0,3636.0,5209.0,7469.0,9892.0,10267.0,11274.0,13322.0,13618.0,14445.0,16971.0,19533.0,20029.0,18378.0,16535.0,15869.0,16487.0,14400.0,12236.0,9641.0,6244.0,4441.0,4045.0,3095.0,1232.0,669.0,375.0,265.0,151.0,2.0,72.0,748.0,1888.0,2424.0,3101.0,4070.0,4822.0,6626.0,8602.0,8877.0,9654.0,11347.0,13399.0,13487.0,14651.0,17391.0,19278.0,21139.0,17370.0,16769.0,17919.0,16067.0,12789.0,10610.0,7757.0,5313.0,4125.0,1989.0,895.0,396.0,298.0,8.0,14.0,93.0,379.0,638.0,568.0,531.0,1145.0,1853.0,2034.0,2128.0,2636.0,3127.0,3603.0,4972.0,6383.0,7765.0,8944.0,9992.0,11452.0,12537.0,14546.0,15199.0,16973.0,20115.0,22835.0,21122.0,19136.0,17651.0,18697.0,14619.0,7597.0,4597.0
243,512,243,584,248,658,255,732,276,802,313,863,367,915,432,955,506,971,580,958,647,923,707,878,755,821,782,752,791,676,796,601,801,526,272,440,306,406,356,396,405,402,450,423,571,422,617,401,666,397,715,407,751,439,509,478,507,525,505,571,503,619,450,649,476,659,505,670,537,659,566,650,333,491,365,467,405,469,438,499,401,504,362,504,588,500,623,470,662,469,695,493,664,505,626,506,372,729,421,706,472,699,510,708,549,701,604,709,658,730,607,792,550,818,508,821,467,815,415,789,392,732,472,725,510,730,549,727,639,733,549,782,508,785,469,781,538,0.0008026911887034939,38.41534611661003,0.9830034284253494,1130.3882705875794,0.29219799556807347,257.98677887183305,4483.137736233708,8.011979446368741,11.223702223542691,0.0005006886768353483,3.4126050691778174,-0.40097029779687265,0.9980321461520234,70.0,1292.0,3426.0,4318.0,5487.0,7331.0,9658.0,13573.0,19606.0,26300.0,37434.0,41284.0,31364.0,22524.0,14902.0,7293.0,4216.0,2782.0,2145.0,1576.0,1200.0,1057.0,764.0,601.0,415.0,87.0,32.0,22.0,12.0,16.0,15.0,13.0,13.0,467.0,1338.0,1778.0,2658.0,3592.0,4524.0,7398.0,9450.0,9859.0,9997.0,12397.0,16049.0,23909.0,29947.0,34426.0,31463.0,21381.0,17541.0,10089.0,4514.0,2671.0,1732.0,1302.0,1020.0,758.0,360.0,85.0,32.0,18.0,17.0,30.0,4.0,114.0,433.0,947.0,1138.0,1029.0,1239.0,1394.0,1663.0,2336.0,2714.0,2974.0,4190.0,4447.0,5045.0,5289.0,5554.0,6493.0,9300.0,12307.0,17288.0,21915.0,24448.0,27193.0,26737.0,23972.0,20573.0,18141.0,9275.0,2031.0,443.0,189.0
284,504,271,571,271,641,286,716,305,791,336,866,374,936,422,1003,498,1029,592,1021,681,977,765,924,837,855,882,776,903,685,911,592,914,500,293,423,319,395,359,391,402,399,442,419,521,414,577,381,644,371,710,387,764,423,476,476,466,523,453,572,441,621,416,664,438,680,464,690,500,679,536,666,337,488,364,465,402,466,438,496,400,501,362,501,580,495,618,465,659,463,695,485,660,499,620,499,382,760,405,727,444,715,476,723,513,715,580,730,651,762,586,834,522,864,482,868,445,863,408,828,400,764,445,745,477,747,514,746,635,766,519,823,481,826,445,820,539,0.0017366465680502398,21.25797541688489,0.9903905395552436,1106.621166868732,0.44037887970070555,230.67847135396437,4405.226692058033,7.862195635483181,10.304846110192162,0.0008210718759070346,2.8024661979900145,-0.4992270584971331,0.9994172608206969,3600.0,6425.0,6633.0,6404.0,6555.0,6995.0,10376.0,15195.0,21181.0,30869.0,50599.0,50988.0,36857.0,26191.0,22224.0,16224.0,4545.0,2501.0,982.0,723.0,451.0,167.0,111.0,20.0,13.0,7.0,9.0,3.0,1.0,1.0,0.0,0.0,929.0,4586.0,5699.0,5468.0,5554.0,5436.0,6218.0,7246.0,10806.0,12957.0,16122.0,22959.0,30981.0,47971.0,48485.0,33173.0,23738.0,23254.0,9700.0,2773.0,993.0,824.0,588.0,253.0,91.0,18.0,12.0,9.0,4.0,2.0,1.0,0.0,44.0,612.0,1352.0,2348.0,2671.0,3030.0,3202.0,3674.0,3843.0,4066.0,4053.0,4734.0,4883.0,5472.0,6456.0,7578.0,10456.0,16811.0,24693.0,30403.0,50170.0,47074.0,29798.0,23052.0,21953.0,12586.0,1798.0,17.0,11.0,7.0,2.0,1.0
107,463,100,558,99,658,120,752,172,834,256,900,347,950,440,980,522,982,589,958,625,899,652,835,678,767,699,696,712,627,714,556,711,493,260,448,321,412,390,396,462,399,527,424,599,425,638,407,680,401,716,409,729,439,561,474,570,530,581,585,593,643,491,680,527,691,562,699,592,689,616,674,340,483,381,476,416,474,450,484,417,490,381,491,588,484,621,472,652,472,672,480,652,490,621,489,408,767,470,755,520,749,553,760,584,750,608,757,626,769,602,793,578,811,546,817,512,814,465,797,426,768,517,774,551,778,582,772,616,769,581,771,549,778,516,775,54,0.000710330168249497,21.877110499333423,0.9942329141819158,1896.7880390726586,0.3649543100880577,307.90772850343194,7565.275045791255,8.386020363204723,11.192135872710086,0.0006526149252874073,3.061393133048457,-0.485679190043279,0.9995782107457976,262.0,809.0,2094.0,3769.0,4065.0,5300.0,7178.0,9863.0,13996.0,15875.0,14995.0,14507.0,18027.0,25352.0,26305.0,16354.0,14189.0,12781.0,10488.0,10941.0,10612.0,9800.0,9763.0,7841.0,6637.0,7126.0,6492.0,2943.0,1039.0,298.0,1.0,0.0,24.0,101.0,293.0,784.0,1698.0,2258.0,2808.0,3215.0,4419.0,5907.0,7233.0,10123.0,13285.0,14920.0,16055.0,19338.0,26690.0,30602.0,21128.0,16776.0,12696.0,11706.0,10026.0,9781.0,9107.0,9230.0,8488.0,8952.0,8920.0,2790.0,349.0,0.0,0.0,0.0,0.0,0.0,0.0,87.0,227.0,506.0,870.0,1046.0,1299.0,2187.0,2231.0,2863.0,3860.0,5110.0,7780.0,10877.0,13667.0,15062.0,17217.0,22709.0,29531.0,23249.0,16799.0,15327.0,12973.0,12029.0,13010.0,12386.0,12723.0,34077.0
207,496,222,575,240,650,258,722,289,785,337,835,392,877,452,910,517,918,577,903,626,865,671,816,709,761,733,699,748,632,760,563,766,492,275,433,321,411,373,404,426,412,472,434,556,433,601,411,650,406,698,412,737,437,517,490,519,542,522,594,524,645,464,674,492,681,520,688,546,681,570,673,329,488,364,467,405,469,437,502,401,504,361,502,584,500,615,468,654,466,687,487,659,501,620,503,403,750,448,731,490,721,518,729,547,721,581,732,614,752,581,788,548,807,518,812,487,808,447,788,421,752,490,745,518,748,546,745,596,752,546,771,518,776,489,773,540,0.0054598948017219985,18.631002168452483,0.9899418552593262,926.1431990061046,0.570329057478859,346.7913302890765,3685.9417938559563,7.2939022401248526,9.194991105421446,0.001151925829807542,2.530601379147616,-0.5451800642754754,0.999442042208007,0.0,0.0,34.0,142.0,161.0,316.0,1126.0,1682.0,2195.0,2536.0,3235.0,3473.0,3987.0,4377.0,5074.0,6657.0,10640.0,17728.0,25551.0,35876.0,43535.0,28612.0,12691.0,4332.0,1699.0,691.0,134.0,32.0,0.0,0.0,0.0,0.0,0.0,14.0,139.0,188.0,273.0,861.0,1404.0,1575.0,1884.0,2149.0,2655.0,3591.0,3270.0,3121.0,3181.0,3204.0,3664.0,4543.0,7067.0,14522.0,30231.0,39777.0,46800.0,30906.0,7437.0,2776.0,1202.0,79.0,3.0,0.0,0.0,0.0,0.0,9.0,95.0,154.0,178.0,598.0,1135.0,1019.0,1006.0,858.0,833.0,892.0,1003.0,974.0,1082.0,1097.0,1166.0,1247.0,1413.0,1726.0,1990.0,2429.0,3148.0,4816.0,9689.0,29027.0,54163.0,66276.0,26328.0,2071.0,72.0,22.0
303,502,293,564,290,628,300,696,317,765,343,833,381,895,423,954,490,976,573,972,659,937,741,888,809,824,851,750,870,665,874,579,878,493,303,424,317,387,356,377,399,386,439,408,524,407,582,379,649,370,714,387,759,432,476,471,467,520,457,569,447,621,418,663,440,677,468,687,502,676,538,665,341,486,366,467,401,467,436,491,400,498,364,499,578,489,617,465,656,464,692,483,656,497,616,496,392,767,418,755,447,746,475,755,505,747,557,757,622,769,559,797,509,813,477,815,447,810,420,793,408,771,448,773,477,778,507,774,602,771,506,777,476,781,447,776,541,0.0005848179754055502,27.196099043356583,0.9925569094538704,1827.2030313055366,0.304454011794851,263.73841888986897,7281.616026178806,8.373359174714588,11.478545518870249,0.0005257947976865646,3.296613784223715,-0.44403224986708,0.9991927549423779,6546.0,5812.0,5172.0,6290.0,7584.0,9580.0,13499.0,16303.0,21205.0,28678.0,26635.0,22247.0,18517.0,17053.0,15010.0,12802.0,12556.0,10260.0,6867.0,5170.0,4623.0,4261.0,2691.0,1117.0,455.0,35.0,11.0,0.0,1.0,2.0,1.0,1.0,2345.0,3015.0,3284.0,3032.0,3452.0,4069.0,4146.0,5729.0,7499.0,8117.0,9721.0,13011.0,15440.0,18195.0,25268.0,26959.0,24453.0,19226.0,17529.0,15303.0,12794.0,12142.0,8791.0,7234.0,5887.0,3546.0,732.0,61.0,0.0,3.0,0.0,1.0,612.0,1186.0,1261.0,1495.0,1455.0,1316.0,1507.0,1592.0,1681.0,2139.0,2566.0,3046.0,3566.0,4370.0,6178.0,8294.0,9766.0,11185.0,12239.0,15899.0,22230.0,26000.0,25644.0,20754.0,18756.0,17664.0,15610.0,15905.0,13481.0,10157.0,3222.0,208.0
225,492,237,570,250,644,265,719,289,787,331,844,385,890,445,931,510,944,576,933,637,895,692,848,734,790,757,722,772,648,789,575,804,494,266,446,301,408,357,392,413,398,464,420,560,421,613,400,670,396,725,411,760,451,511,477,510,525,509,572,508,620,458,655,483,663,509,671,537,665,563,657,332,487,365,466,403,468,437,494,401,499,363,499,585,495,620,468,658,467,689,487,659,499,621,499,395,744,436,726,479,717,510,724,541,718,588,729,634,746,592,798,544,815,510,817,477,814,434,794,412,746,479,738,510,741,542,739,617,748,543,783,510,785,479,781,542,0.0012895630931465533,27.592111356947193,0.9848427601011687,910.5189840268695,0.3711008485581224,302.9395140257004,3614.483824750547,7.8143356343479144,10.604154128866163,0.000649992503924438,3.0743117316028554,-0.44521555295828075,0.9987313981647492,131.0,506.0,1027.0,1127.0,1383.0,2085.0,4380.0,5814.0,7734.0,10156.0,12695.0,15820.0,19403.0,24122.0,28043.0,32009.0,28968.0,20438.0,12444.0,6306.0,3354.0,1364.0,871.0,437.0,165.0,67.0,20.0,5.0,4.0,1.0,3.0,15.0,12.0,170.0,392.0,513.0,557.0,719.0,992.0,1326.0,2499.0,4373.0,6950.0,7583.0,8393.0,11284.0,15514.0,18473.0,21094.0,27778.0,30431.0,32673.0,25262.0,12864.0,6564.0,2182.0,1032.0,830.0,354.0,36.0,23.0,12.0,9.0,3.0,0.0,14.0,103.0,228.0,222.0,210.0,208.0,270.0,371.0,455.0,613.0,1010.0,1310.0,1583.0,2372.0,3463.0,4033.0,4954.0,5002.0,6462.0,7360.0,9819.0,13953.0,17870.0,22524.0,23076.0,29401.0,32652.0,25457.0,16879.0,7632.0,1391.0
251,503,252,576,261,645,273,717,298,784,341,841,391,892,447,936,515,948,583,939,648,910,707,870,754,818,783,751,799,677,812,601,815,522,278,437,313,409,361,403,408,411,453,433,550,428,600,407,653,403,707,411,755,437,502,489,499,542,496,596,492,648,443,676,468,687,495,697,524,687,554,678,333,489,366,469,404,470,436,500,400,502,363,501,588,499,622,471,661,470,696,491,663,501,625,502,391,750,430,733,468,725,499,733,534,724,583,733,633,747,587,784,540,801,504,806,469,803,432,788,410,753,468,757,500,760,535,756,616,750,538,762,503,765,470,762,543,0.001986994684771986,31.470566788379024,0.9862265255413798,1142.4547915860521,0.47932989291986927,298.42176559198987,4538.348599555815,7.974135199425534,10.352526019712256,0.0009050894446341856,2.9320838516364374,-0.5173989424546065,0.9995826097132017,0.0,16.0,255.0,1000.0,1919.0,2663.0,3782.0,5168.0,6314.0,7426.0,9080.0,11042.0,13660.0,14992.0,23936.0,30309.0,23108.0,19117.0,17740.0,15635.0,12087.0,7246.0,5887.0,4663.0,3034.0,2025.0,1897.0,336.0,1.0,0.0,0.0,0.0,0.0,47.0,492.0,780.0,1217.0,1537.0,2241.0,3185.0,4201.0,5006.0,5578.0,6711.0,8234.0,10231.0,11521.0,14178.0,22593.0,33965.0,31194.0,24171.0,18921.0,13174.0,9118.0,6491.0,4658.0,2960.0,1638.0,296.0,0.0,0.0,0.0,0.0,0.0,4.0,110.0,289.0,547.0,746.0,842.0,960.0,997.0,1070.0,1597.0,1969.0,2364.0,2580.0,2852.0,3247.0,3568.0,4420.0,5267.0,6442.0,9538.0,14458.0,21613.0,32895.0,42455.0,35829.0,25375.0,13448.0,7234.0,1622.0,0.0,0.0
155,505,159,589,170,670,192,747,235,815,300,869,378,905,459,932,535,938,602,920,654,880,696,830,725,769,743,703,755,636,759,568,755,497,263,426,304,382,365,366,428,378,482,406,583,401,626,375,675,364,721,380,741,421,534,478,541,530,548,579,556,631,471,667,508,678,545,687,577,678,604,667,336,491,371,473,408,472,439,496,408,502,369,502,595,496,631,472,664,470,688,489,665,500,631,500,405,768,465,758,512,748,536,754,561,748,595,756,633,764,596,790,564,803,538,806,511,806,465,798,425,770,511,769,536,772,561,768,617,766,562,769,537,773,512,773,544,0.0007660762326175884,39.938970153603506,0.9767949646353098,860.5808792647676,0.27005201642403887,272.53506519675784,3402.3845469054686,7.829837103213386,11.133497813293925,0.0005167761269765452,3.4717417934916246,-0.3716693383201699,0.9965012989399888,27.0,180.0,512.0,1509.0,2080.0,2641.0,3975.0,6323.0,12834.0,23864.0,31692.0,31809.0,33586.0,31047.0,23971.0,19041.0,16176.0,13130.0,7915.0,4478.0,2509.0,1294.0,682.0,374.0,88.0,11.0,6.0,7.0,12.0,0.0,0.0,0.0,0.0,41.0,323.0,1185.0,1389.0,1590.0,2207.0,2779.0,3705.0,4457.0,5308.0,9636.0,18833.0,28756.0,33874.0,34517.0,34195.0,26311.0,21066.0,17911.0,11756.0,6458.0,3461.0,1456.0,446.0,88.0,10.0,11.0,4.0,0.0,0.0,0.0,0.0,0.0,153.0,809.0,723.0,865.0,1025.0,1214.0,1303.0,1412.0,1462.0,1389.0,1665.0,2039.0,2619.0,3529.0,6004.0,9259.0,14884.0,20998.0,26122.0,27847.0,30659.0,29179.0,24830.0,21573.0,17972.0,12307.0,6976.0,2674.0,278.0,4.0
186,484,193,573,205,658,219,741,250,815,306,877,373,931,447,969,522,975,592,953,652,900,703,841,745,779,766,705,774,629,785,552,792,470,260,452,310,419,371,411,433,418,488,438,568,435,619,413,674,410,725,421,758,453,528,481,532,544,536,608,540,671,459,677,494,690,531,704,565,690,593,675,331,489,369,475,407,475,443,497,406,497,368,496,590,495,628,472,663,471,696,486,665,492,630,494,370,739,432,728,488,724,526,733,566,723,613,724,653,733,613,796,568,833,525,841,484,838,427,809,385,745,488,746,526,750,567,743,636,739,567,794,525,802,486,797,545,0.000943043909974984,28.332529196244387,0.9947130409718437,2679.2592980191375,0.37249741287244464,227.72135397305,10688.704662880305,8.327420663310285,11.167498842064122,0.0006343906793069376,3.115074675791101,-0.47721147738971714,0.9994946624535436,700.0,3974.0,4457.0,5181.0,9741.0,16334.0,21894.0,37790.0,30800.0,12435.0,6477.0,5748.0,5963.0,5330.0,6463.0,8494.0,10900.0,10248.0,12785.0,15162.0,14985.0,10118.0,4386.0,1862.0,1087.0,515.0,256.0,114.0,115.0,67.0,17.0,0.0,550.0,2440.0,3765.0,3901.0,6119.0,8526.0,15072.0,18367.0,25887.0,34352.0,20790.0,8492.0,5591.0,5298.0,5142.0,5445.0,6258.0,6820.0,9715.0,11171.0,12176.0,14764.0,16161.0,11179.0,3951.0,1184.0,669.0,361.0,141.0,80.0,28.0,3.0,23.0,1044.0,1822.0,2022.0,1801.0,1673.0,2343.0,2814.0,4129.0,9653.0,17540.0,15763.0,20999.0,25642.0,22732.0,10678.0,6408.0,5125.0,4888.0,5324.0,5431.0,6019.0,7273.0,10112.0,11593.0,15520.0,20705.0,14508.0,8807.0,1620.0,227.0,160.0
287,511,279,577,283,641,298,705,321,768,354,825,395,876,440,920,498,937,565,934,636,911,702,872,755,818,796,751,821,675,839,594,848,513,298,437,322,404,365,396,409,403,449,423,522,417,583,393,649,389,713,405,764,441,482,485,476,530,468,575,460,621,425,658,448,668,474,675,507,668,540,661,339,492,367,474,401,475,432,501,398,502,365,501,582,499,616,473,653,473,689,494,655,501,617,502,409,747,428,725,456,714,481,723,509,717,557,732,612,756,560,786,514,798,483,798,455,793,430,777,426,748,455,741,481,745,511,744,594,755,512,761,483,761,456,755,546,0.002309503705677852,20.439686569638397,0.9883707610971313,879.1313071488148,0.4825681489126241,267.55076453043534,3496.085542025623,7.635171710956826,9.929092454428327,0.0009017958260886425,2.7419118476266697,-0.5053399820004362,0.9993240592522912,2.0,22.0,95.0,849.0,3398.0,4632.0,5029.0,5229.0,5864.0,7287.0,9647.0,12759.0,18251.0,25789.0,25346.0,27662.0,26071.0,22460.0,21597.0,14127.0,5674.0,451.0,2.0,1.0,0.0,3.0,0.0,0.0,2.0,0.0,0.0,0.0,1.0,18.0,142.0,668.0,1980.0,3213.0,4094.0,5020.0,5379.0,5771.0,6746.0,8893.0,10775.0,14898.0,20346.0,26264.0,32312.0,34418.0,35411.0,20508.0,5306.0,74.0,5.0,0.0,1.0,2.0,1.0,1.0,1.0,0.0,1.0,0.0,1.0,2.0,2.0,16.0,120.0,503.0,1176.0,1704.0,2206.0,2881.0,3512.0,3504.0,3550.0,3343.0,3715.0,4339.0,5863.0,8912.0,12681.0,18474.0,22341.0,30723.0,41383.0,40277.0,18449.0,9650.0,2918.0,2.0,1.0,0.0,1.0,0.0
242,510,247,580,256,650,270,722,298,786,341,844,394,893,454,936,521,951,592,939,657,900,713,851,758,791,787,721,803,645,815,570,821,492,279,452,309,410,362,394,418,398,469,419,547,417,601,395,662,391,719,411,758,454,509,474,508,515,507,554,506,596,448,641,478,650,509,656,540,650,570,643,336,489,368,471,404,471,437,494,403,498,366,497,592,493,627,469,665,469,701,486,667,495,629,496,391,741,433,715,476,703,506,710,538,704,587,717,636,742,590,789,542,810,508,813,475,808,432,787,409,742,476,728,507,732,539,729,617,742,539,775,507,780,475,775,547,0.008852403373441793,7.161156431103207,0.9964549867261987,1010.1126157140142,0.639755269792165,112.04827851740076,4033.2893064249533,7.101746249636848,8.555364123490765,0.0012766375484296508,2.0509306771098976,-0.606276416596264,0.999678597146661,268.0,9734.0,38591.0,83443.0,44772.0,22460.0,11216.0,5569.0,3086.0,2618.0,2767.0,2100.0,1960.0,2104.0,5554.0,4059.0,2391.0,1945.0,1604.0,1250.0,991.0,644.0,197.0,46.0,23.0,7.0,10.0,3.0,3.0,5.0,3.0,4.0,850.0,6556.0,12739.0,35101.0,88684.0,45651.0,14343.0,8589.0,4287.0,2873.0,2724.0,2477.0,2096.0,1803.0,2420.0,4050.0,5193.0,2518.0,1720.0,1349.0,1365.0,995.0,624.0,350.0,36.0,13.0,3.0,6.0,2.0,3.0,6.0,1.0,474.0,3632.0,2345.0,3130.0,3492.0,7598.0,17445.0,40831.0,44750.0,48688.0,33905.0,5865.0,4163.0,3135.0,2813.0,2548.0,2354.0,2164.0,2396.0,2992.0,5427.0,3880.0,1704.0,1594.0,1444.0,549.0,81.0,9.0,6.0,5.0,6.0,2.0
106,477,112,567,119,652,141,734,187,807,257,867,340,915,427,950,514,962,579,945,616,889,643,830,666,766,680,701,690,637,691,576,687,518,260,437,313,404,379,383,446,387,505,409,582,417,617,399,655,388,689,399,702,428,541,478,551,528,564,575,577,625,491,666,523,675,554,683,578,674,597,660,322,487,362,472,400,469,435,490,399,496,361,497,579,496,613,477,645,476,666,491,645,501,614,500,415,767,472,749,519,737,546,744,569,736,594,748,611,768,591,796,567,811,541,816,511,814,467,798,436,767,517,767,545,768,568,765,599,767,567,770,543,775,516,774,548,0.0007723988342675928,31.994709520922775,0.9840644665607041,1004.0315994696634,0.28892658588721837,205.26302677542273,3984.131688357729,7.937927365824688,11.082358219635037,0.000635419065314984,3.3096531902690534,-0.40437420278415726,0.9979640192864047,199.0,1858.0,6088.0,11072.0,14009.0,17856.0,22258.0,28303.0,39088.0,41571.0,30632.0,21239.0,13580.0,6954.0,3902.0,2186.0,1170.0,1010.0,1306.0,915.0,511.0,373.0,24.0,1.0,0.0,0.0,0.0,0.0,0.0,0.0,0.0,0.0,11.0,502.0,2604.0,5592.0,6288.0,7508.0,9989.0,11369.0,13318.0,17766.0,20785.0,25458.0,34450.0,38676.0,28265.0,18742.0,11485.0,5200.0,2666.0,1286.0,1156.0,1647.0,877.0,412.0,53.0,0.0,0.0,0.0,0.0,0.0,0.0,0.0,0.0,107.0,847.0,2311.0,3672.0,3513.0,3723.0,3774.0,5653.0,6426.0,7694.0,8329.0,10014.0,13241.0,15526.0,16213.0,17711.0,23770.0,31478.0,25941.0,20796.0,18692.0,13448.0,4858.0,2307.0,1618.0,1454.0,2146.0,826.0,17.0,0.0,0.0
177,493,181,574,189,654,204,731,236,801,289,862,358,914,437,956,518,969,595,951,663,901,720,845,759,779,777,708,782,634,782,561,778,490,261,440,307,408,364,401,421,408,473,430,571,427,614,406,663,398,712,406,745,439,523,485,527,539,531,592,536,647,458,667,494,679,530,691,564,679,594,666,332,491,368,476,406,478,442,503,404,506,366,503,586,501,618,474,655,472,688,488,658,500,622,503,364,731,425,715,485,710,529,717,570,708,618,712,665,726,621,786,572,818,528,825,482,821,422,793,381,735,485,734,528,738,570,732,647,731,570,778,528,785,483,782,549,0.0008679686679924927,21.317283564764463,0.993126528720877,1550.6570426599037,0.40044816538108496,251.0179231273163,6181.310887074831,8.264227493384777,10.947794352493325,0.0008415646846613422,2.9381115073057362,-0.4936962934213409,0.9995649088720443,149.0,1690.0,3348.0,2748.0,3730.0,7693.0,11363.0,13234.0,17508.0,23351.0,24739.0,21648.0,21842.0,17889.0,17491.0,17730.0,19699.0,18660.0,13503.0,8172.0,4218.0,2256.0,1177.0,168.0,2.0,0.0,0.0,0.0,0.0,0.0,0.0,0.0,214.0,1102.0,2919.0,2763.0,3674.0,4641.0,5752.0,9544.0,11191.0,12998.0,16297.0,21931.0,21054.0,17210.0,19057.0,18141.0,17006.0,16872.0,16758.0,17870.0,15794.0,12778.0,5424.0,2097.0,854.0,67.0,0.0,0.0,0.0,0.0,0.0,0.0,1.0,58.0,787.0,1885.0,1853.0,1401.0,1481.0,1751.0,1768.0,1987.0,2539.0,4504.0,5388.0,7393.0,9641.0,13163.0,17954.0,19328.0,17614.0,16426.0,18003.0,19195.0,16910.0,18466.0,18666.0,20284.0,16103.0,13694.0,4533.0,1177.0,54.0,1.0
263,476,265,551,268,624,282,700,311,767,356,826,400,881,447,934,515,953,592,945,676,906,758,857,828,796,875,719,895,632,903,541,907,446,271,436,302,410,349,408,397,422,438,449,527,453,585,430,652,426,718,439,778,468,484,499,478,552,471,605,466,660,422,669,449,689,480,703,520,690,558,676,330,474,364,459,402,464,438,494,398,492,359,488,584,503,622,478,664,480,704,499,664,507,623,506,385,720,422,715,461,717,495,727,533,721,593,723,659,734,595,782,536,802,496,803,458,795,424,771,404,727,458,733,495,741,532,739,640,736,535,771,498,773,461,764,55,0.0014511265764674333,20.867083753260157,0.9936453781859187,1641.8607256311934,0.4543169510933334,350.64684736228776,6546.575818771496,8.157957881293036,10.552975658180742,0.0008158855131414558,2.798658988643835,-0.5266098431858092,0.9997055539864425,339.0,1045.0,1059.0,1197.0,1489.0,1738.0,1845.0,1911.0,2135.0,2993.0,4693.0,6568.0,8249.0,10261.0,15269.0,17656.0,21870.0,30391.0,25488.0,17239.0,14095.0,11927.0,10244.0,10646.0,11286.0,10703.0,9551.0,7357.0,2822.0,541.0,473.0,108.0,192.0,670.0,886.0,907.0,986.0,1163.0,1685.0,1802.0,1719.0,1696.0,2088.0,2956.0,4018.0,5896.0,7908.0,10911.0,11933.0,16595.0,17260.0,25411.0,31030.0,23454.0,16549.0,12173.0,8719.0,9887.0,12808.0,14542.0,11605.0,4870.0,665.0,204.0,2.0,48.0,272.0,476.0,545.0,497.0,596.0,584.0,585.0,640.0,766.0,887.0,1118.0,1244.0,1360.0,1374.0,1651.0,2168.0,2896.0,3310.0,4773.0,5867.0,6962.0,9534.0,12506.0,22802.0,28800.0,41072.0,32061.0,15595.0,13101.0,49096.0
193,501,202,585,212,665,226,741,255,812,304,870,365,918,430,955,502,969,577,960,643,924,704,877,752,819,780,749,797,669,807,589,813,507,263,438,296,396,350,377,407,382,459,402,571,400,623,382,679,378,731,398,759,446,510,467,510,524,510,579,510,636,448,670,480,677,511,686,544,677,575,669,332,488,363,468,400,467,435,493,400,499,362,498,586,493,620,468,658,467,690,489,660,499,621,499,388,760,431,741,476,733,513,741,548,733,591,742,635,760,591,792,550,808,513,812,474,807,431,791,403,760,475,752,513,756,548,753,620,761,549,778,513,782,476,778,550,0.0007434615535112364,29.060537165008803,0.989594201267485,1396.3743427260542,0.304711791303037,276.7443713762884,5556.436833739215,8.04314810806614,11.148462314191688,0.0005264138719799693,3.2959877068864367,-0.419011477539273,0.9985125398657058,139.0,331.0,571.0,1000.0,1524.0,2107.0,3830.0,8545.0,19611.0,35969.0,31457.0,20815.0,17826.0,16080.0,14615.0,11928.0,11387.0,13389.0,15213.0,17809.0,17544.0,14848.0,7514.0,3067.0,659.0,33.0,4.0,4.0,6.0,3.0,3.0,1.0,153.0,270.0,314.0,464.0,784.0,1148.0,1590.0,2234.0,3758.0,6258.0,14549.0,29600.0,39343.0,26898.0,19086.0,17577.0,13956.0,10653.0,10831.0,13723.0,15123.0,17920.0,17539.0,15974.0,6504.0,1464.0,95.0,9.0,5.0,5.0,2.0,3.0,4.0,70.0,194.0,282.0,183.0,332.0,586.0,739.0,889.0,823.0,838.0,1086.0,1766.0,2929.0,5369.0,11171.0,19668.0,28085.0,28725.0,20224.0,17710.0,16139.0,16645.0,13890.0,12941.0,15884.0,22194.0,26652.0,16764.0,4724.0,322.0,4.0
238,491,242,569,254,643,265,715,291,782,334,838,387,885,448,926,514,938,579,923,634,877,684,826,723,767,746,703,758,633,767,562,768,489,267,442,307,408,362,403,416,414,468,437,557,438,606,416,657,405,711,408,747,445,515,482,516,536,518,591,519,646,456,671,484,680,513,690,543,679,571,669,333,486,364,471,401,471,435,495,399,499,362,500,585,495,619,472,655,471,687,487,657,499,621,498,395,741,440,742,482,738,515,746,546,737,584,739,627,736,586,782,550,803,517,808,481,804,438,781,411,746,482,762,515,765,546,761,610,744,548,763,517,768,483,763,551,0.0007404730992490742,20.103391198030756,0.995547114666618,2257.5343973651197,0.37795793062632793,286.838551574753,9010.034198262467,8.427138604761707,11.143737835076617,0.0007350740228086648,3.0021976055038486,-0.5004222635911464,0.9996714968805201,1.0,137.0,453.0,959.0,1411.0,2170.0,3438.0,4811.0,8053.0,10352.0,11647.0,15192.0,16237.0,11020.0,10336.0,9522.0,9073.0,9366.0,10085.0,11591.0,12562.0,15778.0,15738.0,9648.0,7932.0,7407.0,4458.0,499.0,3.0,0.0,0.0,0.0,10.0,192.0,440.0,989.0,1484.0,2001.0,2943.0,5059.0,7309.0,8950.0,9348.0,11267.0,14640.0,15243.0,10977.0,9269.0,8914.0,8974.0,10101.0,9866.0,9884.0,10556.0,14011.0,18532.0,13321.0,8978.0,5943.0,678.0,0.0,0.0,0.0,0.0,26.0,108.0,243.0,412.0,683.0,873.0,1378.0,2271.0,3243.0,4705.0,6340.0,6330.0,6464.0,7396.0,9336.0,10837.0,10902.0,10249.0,8702.0,8110.0,8447.0,8891.0,9945.0,10299.0,12949.0,14023.0,16666.0,18025.0,11754.0,8678.0,1535.0,59.0
286,483,286,551,296,619,315,686,338,753,372,815,412,875,456,932,517,951,591,945,670,911,743,861,805,799,841,724,858,643,866,555,868,466,280,440,306,403,354,401,401,415,447,439,530,441,587,413,652,401,717,410,772,441,485,485,481,539,474,591,468,645,434,670,455,683,482,694,514,683,547,674,339,482,367,467,402,468,433,491,398,495,363,494,586,492,620,471,660,469,696,484,662,496,624,497,407,750,439,747,465,741,489,750,517,741,567,749,626,755,571,786,524,804,494,806,466,802,440,784,422,755,465,760,490,766,520,762,607,757,520,763,492,766,467,761,552,0.0007127509654161146,25.872622540265112,0.9946603836780821,2422.9465878770716,0.3707994301710759,294.40013047304626,9665.913728968022,8.507244224253027,11.338095692736735,0.0006633025348296278,3.110178804595943,-0.4904056203448163,0.9996444765595347,2182.0,3242.0,4457.0,5138.0,4525.0,4670.0,9401.0,9977.0,9359.0,11770.0,12282.0,14740.0,12655.0,11673.0,11917.0,12638.0,14730.0,17117.0,16504.0,14660.0,13654.0,11712.0,6919.0,4006.0,3700.0,1947.0,679.0,154.0,33.0,1.0,0.0,0.0,836.0,2186.0,2545.0,3221.0,3812.0,4147.0,4159.0,5540.0,8106.0,8289.0,8087.0,8513.0,10048.0,10051.0,11499.0,12705.0,11759.0,10985.0,12139.0,13711.0,16412.0,17917.0,18212.0,17009.0,11870.0,5501.0,4640.0,2169.0,329.0,45.0,0.0,0.0,98.0,817.0,573.0,548.0,710.0,850.0,1020.0,1071.0,1448.0,2242.0,3079.0,3399.0,3398.0,2930.0,3127.0,4047.0,4873.0,5655.0,9492.0,14565.0,11291.0,10849.0,13977.0,12880.0,12391.0,13478.0,17148.0,20260.0,20507.0,23629.0,16695.0,9395.0
263,491,271,564,281,630,295,694,318,754,351,810,390,862,442,908,509,922,576,913,639,872,688,824,723,767,744,701,759,637,778,571,793,497,280,438,314,413,364,407,414,413,462,431,563,434,613,413,667,409,719,417,758,445,509,479,508,536,505,592,502,649,453,668,477,681,504,692,534,682,560,671,333,491,365,477,402,478,438,501,401,510,363,510,589,501,625,480,663,478,697,494,664,511,625,511,383,719,431,722,474,719,504,726,535,720,586,725,638,725,589,784,539,811,505,815,472,809,429,779,400,726,473,742,504,748,536,744,621,731,537,765,506,770,474,764,553,0.0009076605201710074,49.18415348077608,0.9941867004696652,4229.879296170835,0.4012473380169752,203.0234990069495,16870.333031202572,8.550733452314793,11.312440313693125,0.0007067878436593245,3.119223848405872,-0.503178411356874,0.9997239674099182,3947.0,16446.0,15703.0,10664.0,9600.0,8533.0,7067.0,5542.0,7070.0,6121.0,5506.0,4834.0,5304.0,6555.0,7713.0,10429.0,14862.0,12974.0,12470.0,10559.0,7003.0,5330.0,3485.0,2468.0,2040.0,2012.0,1559.0,419.0,10.0,1.0,0.0,0.0,13546.0,19761.0,11449.0,9343.0,8879.0,7229.0,6765.0,4821.0,4193.0,4565.0,4776.0,4936.0,5124.0,6053.0,6803.0,8183.0,10808.0,14324.0,13482.0,11597.0,9256.0,6362.0,4283.0,3395.0,2489.0,1996.0,1467.0,333.0,7.0,1.0,0.0,0.0,2834.0,17154.0,13650.0,8247.0,5453.0,7102.0,7694.0,6725.0,4239.0,2692.0,2458.0,2339.0,1679.0,1943.0,2344.0,2851.0,3863.0,5094.0,5556.0,6920.0,9045.0,11264.0,15481.0,13483.0,12568.0,11892.0,6947.0,5067.0,2789.0,2605.0,2981.0,1267.0
212,515,216,595,224,673,234,751,254,821,297,883,359,932,429,971,510,985,589,971,660,932,721,881,763,820,785,750,797,674,807,596,816,515,275,464,306,419,360,400,417,406,472,427,553,432,607,410,665,404,719,420,752,463,514,474,514,530,515,587,516,646,448,664,479,679,514,691,549,680,580,665,339,488,370,469,403,469,439,492,404,494,369,494,590,491,623,469,657,471,687,490,656,495,623,494,376,752,422,736,474,728,514,735,553,727,601,734,645,751,601,797,555,822,514,829,472,824,423,801,391,756,474,746,514,750,552,746,631,755,554,787,515,793,474,788,554,0.0008874018881792229,35.28802196429856,0.9876362284646614,1427.0059446682671,0.3265701611351727,327.2354338076226,5672.735756708789,8.065520044179726,11.128122035841246,0.0005760164938157326,3.327150130785197,-0.42618426773834883,0.9986748890461488,563.0,878.0,1443.0,2068.0,2320.0,2855.0,3232.0,4468.0,5707.0,6383.0,8532.0,11192.0,12377.0,13824.0,15626.0,18255.0,20988.0,25420.0,28774.0,29596.0,28894.0,17318.0,9124.0,4663.0,1948.0,1292.0,106.0,22.0,2.0,0.0,0.0,0.0,304.0,307.0,719.0,920.0,1308.0,1937.0,2123.0,2377.0,3148.0,4152.0,5000.0,5707.0,7432.0,9618.0,11135.0,11431.0,11871.0,14417.0,18350.0,24349.0,23889.0,30043.0,32051.0,26231.0,15622.0,8446.0,4009.0,916.0,52.0,6.0,0.0,0.0,20.0,114.0,194.0,245.0,376.0,439.0,408.0,441.0,649.0,847.0,1063.0,1308.0,1507.0,1778.0,1969.0,2345.0,3053.0,3882.0,5070.0,7133.0,8906.0,10790.0,13067.0,15939.0,20863.0,26114.0,33565.0,33202.0,34858.0,30129.0,15328.0,2268.0
210,528,215,603,226,678,242,751,270,817,317,868,377,912,442,944,518,953,594,939,653,900,704,852,744,797,766,731,774,661,779,591,779,521,267,445,298,401,349,375,406,371,463,387,563,387,618,375,670,380,716,403,742,446,517,465,519,503,521,542,522,582,457,633,488,638,519,644,548,638,577,633,331,492,362,469,400,468,435,490,400,499,361,501,587,493,619,470,657,471,686,492,658,502,620,500,395,750,437,719,484,703,517,708,548,701,592,715,630,747,596,787,552,808,518,812,483,810,436,791,415,750,484,733,517,735,549,732,611,747,550,764,518,768,484,766,555,0.0004210969428990069,93.60944165517024,0.9680714138282303,1466.1584463545091,0.22656493257960447,252.61603955026328,5771.024343762872,8.224853406563138,12.093597176041598,0.00032925808593876774,4.071933005860442,-0.32876710419967836,0.9953247062862286,701.0,2307.0,4792.0,6799.0,9842.0,13061.0,16578.0,22130.0,27665.0,30476.0,29467.0,28306.0,25692.0,19727.0,12575.0,7265.0,4146.0,2252.0,1516.0,961.0,678.0,581.0,425.0,169.0,66.0,24.0,16.0,15.0,11.0,9.0,8.0,9.0,207.0,467.0,1523.0,2960.0,3343.0,4208.0,6242.0,8184.0,10000.0,11994.0,16128.0,17098.0,16725.0,19351.0,22768.0,22728.0,23247.0,23596.0,20516.0,16744.0,9842.0,4872.0,2386.0,1282.0,675.0,557.0,422.0,144.0,23.0,15.0,13.0,9.0,1.0,7.0,88.0,512.0,1173.0,2001.0,2131.0,1959.0,2337.0,3323.0,4356.0,5267.0,6424.0,7417.0,8985.0,10020.0,10280.0,10146.0,10859.0,11126.0,12635.0,14959.0,17126.0,17347.0,17860.0,19459.0,20393.0,20808.0,17951.0,9082.0,1979.0,258.0
165,502,170,587,179,670,196,751,231,826,291,891,365,942,445,978,530,987,606,967,663,915,709,855,741,787,756,711,761,635,764,563,765,493,270,465,308,424,362,404,420,410,473,430,579,431,625,411,674,405,719,423,740,465,528,482,534,528,540,573,547,622,467,657,502,666,537,675,567,665,594,654,345,495,377,480,408,478,438,494,407,495,376,496,590,493,621,478,650,477,678,492,651,493,621,493,376,743,433,728,490,722,528,729,564,721,607,726,645,738,609,794,569,822,529,829,488,824,431,800,390,748,490,741,528,744,565,740,632,743,567,787,528,794,489,790,556,0.0014001012439403835,22.661695409342734,0.9860505966984662,812.43903552745,0.3647795757550235,335.3824054715101,3227.094446700441,7.6653171847966135,10.418970110966683,0.000701305556757638,3.0379460951503923,-0.43805756505038485,0.9983677779579121,182.0,343.0,598.0,772.0,968.0,1381.0,1645.0,1983.0,2892.0,3784.0,5864.0,9210.0,12937.0,16224.0,21888.0,26951.0,30133.0,33879.0,29103.0,21668.0,18939.0,16532.0,10285.0,5990.0,2519.0,577.0,88.0,0.0,0.0,0.0,0.0,0.0,66.0,129.0,304.0,623.0,636.0,718.0,863.0,1321.0,1458.0,1723.0,2150.0,2989.0,4133.0,6566.0,9565.0,13263.0,16954.0,22257.0,32916.0,39927.0,41641.0,30352.0,20889.0,14780.0,7318.0,1461.0,1129.0,931.0,266.0,7.0,0.0,0.0,0.0,2.0,22.0,64.0,177.0,180.0,266.0,370.0,298.0,329.0,486.0,665.0,737.0,911.0,955.0,1139.0,1225.0,1412.0,1860.0,2679.0,3599.0,4658.0,6814.0,10536.0,15653.0,21665.0,37089.0,52422.0,45052.0,38056.0,24418.0,3596.0
219,521,226,591,240,657,253,726,276,792,318,850,379,892,448,921,519,932,588,916,649,878,696,826,725,764,741,698,751,633,759,570,763,505,273,461,308,422,361,399,418,396,470,413,562,410,611,393,663,395,709,415,736,455,520,468,523,507,525,544,528,584,464,630,492,638,522,646,550,637,575,628,332,498,367,482,401,480,439,498,402,503,367,505,584,496,622,478,654,479,684,494,655,500,622,499,380,720,432,691,483,681,519,688,553,682,599,693,642,718,600,768,555,788,518,791,481,787,429,768,393,721,483,704,519,708,553,705,628,719,554,756,518,759,482,756,557,0.0010481551003569487,19.967759207741103,0.9913959368771107,1160.3090759957277,0.3941422211026218,286.398546763232,4621.268544775157,8.068896717163167,10.759693056307867,0.0007847470434895716,2.9608003571113004,-0.47872718942874626,0.9993521913004568,0.0,7.0,250.0,922.0,1446.0,1962.0,2097.0,2753.0,4160.0,6198.0,8887.0,11998.0,13840.0,16768.0,20735.0,19478.0,22253.0,19035.0,17366.0,14138.0,11751.0,10338.0,8908.0,7743.0,6557.0,2492.0,305.0,8.0,0.0,0.0,0.0,0.0,0.0,0.0,115.0,848.0,1453.0,1604.0,1664.0,2010.0,3071.0,4133.0,5677.0,8619.0,11652.0,14672.0,17196.0,21530.0,24253.0,21330.0,19888.0,19421.0,13742.0,11695.0,10134.0,7467.0,6863.0,2772.0,547.0,39.0,0.0,0.0,0.0,0.0,0.0,0.0,1.0,125.0,710.0,1028.0,950.0,876.0,845.0,1070.0,1469.0,1990.0,2571.0,3555.0,4021.0,6418.0,8899.0,11665.0,14111.0,20810.0,27099.0,23670.0,23109.0,23370.0,18703.0,15191.0,11653.0,7163.0,1316.0,7.0,0.0,0.0
191,493,196,571,204,645,211,720,234,791,280,847,345,888,421,918,502,927,579,916,643,879,696,831,734,770,753,704,764,634,771,565,775,494,262,458,304,424,363,414,420,424,474,446,570,442,619,424,670,418,719,427,748,463,520,488,522,539,524,589,526,642,455,660,487,672,521,682,553,671,583,659,326,491,362,480,396,479,432,496,396,495,362,495,590,496,623,479,655,478,686,488,656,493,623,494,379,723,438,717,486,712,520,718,553,711,590,714,634,723,590,760,551,776,517,781,481,778,433,763,397,727,485,729,519,731,552,727,617,726,552,746,519,751,484,748,558,0.0012111897581647023,14.380293528616457,0.993578198567359,1119.712516243233,0.38052812337638037,279.5146340252391,4464.469771444346,7.961241780227461,10.605446095455168,0.0006988546865796456,2.8793662924779664,-0.4774709770630241,0.9992768958026611,0.0,0.0,8.0,77.0,398.0,1029.0,1646.0,2066.0,2712.0,4868.0,10477.0,22486.0,33754.0,31491.0,30360.0,23963.0,18422.0,13413.0,11033.0,7085.0,4010.0,3001.0,2673.0,2658.0,3418.0,3504.0,2046.0,1408.0,1296.0,784.0,175.0,1.0,0.0,9.0,59.0,186.0,573.0,1178.0,1482.0,1852.0,2323.0,3112.0,5465.0,10943.0,22156.0,32411.0,33404.0,29694.0,24146.0,16284.0,12359.0,10091.0,6227.0,4788.0,3295.0,2748.0,2661.0,3096.0,3495.0,2427.0,1644.0,1459.0,670.0,25.0,0.0,0.0,0.0,12.0,58.0,253.0,652.0,849.0,959.0,867.0,1152.0,1407.0,1637.0,1815.0,2290.0,3462.0,6968.0,11849.0,20440.0,26167.0,25077.0,24679.0,23973.0,22356.0,17270.0,12478.0,8449.0,5843.0,5402.0,4857.0,4492.0,4549.0
353,502,350,562,359,625,385,689,416,747,447,805,474,861,496,915,539,941,606,945,689,921,769,881,842,829,895,759,917,666,914,566,906,472,332,402,346,385,374,394,403,414,428,438,489,438,541,411,601,400,661,412,715,435,464,494,456,547,444,601,433,654,423,683,444,696,469,702,495,697,524,693,381,470,395,455,423,459,449,490,420,491,393,487,560,501,584,473,621,475,661,491,625,506,588,507,433,767,441,752,460,744,478,753,500,748,556,762,621,777,565,810,515,822,489,822,468,817,450,799,445,771,463,773,481,777,505,779,602,776,507,781,482,780,464,775,559,0.0008745216135051411,19.617302965154575,0.9957955683860664,2333.254261583499,0.39735900720521306,286.80133598051225,9313.399743368838,8.419500161881562,11.027627819582731,0.0007824370447672578,2.9414802796052526,-0.5143462184754561,0.9997319902687685,145.0,2392.0,4974.0,5368.0,6378.0,5881.0,5084.0,5275.0,6089.0,7335.0,9248.0,10165.0,12123.0,14520.0,15427.0,16349.0,19730.0,15658.0,14538.0,12933.0,12766.0,10735.0,10429.0,6755.0,2443.0,2344.0,209.0,0.0,0.0,0.0,0.0,0.0,4.0,434.0,3045.0,4621.0,4877.0,5160.0,4891.0,4096.0,4403.0,4896.0,5471.0,6424.0,7528.0,9382.0,9908.0,11660.0,14539.0,16004.0,18192.0,19324.0,16278.0,15780.0,14803.0,14187.0,11971.0,4820.0,2415.0,180.0,0.0,0.0,0.0,0.0,1.0,2.0,169.0,1459.0,3085.0,3459.0,3691.0,3301.0,3531.0,3141.0,2952.0,3081.0,3426.0,3357.0,3745.0,4685.0,5270.0,7023.0,8835.0,8933.0,10650.0,13227.0,16117.0,17099.0,20653.0,19644.0,17895.0,19439.0,18012.0,7867.0,1525.0,19.0
202,512,209,589,218,664,231,738,261,805,309,861,374,902,447,930,521,941,591,927,649,884,696,832,729,772,746,706,755,638,759,569,756,499,265,453,308,420,364,411,421,418,476,435,571,439,616,420,663,412,711,417,742,450,526,477,530,516,534,554,538,595,470,630,501,636,532,645,559,637,584,630,331,493,365,477,400,477,435,496,398,497,364,498,591,496,623,475,656,475,689,491,658,497,625,496,383,723,434,686,488,673,525,681,560,673,605,686,639,721,607,778,563,804,525,807,486,803,432,774,399,721,489,701,525,704,560,702,622,721,560,761,524,766,487,761,56,0.0012551874591272077,22.145097771599396,0.9899670057740881,1103.9048819983732,0.39180029389697735,189.33868216143924,4393.474430221893,7.995312133287361,10.690456823045835,0.0007078411619556613,2.983909539981134,-0.4727493962407568,0.9992588827251899,1759.0,4499.0,5088.0,6679.0,10340.0,14362.0,18901.0,26709.0,35387.0,36370.0,27385.0,20495.0,11260.0,5344.0,3431.0,2160.0,1718.0,1483.0,1086.0,955.0,689.0,667.0,365.0,76.0,31.0,24.0,20.0,13.0,19.0,4.0,2.0,0.0,1499.0,4620.0,7292.0,7620.0,7972.0,8263.0,8744.0,10460.0,13261.0,17556.0,24138.0,32445.0,29110.0,24571.0,16935.0,9358.0,4487.0,2479.0,1783.0,1295.0,912.0,903.0,689.0,726.0,108.0,30.0,19.0,19.0,17.0,5.0,5.0,0.0,741.0,2855.0,3687.0,3084.0,2746.0,3006.0,3277.0,3721.0,3932.0,4734.0,6441.0,8557.0,9437.0,11797.0,14454.0,19551.0,24038.0,26853.0,27188.0,23957.0,15645.0,8541.0,4607.0,2509.0,1371.0,492.0,40.0,25.0,21.0,5.0,7.0,2.0
240,486,243,561,250,636,261,710,281,783,323,848,375,909,440,957,519,971,598,954,663,904,715,844,754,776,775,705,785,629,790,553,793,473,269,471,301,431,357,420,414,427,468,447,555,448,607,425,662,417,719,427,756,465,509,485,509,536,509,587,509,640,443,661,476,675,511,686,545,673,579,659,335,491,370,479,404,479,440,495,404,496,369,496,586,495,623,479,656,478,689,489,657,496,623,496,381,729,426,725,475,723,514,730,554,721,603,722,651,726,606,779,558,808,515,815,473,810,425,783,396,735,475,738,514,743,555,737,635,731,556,776,515,782,474,777,560,0.0007758714947761192,16.562274113725127,0.9931480459933781,1208.6647489679726,0.3441758810603574,264.87695804884896,4818.096721758167,8.114315554823442,10.96602801959828,0.0007202830218259176,3.0400031241051404,-0.45962205366365,0.9992078271845894,24.0,371.0,674.0,3130.0,3989.0,6831.0,9808.0,15120.0,19302.0,20899.0,22454.0,24366.0,22263.0,18571.0,13975.0,11212.0,9799.0,9130.0,7859.0,6968.0,6542.0,4161.0,1829.0,649.0,37.0,0.0,0.0,0.0,0.0,0.0,0.0,0.0,82.0,267.0,337.0,1183.0,2523.0,2533.0,2504.0,4146.0,7873.0,10525.0,12845.0,16924.0,18389.0,18926.0,21976.0,23747.0,21863.0,16715.0,12953.0,10735.0,9911.0,8537.0,7622.0,3604.0,2565.0,667.0,11.0,0.0,0.0,0.0,0.0,0.0,0.0,20.0,90.0,127.0,486.0,1026.0,848.0,870.0,1237.0,1433.0,1408.0,1733.0,2319.0,2823.0,4175.0,4967.0,7302.0,9981.0,12584.0,15906.0,22038.0,25366.0,23009.0,20749.0,18079.0,16514.0,18601.0,18339.0,7759.0,174.0,0.0,0.0
281,482,272,550,273,616,284,682,304,747,337,808,379,868,430,924,497,948,571,941,645,910,713,862,768,800,804,727,821,645,832,561,839,472,291,426,320,395,363,393,406,405,446,425,551,423,600,401,656,394,710,404,756,432,493,478,489,532,484,587,478,643,427,661,455,674,487,685,523,675,558,664,336,482,367,468,401,471,435,492,398,495,363,493,583,495,620,474,656,475,693,488,657,500,620,500,380,718,420,715,462,714,493,722,529,716,588,720,650,724,592,793,531,822,493,825,458,818,417,786,398,726,460,733,492,740,528,736,635,729,531,782,494,785,461,777,561,0.0013027273197050208,12.949501139388193,0.9938721086017703,1056.7305280506016,0.43376101785379595,282.0478852718394,4213.972611063025,7.968150234971077,10.37073987155977,0.0008516911896339932,2.724034540156393,-0.5124101050738762,0.9995548078566162,24.0,130.0,540.0,997.0,1211.0,1687.0,2155.0,3237.0,5564.0,8747.0,11836.0,14249.0,16293.0,18587.0,15872.0,17982.0,19512.0,21025.0,19665.0,17057.0,13973.0,13717.0,9908.0,7600.0,2681.0,623.0,58.0,3.0,0.0,3.0,1.0,0.0,1.0,97.0,266.0,717.0,1095.0,1373.0,1869.0,2228.0,3460.0,4856.0,7048.0,10430.0,15260.0,18189.0,20455.0,19502.0,18249.0,20793.0,25945.0,23518.0,17747.0,13293.0,11723.0,5890.0,820.0,96.0,10.0,3.0,0.0,3.0,1.0,0.0,0.0,10.0,79.0,195.0,474.0,924.0,1035.0,1141.0,1196.0,1253.0,1620.0,1900.0,2349.0,3161.0,4532.0,6891.0,10807.0,14560.0,18249.0,19303.0,18995.0,21183.0,29308.0,33445.0,23626.0,18317.0,9194.0,1186.0,3.0,1.0,0.0,0.0
202,507,206,586,214,661,231,737,267,808,320,870,387,921,457,959,528,972,595,954,651,909,702,855,744,795,772,725,784,651,788,579,791,505,263,455,303,412,363,403,420,415,474,437,569,433,619,414,670,406,720,418,752,456,520,486,522,537,525,587,528,639,457,675,490,681,523,688,555,678,584,670,331,488,366,467,405,469,439,498,403,501,364,500,590,496,622,467,659,466,690,487,662,500,625,501,376,739,434,737,487,733,521,739,556,731,601,734,648,734,604,791,560,820,522,826,485,824,432,799,394,747,486,751,520,755,556,748,629,741,558,788,521,794,486,790,562,0.001067878049701193,28.775126702858707,0.9872411652628177,1127.6893422932735,0.3301741686367813,339.45907961225316,4481.982242470258,7.879585591817548,10.877692946081297,0.0005671904598332617,3.22390220209609,-0.4207399160539632,0.9983190704990326,195.0,213.0,539.0,1212.0,1169.0,1294.0,1543.0,2085.0,2762.0,3185.0,4352.0,6118.0,10088.0,16983.0,18882.0,16743.0,18540.0,22093.0,27573.0,30185.0,31975.0,19585.0,8990.0,4924.0,3013.0,2150.0,1425.0,648.0,149.0,63.0,32.0,60.0,110.0,155.0,185.0,503.0,898.0,1089.0,1098.0,1147.0,1477.0,2019.0,2551.0,3265.0,4106.0,5302.0,7671.0,12814.0,18283.0,17487.0,16851.0,19160.0,23582.0,30337.0,37211.0,28121.0,11756.0,5161.0,3158.0,2072.0,957.0,158.0,44.0,40.0,0.0,0.0,51.0,100.0,159.0,196.0,301.0,377.0,570.0,695.0,858.0,902.0,1008.0,1088.0,1244.0,1739.0,1805.0,2284.0,2953.0,4110.0,6474.0,11278.0,16031.0,15913.0,13841.0,17663.0,21872.0,26186.0,35984.0,41705.0,25205.0,6176.0
246,510,252,581,263,651,273,722,293,790,330,846,381,890,438,926,513,936,591,927,663,896,732,857,784,803,815,733,828,655,834,577,838,496,278,452,307,409,361,398,413,406,465,425,548,423,603,403,660,394,717,412,753,450,508,476,506,520,504,564,502,611,455,655,479,662,503,668,529,663,556,657,338,485,368,464,406,464,440,490,405,498,367,499,587,491,619,464,659,465,692,488,661,500,623,499,413,761,445,743,475,733,499,741,526,735,566,747,609,766,567,779,528,784,500,785,475,782,446,775,427,759,475,755,500,759,527,758,593,764,526,758,500,759,475,755,563,0.0015619843115396645,32.46211031135975,0.970106829701543,543.0957121415804,0.3081031183232106,331.14905988125423,2139.9207382549575,7.330225454934162,10.425053316511733,0.0005187316635059263,3.34721301263979,-0.3561396295866732,0.9940604182604716,0.0,0.0,7.0,72.0,264.0,496.0,906.0,1388.0,1874.0,2465.0,3697.0,6227.0,8811.0,13435.0,25317.0,38871.0,45212.0,47403.0,32899.0,13867.0,4765.0,2378.0,1885.0,1247.0,738.0,336.0,217.0,120.0,89.0,190.0,52.0,12.0,0.0,0.0,1.0,17.0,57.0,149.0,343.0,582.0,1111.0,1495.0,1867.0,2317.0,2695.0,3643.0,5022.0,7752.0,10949.0,17993.0,32915.0,51981.0,54961.0,34433.0,13283.0,3880.0,2703.0,2134.0,1390.0,692.0,383.0,195.0,242.0,55.0,0.0,0.0,0.0,2.0,20.0,41.0,47.0,93.0,230.0,399.0,577.0,868.0,1179.0,1213.0,1168.0,1042.0,1302.0,1520.0,2263.0,3530.0,4864.0,7080.0,11049.0,18778.0,34016.0,43111.0,44505.0,40575.0,26483.0,6433.0,2054.0,798.0
218,503,221,579,229,654,240,728,263,798,309,859,368,910,435,952,510,967,584,953,648,911,706,859,751,798,776,728,788,654,798,580,802,502,271,453,307,417,359,404,413,412,460,434,561,434,609,413,662,407,713,419,750,451,511,480,511,538,512,595,512,654,441,666,474,680,511,693,549,680,584,666,329,490,363,470,399,470,433,496,398,497,362,497,590,494,624,469,660,469,692,488,660,495,624,495,360,729,413,727,470,724,511,732,551,724,605,728,658,733,607,789,553,817,511,823,468,817,412,789,380,736,470,744,511,750,551,743,639,739,552,784,511,789,470,783,564,0.0029246266217100173,12.893148509925442,0.9920085540051972,806.64180540493,0.46397724292715326,365.1876554160963,3213.6740731098034,7.420796308027796,9.674155104003024,0.0008849603191408758,2.6818039363309896,-0.49450123282514064,0.9990338182436457,0.0,10.0,169.0,111.0,79.0,253.0,579.0,887.0,1275.0,1849.0,2548.0,2888.0,3765.0,4586.0,5691.0,6516.0,8518.0,10754.0,13102.0,17924.0,23851.0,37095.0,41556.0,37987.0,23209.0,8224.0,2921.0,734.0,63.0,14.0,3.0,0.0,0.0,25.0,155.0,111.0,68.0,162.0,359.0,537.0,777.0,1053.0,1639.0,2146.0,2469.0,2961.0,3800.0,5083.0,6674.0,7773.0,8339.0,10495.0,14099.0,20601.0,31470.0,48447.0,48203.0,30783.0,6796.0,1680.0,431.0,18.0,7.0,0.0,0.0,0.0,34.0,77.0,77.0,106.0,141.0,260.0,417.0,499.0,601.0,895.0,971.0,860.0,854.0,1045.0,1419.0,1976.0,2631.0,3691.0,5838.0,7978.0,8785.0,10807.0,17189.0,35019.0,63222.0,63609.0,26886.0,1274.0,0.0,0.0
233,498,234,571,238,643,244,718,265,790,306,851,363,905,428,948,502,965,577,951,648,916,711,869,760,811,789,740,801,664,812,589,820,512,268,444,295,400,346,377,400,378,451,398,568,397,622,377,678,375,729,398,759,443,506,471,504,517,502,561,500,609,444,647,471,656,502,666,535,656,565,648,334,493,365,476,400,476,436,496,400,499,365,500,586,496,622,476,656,476,687,492,656,499,622,500,367,731,420,713,471,706,507,713,544,709,597,719,658,734,598,785,542,804,502,806,464,801,414,780,386,734,469,725,505,730,543,728,638,738,541,774,503,775,466,771,565,0.0008267234216465159,27.671667664837884,0.9879477847740632,1148.416652779386,0.3106633611639249,241.99022895087074,4565.99494345271,8.030122125126852,11.076519333107077,0.000546651036100332,3.239325291652801,-0.42557344597225294,0.9986101677879908,522.0,2455.0,3932.0,5375.0,6473.0,7000.0,9308.0,12056.0,15755.0,21560.0,27262.0,31377.0,32872.0,29778.0,24339.0,18324.0,11559.0,5997.0,3774.0,2599.0,1501.0,841.0,677.0,563.0,207.0,108.0,49.0,47.0,21.0,18.0,17.0,8.0,235.0,1244.0,2193.0,3004.0,4386.0,5567.0,5933.0,6607.0,9321.0,11923.0,14137.0,19360.0,25808.0,31581.0,32559.0,32405.0,26547.0,18399.0,10664.0,6251.0,3387.0,1914.0,954.0,755.0,685.0,273.0,107.0,67.0,42.0,30.0,20.0,16.0,18.0,265.0,580.0,666.0,1065.0,1846.0,2182.0,2663.0,3370.0,3724.0,4185.0,4485.0,5549.0,6280.0,6420.0,7695.0,10306.0,13106.0,16556.0,20279.0,23413.0,26454.0,28847.0,26221.0,22376.0,21201.0,12893.0,3068.0,527.0,95.0,23.0,16.0
284,476,278,546,280,620,299,692,328,762,371,828,414,896,459,969,524,999,604,994,694,947,776,888,850,819,901,736,927,640,933,538,932,439,282,431,307,404,352,409,397,429,439,454,510,457,574,435,642,423,711,432,775,458,474,494,465,555,454,615,443,677,411,688,433,711,466,726,504,714,544,703,333,465,363,455,396,459,432,483,393,478,360,475,582,497,616,480,654,483,696,493,655,500,617,500,392,744,422,754,454,756,486,768,524,762,592,769,666,771,598,836,531,862,491,861,455,847,424,805,412,758,454,778,487,787,524,787,647,777,528,812,490,808,457,793,566,0.000777413595048597,20.586861430679605,0.9931385143874872,1500.3486662807172,0.3633363906446927,264.53527130213575,5980.807803692183,8.201685847221801,11.052363468358609,0.0006439211975637895,3.063784886717413,-0.46682144254211827,0.9993354516914555,106.0,1017.0,2010.0,2284.0,3812.0,4372.0,8528.0,11403.0,17391.0,17700.0,19058.0,19137.0,18605.0,17035.0,20741.0,22593.0,25386.0,23268.0,17402.0,13067.0,10290.0,6487.0,2947.0,765.0,133.0,33.0,23.0,18.0,16.0,7.0,3.0,5.0,2.0,520.0,1277.0,1622.0,2068.0,3081.0,4994.0,6998.0,11508.0,15512.0,17436.0,16914.0,17157.0,16523.0,18660.0,17596.0,21458.0,23307.0,24568.0,24479.0,16192.0,12465.0,7613.0,3099.0,493.0,54.0,15.0,18.0,5.0,7.0,1.0,0.0,1.0,67.0,440.0,818.0,754.0,1038.0,1620.0,1656.0,1774.0,2199.0,3215.0,5016.0,7127.0,10018.0,13124.0,14528.0,13730.0,10752.0,10294.0,12643.0,16073.0,16182.0,15575.0,18724.0,22068.0,28374.0,24817.0,23163.0,8602.0,1149.0,61.0,40.0
249,523,253,593,261,660,274,729,299,795,342,852,394,903,454,941,524,955,597,945,668,907,731,858,778,796,806,727,820,652,828,577,834,501,281,461,309,419,357,400,410,404,462,423,544,424,596,401,655,395,712,413,754,453,502,480,502,524,502,566,502,612,448,650,476,657,506,664,536,655,565,649,338,495,369,475,405,475,436,496,403,499,368,500,587,496,622,474,659,474,693,491,661,499,622,500,380,731,423,710,469,701,506,708,542,701,594,709,648,726,598,783,548,807,508,811,469,807,424,785,396,733,469,719,506,724,544,720,632,729,545,774,506,779,468,774,567,0.0013079441413371869,24.045669407561686,0.995770194638696,2842.4948041951097,0.38925798255769545,201.1123974553836,11345.933547372872,8.235809085178378,10.913988821027331,0.0006680137949684796,3.045155482993529,-0.49244337436158325,0.9995581599250731,1842.0,4987.0,5877.0,9730.0,16482.0,20653.0,33799.0,41917.0,29933.0,23722.0,10487.0,4563.0,3183.0,3041.0,3039.0,3119.0,3235.0,3012.0,2640.0,2217.0,2030.0,1896.0,2048.0,2403.0,3092.0,3806.0,3254.0,3071.0,2336.0,2389.0,1454.0,476.0,736.0,3493.0,4642.0,5689.0,8907.0,13145.0,22649.0,28403.0,30276.0,42257.0,24052.0,8110.0,7073.0,5613.0,3234.0,2572.0,2465.0,2658.0,2750.0,3001.0,2918.0,2436.0,2143.0,2032.0,2113.0,2407.0,3336.0,4264.0,3554.0,3676.0,3294.0,1835.0,233.0,742.0,1829.0,2421.0,2119.0,2128.0,2329.0,2812.0,3960.0,5259.0,10979.0,18204.0,21093.0,19604.0,19828.0,27309.0,26203.0,19162.0,11205.0,7526.0,4410.0,2475.0,2762.0,2884.0,3138.0,3171.0,2882.0,2558.0,2661.0,3120.0,5594.0,15133.0
258,501,255,563,259,625,266,691,280,754,313,814,363,868,423,909,496,926,570,915,643,888,710,848,761,795,789,733,801,665,809,596,817,525,291,450,315,409,361,394,409,401,455,421,552,420,601,400,657,395,709,409,745,448,501,470,497,517,494,563,490,611,433,641,462,651,495,660,531,650,565,639,334,493,365,474,400,475,434,495,398,497,363,497,589,493,623,475,658,475,688,494,657,498,623,497,373,719,416,699,460,689,496,693,534,688,589,697,643,717,592,757,538,781,498,787,459,782,416,762,389,722,460,715,496,718,534,714,629,720,537,746,498,750,460,745,568,0.0006120867271828042,19.973153818872895,0.9946249212156493,1857.8313977541525,0.3493192616555221,244.61513374496766,7411.352437197744,8.412453089828901,11.267934841304367,0.0007083795474272676,3.0634902465777687,-0.48049722847915766,0.9995371644672099,459.0,1761.0,3890.0,6510.0,8272.0,13621.0,17737.0,17248.0,16424.0,16279.0,20282.0,18181.0,15023.0,12841.0,15048.0,13642.0,12292.0,10414.0,6649.0,4000.0,3668.0,2097.0,1003.0,600.0,58.0,0.0,0.0,0.0,0.0,0.0,0.0,0.0,217.0,644.0,2333.0,3153.0,4285.0,5938.0,7294.0,10972.0,15182.0,15424.0,13040.0,13083.0,13089.0,15000.0,16958.0,16934.0,12972.0,12946.0,12722.0,12150.0,12372.0,8930.0,5669.0,4195.0,1623.0,694.0,180.0,0.0,0.0,0.0,0.0,0.0,24.0,190.0,657.0,1343.0,1236.0,1296.0,1523.0,2003.0,2627.0,3569.0,3969.0,5687.0,7498.0,9953.0,11923.0,11856.0,12318.0,11434.0,10554.0,10746.0,12533.0,15010.0,15478.0,12990.0,11322.0,14466.0,13429.0,12419.0,10696.0,7326.0,1819.0,105.0
200,479,205,556,217,633,231,709,259,782,307,847,371,901,443,943,515,959,581,942,640,889,692,832,736,768,761,697,770,622,776,548,780,472,261,455,305,422,362,415,420,425,472,450,570,449,614,421,666,411,715,417,748,447,519,491,521,551,523,611,525,671,451,677,484,692,521,707,555,692,585,674,331,489,367,475,403,479,438,502,400,499,365,496,591,500,624,476,658,473,691,486,661,493,627,496,365,725,423,726,479,728,517,733,554,726,604,723,654,724,608,790,560,824,520,831,479,826,420,793,380,731,479,743,517,748,556,741,637,731,558,789,518,795,479,789,569,0.0004922935645935913,34.35345607952441,0.9922212919353763,2207.962182770796,0.2988748460058585,252.41587941386808,8797.495275003648,8.466828395365715,11.669517784620522,0.0005105548088982241,3.3858689535528788,-0.43856002270626204,0.9992154590255651,1169.0,2507.0,4055.0,6634.0,6254.0,10705.0,14717.0,12605.0,12995.0,13628.0,14629.0,15146.0,14669.0,14100.0,14914.0,17253.0,18014.0,14303.0,9463.0,6720.0,5264.0,4262.0,2948.0,1698.0,823.0,245.0,52.0,10.0,5.0,3.0,1.0,0.0,696.0,1349.0,2411.0,4258.0,5786.0,4808.0,4983.0,13989.0,14619.0,11709.0,11796.0,11219.0,13388.0,13615.0,13618.0,13795.0,14486.0,16208.0,17254.0,16770.0,11112.0,8342.0,5914.0,3913.0,2015.0,1061.0,601.0,58.0,10.0,5.0,1.0,2.0,1.0,161.0,639.0,1404.0,1238.0,1410.0,2430.0,2901.0,3643.0,3818.0,6174.0,13652.0,11686.0,7779.0,5694.0,5423.0,5864.0,7053.0,9023.0,9364.0,9553.0,10506.0,11051.0,11098.0,10609.0,11497.0,13986.0,17029.0,18675.0,15630.0,8355.0,2445.0
229,493,233,567,243,641,252,716,278,781,325,833,383,877,446,913,516,925,587,912,654,877,715,834,764,781,793,715,804,641,811,568,813,493,275,432,310,397,361,384,414,393,463,416,548,414,602,392,660,384,715,397,758,432,505,483,503,530,501,577,499,624,444,662,472,669,501,675,532,670,563,665,334,486,367,468,404,471,434,500,401,503,364,500,587,500,618,471,656,469,691,486,661,499,623,502,390,733,438,725,479,716,505,723,533,716,580,726,633,734,583,767,538,787,507,790,477,786,437,767,407,737,478,746,505,749,534,747,616,739,535,747,507,751,479,747,57,0.0014908954172707966,19.863508259585025,0.9923912798552749,1305.2904468692814,0.4721799602604817,289.9587657328809,5201.298279217557,8.038406020469498,10.35210793932609,0.0010103635209695865,2.7662184810510526,-0.5304997733499205,0.9996770585747282,1013.0,2175.0,1709.0,1475.0,1939.0,2599.0,3999.0,5615.0,8644.0,14319.0,19982.0,20073.0,20909.0,20482.0,23750.0,18054.0,13815.0,12130.0,11534.0,10870.0,10054.0,9122.0,8999.0,6417.0,598.0,0.0,0.0,0.0,0.0,0.0,0.0,0.0,534.0,1863.0,1524.0,1082.0,1006.0,1177.0,1843.0,2696.0,3489.0,4023.0,4568.0,5981.0,9105.0,14068.0,19137.0,20767.0,23914.0,27515.0,24306.0,16447.0,13603.0,14334.0,14098.0,12603.0,9537.0,1056.0,0.0,0.0,0.0,0.0,0.0,0.0,124.0,589.0,1290.0,1060.0,644.0,582.0,556.0,536.0,633.0,789.0,1189.0,1325.0,1641.0,2109.0,2828.0,3808.0,4807.0,5833.0,8488.0,13409.0,20240.0,25603.0,37893.0,33080.0,20870.0,21758.0,22490.0,15812.0,290.0,0.0,0.0,0.0
237,518,238,586,243,654,255,721,284,782,329,834,381,879,444,922,512,936,579,921,640,878,697,832,742,779,768,715,777,646,781,579,780,508,275,444,315,415,365,408,417,418,462,443,550,444,595,420,646,407,700,411,739,442,510,497,510,550,511,601,511,654,449,668,479,680,511,692,545,680,575,667,336,493,367,478,400,479,433,503,399,504,366,502,586,503,618,479,652,476,685,490,656,500,622,503,373,718,425,713,477,712,514,719,551,711,601,713,654,720,604,782,554,807,514,811,474,807,422,780,387,721,477,730,514,735,552,729,640,723,552,776,514,780,475,776,570,0.0007945625491259378,44.792046680997004,0.9876859001392904,1818.5889148271926,0.3729838309665468,292.2616581266997,7229.563612627742,8.334942308189348,11.25643516985499,0.0006189635985418197,3.235568333165498,-0.4668985913302644,0.9993913138868158,1566.0,2596.0,4396.0,4551.0,4201.0,4892.0,6389.0,9533.0,13171.0,15234.0,12671.0,12549.0,14889.0,14125.0,13989.0,12764.0,11561.0,12372.0,12472.0,10195.0,9628.0,9269.0,6132.0,2580.0,2014.0,1982.0,166.0,55.0,8.0,0.0,0.0,0.0,355.0,519.0,1097.0,1891.0,2775.0,3870.0,3715.0,3342.0,4007.0,5508.0,6197.0,9082.0,12526.0,15554.0,14615.0,13870.0,16077.0,13444.0,13844.0,16243.0,14964.0,13099.0,12943.0,13439.0,7358.0,3277.0,2106.0,132.0,69.0,19.0,5.0,8.0,0.0,15.0,87.0,240.0,475.0,756.0,1094.0,1276.0,1526.0,1964.0,2519.0,2882.0,2410.0,2268.0,2271.0,2671.0,3284.0,4158.0,5626.0,7729.0,11587.0,13586.0,13858.0,16005.0,17113.0,17165.0,21119.0,23124.0,21997.0,18511.0,8078.0,556.0
82,511,88,611,101,710,130,801,191,878,279,930,372,970,467,990,545,989,602,961,630,898,648,827,663,758,683,692,698,623,684,562,665,508,282,421,334,387,396,368,457,371,512,396,582,396,608,376,636,370,659,381,671,409,553,476,572,516,593,555,616,595,512,664,549,670,581,675,605,667,624,656,353,491,394,473,431,472,458,497,431,501,394,501,572,498,602,477,632,475,649,496,630,506,603,505,409,770,482,732,546,716,576,725,600,720,617,734,619,771,608,809,588,834,561,840,527,837,473,818,431,770,541,749,573,752,594,752,606,769,590,794,566,800,535,799,571,0.0008422832241239797,32.56591266599347,0.9922074089049229,2089.654490775566,0.3406224413523943,239.62172571648136,8326.05205043628,8.302835496090687,11.304739679963788,0.000572216050128638,3.2441503768156363,-0.45309818687890097,0.9992695286867526,8.0,498.0,1876.0,2462.0,2721.0,4404.0,8397.0,8631.0,12377.0,21189.0,26119.0,35328.0,39591.0,29670.0,16581.0,12120.0,9794.0,8213.0,6280.0,5580.0,4908.0,4945.0,4499.0,3955.0,3821.0,3490.0,3780.0,3690.0,4174.0,4272.0,3259.0,1061.0,1.0,289.0,1447.0,2500.0,2622.0,3120.0,7017.0,9079.0,10650.0,16469.0,22178.0,29456.0,39197.0,36824.0,23940.0,14264.0,11038.0,8567.0,7041.0,6077.0,5090.0,4939.0,4535.0,3739.0,3329.0,3418.0,3775.0,4431.0,4706.0,4471.0,3202.0,282.0,0.0,82.0,796.0,1586.0,2043.0,2140.0,2266.0,3367.0,6198.0,7082.0,9306.0,12254.0,17161.0,22807.0,32146.0,37307.0,30655.0,19235.0,13746.0,10949.0,9108.0,7189.0,6324.0,5895.0,5298.0,4318.0,4148.0,4692.0,5747.0,6595.0,5808.0,1445.0
118,513,123,602,132,690,159,776,213,845,281,898,363,934,445,960,524,971,591,953,637,904,671,841,691,772,709,705,726,637,727,571,715,507,265,427,313,400,368,387,427,390,483,408,581,416,613,399,651,392,684,395,709,416,541,472,552,513,565,555,577,597,498,651,528,659,558,664,581,659,600,647,334,486,371,462,412,459,444,490,409,500,369,500,579,492,610,465,647,463,671,489,647,504,611,502,407,768,468,742,525,726,552,731,574,726,606,738,625,769,602,810,571,828,547,831,518,830,464,813,430,770,523,749,551,749,571,749,606,770,571,789,549,792,522,793,572,0.001219234402221493,33.89570978324683,0.9839783791366719,1057.9331548773116,0.3814346987866652,296.4347451803661,4197.836909725989,7.860462521252561,10.66511076414159,0.0006563147096875461,3.1167645109510733,-0.4465599101191756,0.9987961232587257,1021.0,1791.0,2434.0,2892.0,3243.0,4661.0,6864.0,9947.0,11032.0,13912.0,17149.0,20488.0,24402.0,32180.0,34758.0,30188.0,28294.0,20874.0,10978.0,3052.0,653.0,182.0,54.0,6.0,6.0,2.0,2.0,1.0,3.0,0.0,1.0,7.0,253.0,754.0,1132.0,1303.0,1207.0,1295.0,1727.0,2317.0,3187.0,4586.0,5502.0,7509.0,12041.0,14452.0,15822.0,19712.0,27107.0,31770.0,33131.0,32998.0,27805.0,19863.0,12089.0,3427.0,65.0,4.0,7.0,3.0,0.0,1.0,1.0,7.0,30.0,85.0,311.0,624.0,659.0,879.0,828.0,810.0,751.0,914.0,1118.0,1397.0,1626.0,1708.0,2168.0,2683.0,3486.0,4317.0,6117.0,9887.0,13269.0,15547.0,17941.0,24168.0,31145.0,33900.0,31308.0,31175.0,27558.0,13422.0,1214.0,32.0
124,455,126,549,132,639,157,726,203,803,268,870,345,923,431,962,515,967,585,948,627,888,660,826,689,761,711,695,726,629,729,562,721,499,266,446,326,426,389,422,452,436,514,457,574,460,614,446,655,429,696,424,719,448,547,493,556,551,566,609,576,669,476,686,514,699,553,712,585,699,608,677,333,489,368,477,404,476,437,494,400,499,365,499,585,492,615,472,647,471,675,484,648,492,616,493,383,763,448,755,504,751,539,758,562,750,592,752,618,753,592,795,566,811,540,816,504,813,448,793,400,763,503,772,539,775,562,769,605,760,564,773,541,779,506,775,573,0.000780442965101105,23.744925607405616,0.9953185812580282,2536.5558548669233,0.34648891409839455,282.02263095387605,10122.47849386029,8.360351093440432,11.263875353261195,0.0006578121189427945,3.1569085946596775,-0.4705912227318748,0.9994590970497838,2586.0,6569.0,10845.0,10751.0,10025.0,7807.0,7535.0,8891.0,9299.0,10060.0,11760.0,15774.0,20244.0,23843.0,19934.0,17453.0,15244.0,14998.0,14585.0,9395.0,5006.0,2582.0,1245.0,419.0,100.0,36.0,10.0,0.0,0.0,0.0,0.0,0.0,1318.0,3312.0,4526.0,8942.0,7234.0,8057.0,7693.0,6704.0,6447.0,6205.0,6223.0,6736.0,7770.0,8903.0,10359.0,16590.0,22008.0,24183.0,19751.0,17472.0,19182.0,15557.0,12245.0,6783.0,2266.0,472.0,55.0,3.0,0.0,0.0,0.0,0.0,55.0,479.0,915.0,927.0,884.0,1130.0,1789.0,2872.0,3709.0,4339.0,3418.0,3451.0,3608.0,3968.0,3855.0,3797.0,3584.0,3868.0,4270.0,4312.0,4214.0,4565.0,5302.0,6339.0,7929.0,9226.0,10903.0,15704.0,26218.0,25222.0,22892.0,63252.0
182,496,190,574,203,650,219,726,252,795,308,853,378,900,455,935,531,944,598,926,655,881,704,829,738,768,756,700,765,631,772,561,775,491,263,452,305,417,361,405,418,414,470,436,573,434,620,413,671,405,720,414,749,449,525,484,529,535,533,585,537,637,461,654,496,665,531,676,563,665,590,653,332,495,366,475,402,477,437,501,402,504,365,504,589,499,624,474,659,473,691,492,662,501,626,503,378,726,433,705,485,699,524,706,562,700,606,706,647,723,609,772,565,798,525,804,484,800,430,776,392,729,485,718,524,722,562,718,631,726,563,765,524,771,485,767,574,0.0010301677129109454,18.06383622426836,0.9905156971774407,952.3107771146279,0.3600479758054848,294.1697612411971,3791.179272234225,7.914802774112259,10.639988886387052,0.0006446981148755258,2.993863308264726,-0.4621175783044006,0.9990676971827853,13.0,181.0,435.0,733.0,1114.0,1595.0,2225.0,2756.0,4775.0,8094.0,14042.0,21710.0,23232.0,20092.0,21500.0,23302.0,22402.0,20189.0,19421.0,17393.0,10651.0,6296.0,3119.0,1399.0,701.0,335.0,15.0,3.0,2.0,1.0,1.0,4.0,20.0,123.0,303.0,481.0,765.0,976.0,1426.0,1924.0,2366.0,3172.0,5001.0,6585.0,10529.0,15761.0,21648.0,23678.0,24711.0,23773.0,23535.0,23632.0,23293.0,16926.0,9319.0,4507.0,1596.0,892.0,723.0,59.0,1.0,2.0,0.0,4.0,0.0,1.0,24.0,104.0,212.0,496.0,624.0,724.0,767.0,789.0,870.0,976.0,1196.0,1745.0,2279.0,3259.0,4302.0,6757.0,10668.0,16200.0,21992.0,22048.0,24027.0,25448.0,23056.0,23676.0,22722.0,20902.0,10945.0,917.0,2.0,3.0
117,468,127,566,140,660,168,749,218,825,291,888,370,937,453,974,528,975,583,946,619,878,658,818,697,757,724,690,740,622,740,553,735,486,252,437,306,402,374,390,439,399,498,427,599,418,635,395,677,386,715,387,736,411,551,486,561,543,572,599,584,657,483,687,522,697,560,705,588,693,609,675,328,493,367,471,409,470,445,500,407,506,365,506,589,493,624,463,660,460,688,478,664,494,627,496,372,757,441,748,505,743,539,746,568,738,599,736,626,737,600,797,572,835,539,846,503,845,438,821,388,761,505,760,540,761,568,753,610,746,570,797,540,809,505,809,575,0.0011888769459182443,31.22765625372823,0.9887179478769076,1383.983050514512,0.3980875004773895,299.327167458371,5504.70454580431,8.160133959962568,10.907853315237073,0.0006902618605329086,3.0514990445228074,-0.47771566732423343,0.9994069317092213,85.0,476.0,827.0,1519.0,2027.0,2706.0,3285.0,3940.0,4614.0,5600.0,8402.0,8815.0,11608.0,17050.0,29623.0,34587.0,23906.0,16641.0,16644.0,16043.0,11713.0,10434.0,9750.0,7739.0,6895.0,7077.0,5089.0,3995.0,2494.0,657.0,237.0,61.0,50.0,216.0,587.0,975.0,1202.0,1667.0,2362.0,2904.0,3621.0,4351.0,4900.0,6572.0,9426.0,10915.0,14518.0,20069.0,35489.0,38623.0,22621.0,17626.0,15306.0,13684.0,10852.0,7174.0,6951.0,7982.0,5658.0,4089.0,2883.0,1112.0,152.0,2.0,1.0,49.0,147.0,314.0,435.0,668.0,704.0,776.0,898.0,1350.0,1847.0,1977.0,2544.0,2911.0,3571.0,4348.0,6887.0,9940.0,12882.0,17792.0,28675.0,44966.0,29120.0,22197.0,21172.0,18498.0,12625.0,10182.0,8205.0,6266.0,2484.0,108.0
216,482,217,555,227,625,239,695,266,763,312,822,374,872,440,910,509,923,577,908,639,867,695,815,738,754,758,685,771,617,785,549,789,478,271,440,310,404,368,391,427,401,483,417,544,414,594,395,650,390,704,398,745,430,514,477,514,519,515,561,515,606,461,655,487,660,514,665,541,661,567,655,332,486,363,471,401,469,433,493,400,499,362,499,588,491,618,469,654,469,686,483,656,497,619,497,417,748,457,731,491,717,514,724,535,717,566,733,602,751,566,774,535,789,512,792,486,789,454,775,433,749,489,747,513,752,535,748,587,750,535,751,513,754,489,751,576,0.0014258448712346074,13.480962760530723,0.9968935064413869,2170.770699928632,0.5037462525174699,295.8057857628152,8669.601836953978,8.380489394190416,10.466053635140607,0.001030466632793482,2.5861168392970937,-0.5836517885394732,0.9998986854667469,246.0,1681.0,4254.0,3663.0,4744.0,5135.0,5731.0,6623.0,7785.0,9920.0,11645.0,10692.0,12543.0,14143.0,13714.0,11549.0,11938.0,14667.0,14727.0,12217.0,12661.0,12714.0,13410.0,13437.0,5510.0,1737.0,170.0,0.0,0.0,0.0,0.0,0.0,3.0,470.0,1680.0,3752.0,2832.0,3308.0,3999.0,4319.0,4677.0,5532.0,6469.0,7731.0,9506.0,10764.0,10566.0,12871.0,14771.0,13613.0,12008.0,13422.0,18584.0,15574.0,16408.0,17426.0,17128.0,7986.0,1805.0,52.0,0.0,0.0,0.0,0.0,4.0,150.0,618.0,651.0,1158.0,2263.0,2004.0,1640.0,2219.0,2751.0,2916.0,3189.0,3354.0,3782.0,4352.0,5175.0,6157.0,8327.0,9360.0,10976.0,11541.0,13316.0,13989.0,13927.0,17548.0,19895.0,18353.0,19331.0,22697.0,12909.0,2704.0,0.0
255,508,254,575,258,646,268,722,288,797,327,861,375,916,434,969,508,982,590,969,664,919,729,863,780,797,807,725,823,650,833,572,837,492,274,465,304,417,359,403,415,412,467,438,533,435,589,405,653,396,718,412,758,459,499,485,496,540,493,595,489,652,434,677,462,692,494,704,531,690,568,678,335,495,362,479,397,479,432,496,397,499,363,501,589,493,621,474,655,472,685,489,656,497,623,497,372,746,415,739,464,736,502,742,540,735,594,736,654,743,599,797,545,823,504,830,461,823,414,798,388,752,463,755,503,760,540,755,637,750,543,787,504,791,462,785,577,0.0004463602916253673,75.24535943980342,0.9841860237966087,2379.288189348345,0.2941802874006663,256.021441679998,9441.90739795357,8.554604270904345,11.857630978916717,0.0005136724789217164,3.5273535946365717,-0.4318049294653864,0.9991935049566644,414.0,1729.0,4381.0,6835.0,7864.0,8303.0,9308.0,11240.0,12948.0,17536.0,20022.0,19273.0,17484.0,15745.0,14680.0,13645.0,13275.0,12625.0,11300.0,8424.0,7660.0,7978.0,5952.0,5944.0,4336.0,2991.0,1381.0,871.0,131.0,4.0,2.0,0.0,653.0,2295.0,4717.0,5653.0,5379.0,4761.0,4770.0,6320.0,7268.0,9687.0,11834.0,13888.0,17594.0,20112.0,19062.0,16842.0,16716.0,15178.0,12083.0,11330.0,10905.0,10953.0,11420.0,8878.0,6650.0,5521.0,2860.0,925.0,26.0,1.0,0.0,0.0,391.0,2130.0,4358.0,4444.0,4178.0,3134.0,2215.0,2054.0,2320.0,2927.0,3800.0,4687.0,5238.0,6830.0,8025.0,10217.0,13829.0,16983.0,16850.0,16373.0,17197.0,16287.0,14171.0,11465.0,11694.0,14573.0,14288.0,14023.0,11421.0,6144.0,1831.0,204.0
52,482,61,576,76,672,112,756,170,823,252,873,347,905,435,928,510,932,567,902,610,848,660,797,701,740,727,676,735,610,732,547,724,487,229,455,288,418,356,396,428,395,495,414,589,414,629,396,672,387,713,389,736,417,544,487,554,523,566,557,579,593,494,656,527,657,558,659,581,652,601,641,319,494,367,472,413,467,442,500,409,509,365,508,588,492,621,457,658,452,681,475,662,493,625,496,394,753,463,735,523,713,548,717,570,707,595,717,611,733,591,775,567,805,543,814,516,816,459,801,417,753,522,736,546,734,568,729,593,736,566,763,544,772,519,775,578,0.003097532565877963,12.84930795474507,0.9944750918798084,1162.8427343631975,0.5786462474025371,368.41901786673253,4638.521629498035,7.768029657347455,9.524808849870414,0.0011489372042173078,2.3658848613531287,-0.5982693888452146,0.9998375325799611,31.0,164.0,462.0,660.0,840.0,894.0,1055.0,1378.0,1689.0,1993.0,2079.0,2363.0,2661.0,3483.0,5234.0,9535.0,15751.0,16830.0,18896.0,24646.0,22987.0,24242.0,35703.0,25963.0,21139.0,18412.0,21507.0,4457.0,35.0,29.0,10.0,4.0,14.0,179.0,472.0,590.0,877.0,959.0,1167.0,1200.0,1280.0,1601.0,2147.0,2486.0,3431.0,3365.0,3747.0,4296.0,5488.0,9490.0,13456.0,17772.0,24136.0,28317.0,26550.0,31177.0,34309.0,23780.0,21382.0,19817.0,1643.0,3.0,1.0,0.0,0.0,2.0,15.0,198.0,387.0,514.0,662.0,816.0,925.0,1037.0,1219.0,1042.0,923.0,723.0,663.0,885.0,1203.0,1419.0,1611.0,2158.0,3199.0,4705.0,7792.0,10567.0,12973.0,22525.0,32263.0,43547.0,64544.0,45491.0,20872.0,252.0
258,472,261,548,272,623,285,698,305,771,341,837,387,899,438,952,508,972,585,967,659,932,728,880,781,815,811,735,827,649,837,558,838,468,274,451,306,419,359,419,410,432,460,450,537,454,592,434,648,422,708,423,757,449,495,491,494,543,492,595,490,648,446,672,469,685,497,695,527,684,557,674,338,482,367,466,404,467,436,493,399,498,363,497,586,493,617,470,655,469,687,486,658,500,621,500,414,758,442,750,475,744,506,755,537,746,582,754,626,764,583,801,539,819,505,820,473,815,442,795,432,764,475,767,506,773,538,770,607,768,537,781,505,783,474,776,579,0.0005526835094393744,42.28760534975639,0.9821527578481981,1184.9001430581343,0.25345938328564543,202.76751282088526,4697.312966882784,8.079029891434544,11.52409895075435,0.00040988080942623594,3.649691409880636,-0.37383855520011444,0.9972904035518383,456.0,1922.0,4713.0,10133.0,12865.0,14642.0,17143.0,20560.0,27264.0,34133.0,29489.0,22956.0,17830.0,15855.0,10339.0,5525.0,2313.0,963.0,287.0,178.0,84.0,44.0,28.0,10.0,1.0,3.0,0.0,2.0,2.0,1.0,2.0,0.0,519.0,1213.0,2206.0,5299.0,9029.0,10502.0,11589.0,13117.0,15369.0,18975.0,22327.0,27949.0,26789.0,22775.0,18936.0,17801.0,14031.0,6950.0,2782.0,1001.0,305.0,143.0,64.0,34.0,21.0,7.0,0.0,1.0,2.0,0.0,4.0,3.0,35.0,303.0,864.0,1212.0,2651.0,4412.0,6315.0,6981.0,7309.0,7923.0,8317.0,8844.0,9376.0,10026.0,11008.0,11737.0,12006.0,14121.0,18139.0,17847.0,17453.0,17491.0,15384.0,14149.0,12003.0,8566.0,4415.0,706.0,96.0,40.0,11.0,3.0
225,475,227,552,236,628,246,702,262,775,299,840,356,893,423,936,499,954,578,942,651,906,716,857,764,796,791,722,808,645,822,566,829,483,270,429,306,397,358,390,407,403,451,428,561,427,609,400,664,391,720,401,762,435,505,481,502,535,499,590,497,645,446,669,471,680,499,690,530,680,559,670,329,485,363,464,403,467,439,499,399,505,359,503,583,499,621,468,661,466,694,488,663,504,623,505,387,746,429,733,470,727,501,734,533,728,581,734,633,744,583,784,535,807,501,811,467,806,427,784,404,750,469,749,501,753,534,750,615,748,534,769,501,773,469,768,58,0.0013950083678667038,21.983522775583936,0.9927260010538056,1510.9927013078004,0.39438969913016286,305.3729042086888,6021.987282455626,7.977853856489299,10.575615974917836,0.0007131047589693184,2.9961715538101408,-0.4852714022315764,0.9993675651276808,1702.0,1791.0,2274.0,2570.0,2765.0,2632.0,2757.0,4261.0,6609.0,7230.0,9135.0,10922.0,11910.0,14981.0,21035.0,29110.0,25476.0,24179.0,22472.0,21408.0,19440.0,12444.0,5922.0,1425.0,6.0,3.0,1.0,2.0,2.0,0.0,3.0,1.0,1029.0,1148.0,1781.0,2635.0,2818.0,2389.0,2672.0,3064.0,2991.0,3516.0,4751.0,6762.0,7812.0,8671.0,9992.0,11655.0,14753.0,20055.0,30083.0,29210.0,26421.0,29395.0,29003.0,9414.0,2373.0,66.0,1.0,2.0,2.0,1.0,3.0,0.0,87.0,485.0,672.0,725.0,818.0,927.0,1117.0,1384.0,1572.0,1278.0,1445.0,1742.0,1968.0,1982.0,2639.0,3155.0,3674.0,4464.0,5688.0,7112.0,8819.0,10476.0,13631.0,19152.0,29361.0,40076.0,33235.0,30608.0,30337.0,5830.0,9.0,0.0
291,506,283,569,280,634,284,705,293,777,319,842,354,906,399,964,471,985,559,984,648,956,736,912,813,856,863,781,889,692,896,598,899,506,286,459,302,416,348,402,396,407,443,424,524,422,588,403,654,402,717,420,768,461,479,478,469,532,459,586,450,643,413,663,435,683,466,696,506,680,547,665,330,491,360,467,399,467,436,495,397,499,359,499,585,496,623,470,663,471,698,495,663,504,624,502,383,735,418,735,453,734,483,740,521,735,578,736,645,739,578,775,519,792,480,795,448,793,417,780,401,742,451,751,482,756,520,754,625,742,519,758,481,761,450,755,580,0.0006687538352626649,31.10282717030509,0.984549266110365,1006.639224416218,0.26680444034387707,289.4168755397608,3995.4540704945575,7.94600272744597,11.218323878036173,0.0004550688236885622,3.472116382418291,-0.38640706697412247,0.9974695150962868,0.0,15.0,207.0,721.0,1538.0,2645.0,3316.0,4269.0,5643.0,7633.0,11600.0,16277.0,20254.0,24779.0,30703.0,35096.0,32544.0,28238.0,23349.0,19017.0,12286.0,6701.0,5108.0,1694.0,403.0,78.0,37.0,23.0,101.0,91.0,14.0,4.0,0.0,0.0,69.0,312.0,869.0,1602.0,2281.0,2997.0,4021.0,5073.0,6425.0,8393.0,12625.0,16749.0,19236.0,25103.0,30190.0,33452.0,33474.0,31994.0,25716.0,17308.0,9638.0,5225.0,1184.0,165.0,47.0,23.0,90.0,112.0,7.0,4.0,0.0,3.0,27.0,62.0,168.0,369.0,738.0,1056.0,1239.0,1730.0,2536.0,3127.0,3600.0,4630.0,5649.0,7019.0,9377.0,11932.0,14023.0,17908.0,23918.0,27880.0,27504.0,23591.0,24806.0,27435.0,23877.0,18704.0,9902.0,1520.0,51.0,3.0
188,472,195,562,204,650,213,738,242,820,295,887,363,941,435,989,520,1002,603,988,672,940,732,881,776,810,800,729,807,642,812,556,813,468,259,461,302,426,361,417,419,427,476,444,555,446,609,428,663,419,719,426,758,461,517,485,517,542,517,600,517,661,449,679,481,692,517,705,551,693,580,679,334,488,364,468,402,466,434,490,400,495,364,498,589,491,620,467,656,468,688,487,658,496,623,496,390,766,439,769,482,767,515,775,547,767,591,770,639,767,593,810,550,829,516,831,482,827,438,807,410,772,482,787,515,792,548,787,619,773,549,789,517,793,484,789,581,0.0006180356697242498,46.467886605241375,0.9717324866926647,822.1398659737124,0.2264146695356819,307.7143612739439,3242.091577289608,7.7840347904632115,11.386576586389708,0.0003718828037652042,3.743792860560079,-0.3244927927506859,0.9933813452199165,2.0,30.0,159.0,515.0,624.0,1072.0,1827.0,3455.0,5779.0,7683.0,10503.0,15674.0,24149.0,34008.0,41432.0,40668.0,36554.0,28498.0,19288.0,10707.0,4337.0,1814.0,863.0,385.0,120.0,89.0,36.0,34.0,26.0,9.0,2.0,4.0,0.0,4.0,13.0,75.0,429.0,686.0,871.0,1198.0,2342.0,4228.0,6341.0,7401.0,8968.0,11314.0,16456.0,23590.0,32308.0,39325.0,40434.0,36591.0,28282.0,16520.0,8384.0,3070.0,1014.0,330.0,86.0,48.0,24.0,8.0,2.0,4.0,0.0,0.0,0.0,0.0,6.0,31.0,76.0,108.0,274.0,387.0,623.0,1265.0,2462.0,3324.0,3565.0,3942.0,4796.0,5683.0,7229.0,9232.0,11351.0,13463.0,15772.0,18774.0,21499.0,25719.0,29600.0,31473.0,27009.0,18928.0,16899.0,16856.0
155,489,160,574,173,658,193,742,235,817,296,882,373,931,456,970,533,979,600,954,647,898,688,837,717,772,733,702,746,631,749,563,737,494,264,444,317,419,380,414,439,422,495,444,586,447,624,425,666,414,709,413,732,439,544,494,551,554,560,612,568,670,478,690,515,702,552,714,583,703,608,686,332,489,368,468,408,468,445,500,407,502,365,502,587,499,619,466,658,462,689,482,663,496,625,500,385,757,447,744,505,739,541,744,568,738,604,741,633,749,603,806,570,828,538,833,500,830,445,807,399,759,505,762,541,764,569,761,618,757,568,790,537,797,502,795,582,0.0011006043684539872,23.10657225156921,0.995696485526198,2685.1953815588486,0.3866248060448685,315.5673609633559,10717.67495398382,8.328158091148975,11.015190602116949,0.0007089230818081487,3.030641784950692,-0.4977558878878362,0.9996272023629933,659.0,950.0,1436.0,1836.0,2298.0,2913.0,3845.0,5173.0,7759.0,12100.0,16156.0,12662.0,11274.0,11190.0,7350.0,5976.0,6383.0,7196.0,7373.0,8398.0,9711.0,10514.0,12287.0,16679.0,24728.0,27540.0,15448.0,7222.0,1117.0,86.0,0.0,0.0,544.0,776.0,1139.0,1569.0,1972.0,2120.0,2874.0,3774.0,4674.0,6216.0,10135.0,16376.0,15850.0,13412.0,10468.0,7545.0,6409.0,6873.0,8035.0,9218.0,9863.0,10157.0,12001.0,15430.0,22148.0,30839.0,22738.0,4897.0,207.0,0.0,0.0,0.0,103.0,551.0,731.0,975.0,1022.0,1074.0,1446.0,1394.0,1542.0,1838.0,2732.0,3204.0,3962.0,4208.0,5544.0,9164.0,13180.0,11720.0,10751.0,10167.0,10362.0,6496.0,7105.0,8789.0,10437.0,13958.0,17522.0,29409.0,43095.0,22204.0,3450.0,124.0
247,477,248,551,255,625,263,698,281,770,318,833,372,887,433,936,506,954,583,943,653,903,716,854,763,791,787,717,801,639,810,560,811,481,280,462,313,427,365,420,417,430,466,451,544,452,596,432,652,422,709,429,751,463,506,488,505,542,503,596,501,651,444,670,473,682,505,694,539,683,571,671,338,486,369,467,405,468,440,495,403,498,366,497,584,495,620,470,657,470,690,489,658,498,621,497,390,739,433,735,475,732,508,740,541,733,586,737,635,740,587,784,543,806,508,810,472,804,432,779,407,745,474,756,508,761,541,757,618,746,541,764,508,769,474,763,583,0.0006140771905769971,22.18364785954738,0.9921917905028375,1420.5808362918606,0.3087290929375844,284.9197923710678,5660.139697307877,8.233510073890958,11.288137442915534,0.0005758318968734275,3.2416568583608667,-0.4404500875360087,0.999057021481929,11.0,222.0,737.0,1702.0,3204.0,3599.0,3954.0,6343.0,13521.0,24909.0,24051.0,20272.0,17554.0,17022.0,15617.0,13968.0,12865.0,12055.0,10936.0,9607.0,7274.0,5239.0,4276.0,3342.0,2383.0,1309.0,596.0,239.0,11.0,0.0,0.0,0.0,3.0,62.0,270.0,682.0,1243.0,1706.0,2651.0,3395.0,3419.0,4134.0,6418.0,11871.0,20234.0,21930.0,19062.0,19025.0,16555.0,16024.0,17650.0,15356.0,12586.0,12112.0,10147.0,8084.0,5901.0,3607.0,1983.0,601.0,107.0,0.0,0.0,0.0,0.0,0.0,10.0,117.0,449.0,520.0,599.0,709.0,1006.0,1365.0,1605.0,1986.0,2606.0,2679.0,4111.0,6368.0,8649.0,11412.0,14002.0,15457.0,14710.0,14255.0,17285.0,17072.0,17717.0,17497.0,14577.0,15505.0,15230.0,14237.0,4603.0,480.0
184,533,186,605,191,678,204,750,232,819,284,872,351,912,429,940,516,947,600,939,669,909,723,863,759,802,774,731,782,661,786,594,784,528,258,461,294,410,353,383,420,378,482,394,549,399,607,385,668,390,718,417,742,468,518,459,521,498,524,536,527,577,448,631,484,640,523,649,559,643,592,636,331,488,365,469,401,467,438,488,402,493,365,494,584,492,621,472,657,475,686,496,656,501,621,498,396,743,441,708,487,691,522,701,557,693,603,714,642,751,602,769,558,776,520,777,483,773,440,761,414,741,486,732,522,736,557,734,625,749,557,734,521,737,485,731,584,0.00046193843343881984,27.459679350451925,0.9925012681078578,1830.9523747573758,0.26454614041746777,194.67079066801693,7296.349819679057,8.360038940747595,11.644117071914623,0.00048304664977692996,3.4253700950182715,-0.41887350132194856,0.9988438748057369,264.0,2515.0,9390.0,27638.0,33457.0,37105.0,39456.0,31140.0,23432.0,18384.0,15279.0,11063.0,8562.0,6250.0,4713.0,3745.0,2844.0,2178.0,1493.0,1193.0,988.0,735.0,495.0,198.0,120.0,13.0,0.0,0.0,0.0,0.0,0.0,0.0,50.0,768.0,3379.0,6749.0,15236.0,20091.0,20577.0,21493.0,23862.0,24831.0,24174.0,20154.0,18008.0,15090.0,12217.0,9314.0,7744.0,6824.0,5836.0,5124.0,4675.0,3932.0,3626.0,2678.0,2104.0,1719.0,1415.0,798.0,172.0,10.0,0.0,0.0,0.0,16.0,441.0,1997.0,3396.0,5033.0,7029.0,8507.0,11351.0,12517.0,13296.0,13718.0,14627.0,16935.0,18118.0,17476.0,16441.0,16140.0,15301.0,13937.0,12543.0,10462.0,8319.0,6894.0,6148.0,5203.0,4797.0,5614.0,5688.0,4283.0,3860.0,2563.0
269,500,265,569,264,641,270,714,289,782,324,844,368,897,423,946,495,964,576,959,657,927,732,888,795,836,838,770,857,690,865,610,873,527,284,442,311,403,359,390,408,396,453,417,538,411,598,388,664,387,726,409,770,450,487,480,480,531,471,579,463,631,419,660,446,672,476,683,516,673,555,661,335,487,366,473,400,474,436,494,400,495,365,494,586,494,622,475,658,476,695,490,658,496,622,496,370,737,406,715,449,708,488,715,530,708,588,716,652,737,590,790,533,813,489,818,447,813,405,787,386,739,449,731,488,734,530,730,633,739,532,778,489,782,449,777,585,0.0018356844708110561,26.832483130430496,0.9849223338029155,889.8872768833908,0.4039547841098173,214.4787325754147,3532.7166244031287,7.760088106494382,10.464595697042704,0.000682412868936516,3.0392097176428043,-0.4535875216492361,0.9987951367025253,203.0,1215.0,2460.0,3459.0,5165.0,7575.0,16977.0,43696.0,60929.0,35128.0,24642.0,16887.0,15157.0,11094.0,8174.0,6089.0,4501.0,3936.0,3823.0,2955.0,2460.0,2057.0,1346.0,654.0,270.0,102.0,78.0,24.0,11.0,5.0,2.0,5.0,34.0,607.0,1897.0,2459.0,3157.0,3655.0,4297.0,6160.0,10771.0,22022.0,39377.0,48031.0,46115.0,28519.0,15547.0,11479.0,7808.0,6339.0,4870.0,4398.0,4055.0,3227.0,2395.0,1926.0,1129.0,527.0,188.0,64.0,20.0,4.0,2.0,0.0,6.0,92.0,629.0,1642.0,1818.0,1992.0,2014.0,2058.0,2101.0,2433.0,2851.0,4102.0,7397.0,11298.0,22983.0,35223.0,36955.0,42211.0,38149.0,19190.0,11408.0,9006.0,7332.0,5158.0,3822.0,3037.0,2408.0,2255.0,1156.0,291.0,45.0,17.0
268,513,270,587,281,659,289,730,307,800,341,863,387,914,444,956,514,966,587,956,659,920,721,874,771,815,798,743,809,664,816,585,819,504,281,477,302,431,353,410,408,413,462,433,540,429,600,409,663,402,725,422,763,468,497,478,495,531,491,583,487,637,443,667,467,678,496,688,527,676,557,664,345,494,371,474,406,471,440,495,405,501,370,503,586,490,621,467,657,468,690,486,658,495,621,494,404,756,438,748,470,741,501,748,532,740,574,742,621,752,578,780,535,789,502,792,470,789,437,783,419,758,470,757,501,760,533,756,606,753,533,766,501,770,470,766,586,0.0007214099692087718,58.405524877995944,0.974926832204795,1164.8211554794075,0.27277105089767506,205.00826174130498,4600.879097039631,7.989747150445952,11.454750829677533,0.0004177186971152157,3.731574872211561,-0.3635147247618434,0.9966638977809349,92.0,1125.0,5490.0,11962.0,16668.0,19038.0,20353.0,26440.0,27816.0,27194.0,22827.0,24525.0,20499.0,9300.0,4346.0,2458.0,1326.0,1078.0,955.0,755.0,663.0,494.0,418.0,418.0,451.0,506.0,521.0,542.0,491.0,236.0,110.0,12.0,2.0,72.0,1109.0,3539.0,6804.0,11062.0,14644.0,16447.0,18002.0,22841.0,27465.0,29470.0,25633.0,23751.0,19957.0,10087.0,4821.0,2764.0,1648.0,1229.0,986.0,950.0,801.0,702.0,568.0,544.0,547.0,615.0,699.0,697.0,535.0,118.0,0.0,1.0,6.0,102.0,637.0,1679.0,2675.0,3510.0,5050.0,6918.0,8276.0,9008.0,9763.0,9956.0,10315.0,12065.0,15374.0,19220.0,23558.0,25505.0,25127.0,22308.0,20215.0,7307.0,1736.0,1231.0,1078.0,936.0,930.0,922.0,1203.0,2498.0
237,465,239,539,248,610,255,682,275,749,315,809,368,860,428,909,496,926,568,915,641,879,710,834,763,775,791,707,805,631,818,556,828,478,275,438,310,410,359,407,406,416,453,435,563,438,612,419,663,412,716,419,757,448,505,488,502,537,500,586,498,637,445,655,471,666,500,676,532,667,563,658,335,488,369,470,405,472,435,500,400,503,364,501,586,503,621,475,658,474,691,494,660,506,623,507,375,708,422,701,467,702,503,709,540,703,592,706,647,715,594,770,539,792,500,794,462,787,418,761,392,714,466,719,502,725,539,723,631,719,539,758,502,761,464,754,587,0.0019230259054900376,27.83529879095961,0.9818862340177483,768.3721997250068,0.4348139148216579,263.65752086231413,3045.6535001090706,7.602056154478901,10.123777322626289,0.0009537562087059718,2.9134097661940404,-0.46788361088258446,0.9988571502679571,188.0,842.0,1107.0,1364.0,1666.0,2066.0,2781.0,3745.0,5502.0,7573.0,11333.0,14163.0,25002.0,31641.0,32021.0,29195.0,28445.0,21559.0,10554.0,3269.0,1197.0,599.0,121.0,11.0,1.0,0.0,0.0,0.0,0.0,0.0,0.0,0.0,280.0,684.0,930.0,1077.0,1298.0,1633.0,2001.0,2627.0,3604.0,4666.0,5943.0,8409.0,12003.0,17169.0,29643.0,33427.0,30799.0,34230.0,28316.0,12545.0,3034.0,870.0,642.0,109.0,6.0,0.0,0.0,0.0,0.0,0.0,0.0,0.0,90.0,218.0,524.0,856.0,819.0,853.0,964.0,1023.0,1324.0,1490.0,1514.0,1573.0,1805.0,2188.0,2798.0,4962.0,7627.0,14582.0,25711.0,24867.0,27414.0,29233.0,33475.0,29895.0,15625.0,4187.0,321.0,7.0,0.0,0.0,0.0,0.0
225,500,229,577,238,652,247,728,267,800,307,863,363,917,431,960,513,976,596,965,669,924,728,871,773,806,796,732,808,654,821,576,830,494,267,461,301,416,358,402,415,410,469,428,549,426,605,405,665,399,722,417,760,457,509,471,508,529,507,587,506,647,444,669,475,682,508,694,543,681,575,667,332,487,365,466,402,465,438,490,402,493,364,495,588,489,626,465,664,466,696,488,664,495,627,493,379,752,427,741,472,735,509,743,548,734,598,740,647,751,599,782,551,805,510,810,472,806,427,786,400,757,472,763,509,767,549,763,626,755,550,765,510,771,473,766,588,0.0007173619778900536,20.375844735172144,0.9914755124633072,1195.1491243154605,0.306179137859535,303.13682134338734,4760.220652526714,8.095933668575285,11.112946382731028,0.0005861947431124054,3.1940216894110915,-0.43497572904621085,0.9988533154408922,8.0,85.0,165.0,559.0,1256.0,2041.0,3062.0,3947.0,4412.0,5175.0,7245.0,10149.0,14945.0,22536.0,30295.0,33151.0,24973.0,20405.0,17447.0,17530.0,16444.0,13044.0,9035.0,6664.0,4388.0,2635.0,1463.0,550.0,57.0,0.0,0.0,0.0,2.0,41.0,150.0,264.0,590.0,1059.0,1693.0,2537.0,3238.0,4054.0,5015.0,5831.0,7696.0,10754.0,15979.0,26004.0,31187.0,26273.0,22061.0,21726.0,18294.0,17619.0,17472.0,14193.0,9929.0,5192.0,3244.0,1386.0,183.0,0.0,0.0,0.0,0.0,6.0,28.0,38.0,50.0,182.0,517.0,594.0,815.0,1068.0,1441.0,1811.0,2394.0,2943.0,3146.0,4317.0,6647.0,11832.0,18315.0,27459.0,27762.0,20224.0,18726.0,21174.0,20141.0,18238.0,18838.0,18521.0,14006.0,8828.0,3410.0,195.0
254,478,251,553,254,627,268,700,292,771,333,832,381,889,437,937,507,957,587,950,671,917,747,871,811,810,851,733,867,646,873,557,877,470,283,421,309,383,358,375,406,388,449,413,545,408,597,384,656,373,716,384,764,419,493,479,491,529,487,578,484,628,430,661,460,668,491,675,527,667,563,662,336,480,366,464,402,466,433,495,398,499,362,495,585,497,619,470,658,469,694,487,661,501,621,502,390,750,424,727,463,716,494,722,528,717,581,730,637,753,586,808,531,829,494,831,460,825,423,800,410,753,462,745,494,748,528,747,620,755,530,783,495,784,462,779,589,0.0010435904182173816,35.25589537282711,0.9823951522569674,1001.4710234588474,0.3211458914209945,300.7985799658621,3970.628198462564,7.8286730421308635,10.89954491166987,0.0005453200511804003,3.2917335075920673,-0.40563257174383305,0.9978528698184712,381.0,974.0,1485.0,1838.0,1653.0,2571.0,4487.0,5568.0,8918.0,14582.0,19124.0,23716.0,31843.0,37812.0,39297.0,33631.0,24355.0,15499.0,9029.0,4625.0,2119.0,942.0,866.0,890.0,942.0,353.0,14.0,10.0,14.0,17.0,15.0,12.0,211.0,583.0,952.0,1407.0,1454.0,1384.0,1477.0,2196.0,3899.0,4584.0,6109.0,8453.0,12331.0,13967.0,17682.0,24140.0,30675.0,38557.0,39386.0,32687.0,21414.0,12488.0,6091.0,2465.0,1065.0,898.0,790.0,181.0,16.0,13.0,14.0,13.0,6.0,94.0,239.0,430.0,664.0,717.0,812.0,877.0,681.0,728.0,717.0,876.0,1100.0,1461.0,1800.0,1790.0,2274.0,4183.0,6021.0,7319.0,8407.0,8715.0,11374.0,16405.0,20241.0,24964.0,36332.0,50515.0,41672.0,24864.0,9223.0,2081.0
213,508,227,581,242,650,259,719,286,782,326,834,384,873,448,901,515,911,583,900,645,869,698,828,738,776,762,712,774,643,787,575,797,502,259,449,290,411,339,394,393,394,445,409,573,410,622,393,673,391,722,408,751,447,513,473,515,512,516,549,518,588,461,631,487,637,515,644,543,638,569,632,330,492,363,471,402,470,436,496,401,503,362,504,585,497,619,471,658,470,690,493,659,505,620,503,390,716,439,696,483,686,516,692,547,688,593,699,641,715,596,756,548,768,515,770,480,766,435,753,409,717,483,704,515,707,548,706,624,718,547,744,515,745,481,742,59,0.0013778012999358339,21.814745733043733,0.9886792174637488,963.7102372953686,0.3907693497650065,335.5613221669058,3833.0262034484294,7.8080995796742965,10.454055339376351,0.0006954565248108078,2.9635054785138326,-0.465596033042907,0.9990300946672472,0.0,14.0,260.0,522.0,582.0,622.0,640.0,895.0,1201.0,1645.0,2279.0,4052.0,5718.0,7283.0,8617.0,10932.0,15395.0,22628.0,24963.0,25208.0,30272.0,26831.0,19283.0,13170.0,8787.0,4222.0,796.0,107.0,26.0,7.0,3.0,16.0,1.0,50.0,349.0,449.0,449.0,496.0,590.0,691.0,914.0,1185.0,1535.0,2350.0,3972.0,6428.0,7940.0,8680.0,9364.0,13666.0,19924.0,25738.0,27703.0,28162.0,28575.0,22280.0,13698.0,9036.0,2441.0,251.0,34.0,14.0,7.0,4.0,1.0,29.0,262.0,404.0,267.0,290.0,391.0,414.0,513.0,594.0,625.0,750.0,844.0,1257.0,1357.0,2114.0,4122.0,6112.0,6170.0,6584.0,8037.0,12577.0,15981.0,21541.0,27255.0,30060.0,29649.0,28421.0,23103.0,6647.0,561.0,44.0
97,485,104,581,113,675,145,763,203,834,277,889,359,933,443,960,523,963,582,939,612,881,634,819,655,754,676,689,690,622,685,554,668,494,278,423,326,385,383,368,445,370,499,394,590,405,619,382,649,373,674,383,682,414,548,479,566,525,586,569,606,614,496,650,535,663,575,674,606,665,629,649,344,485,385,469,423,466,450,491,419,500,382,499,570,492,603,469,633,466,649,484,634,497,604,498,406,763,477,745,532,736,562,743,588,736,613,743,611,764,605,802,580,823,552,827,520,825,466,808,427,765,531,760,559,761,585,760,600,765,581,779,555,785,525,784,590,0.0006576441208927853,37.94688119747859,0.977831066513878,855.9910710146596,0.2534716579593773,181.45449549303757,3386.017402861142,7.896120388821416,11.276072581370801,0.0004306371978640726,3.549544872443699,-0.3669134106988037,0.9965408057237057,1614.0,5733.0,23972.0,42790.0,42642.0,37165.0,29885.0,21324.0,16388.0,13720.0,11379.0,7928.0,5743.0,4242.0,2680.0,1676.0,1058.0,597.0,397.0,304.0,235.0,155.0,107.0,71.0,40.0,25.0,13.0,4.0,0.0,3.0,1.0,5.0,548.0,1820.0,3141.0,4820.0,9454.0,16229.0,25670.0,30858.0,30947.0,31517.0,27823.0,22851.0,18844.0,15715.0,11597.0,7450.0,4762.0,3176.0,1915.0,1185.0,641.0,393.0,247.0,115.0,83.0,45.0,29.0,12.0,2.0,1.0,1.0,5.0,156.0,759.0,1437.0,1964.0,2064.0,2095.0,2722.0,2983.0,3339.0,3905.0,5430.0,8571.0,11500.0,15011.0,19091.0,23179.0,25755.0,26178.0,25936.0,26939.0,22273.0,17140.0,11495.0,6283.0,3334.0,1463.0,480.0,223.0,102.0,51.0,26.0,12.0
218,528,223,601,228,671,240,742,257,810,296,868,355,914,425,942,508,953,594,942,673,911,743,870,790,812,812,743,825,669,829,594,833,517,269,454,296,403,349,383,405,389,459,407,549,410,606,389,668,383,727,406,762,457,504,464,504,508,504,548,504,592,446,650,475,659,506,666,538,659,569,649,333,490,362,466,401,465,440,493,401,499,361,500,583,491,621,465,660,465,694,487,662,498,621,496,397,754,438,730,472,715,505,722,535,714,573,727,617,755,574,766,539,770,507,772,473,769,440,764,415,751,473,739,506,741,536,738,600,751,537,743,507,745,474,742,591,0.0006310069265232595,23.934629144124884,0.9904691494129098,1255.669829685924,0.2897720116239757,243.8681633398225,4998.744689599576,8.16973101291552,11.306157936094547,0.0005140055747311042,3.2888286635027377,-0.42436720202458633,0.9987687707479262,9.0,281.0,1397.0,3023.0,4890.0,6567.0,11239.0,16132.0,20565.0,27636.0,30493.0,31369.0,31432.0,24344.0,21601.0,17771.0,12685.0,9246.0,7014.0,3649.0,1927.0,903.0,461.0,253.0,124.0,73.0,60.0,42.0,29.0,29.0,2.0,0.0,4.0,172.0,990.0,1598.0,3155.0,4383.0,5263.0,7871.0,10033.0,14507.0,19990.0,22842.0,23267.0,28668.0,30351.0,22716.0,18095.0,16653.0,16446.0,14876.0,9100.0,5818.0,4413.0,2062.0,1100.0,463.0,193.0,101.0,75.0,35.0,6.0,0.0,2.0,28.0,242.0,711.0,614.0,945.0,1481.0,2352.0,2847.0,3641.0,4904.0,6681.0,8604.0,10226.0,11895.0,16115.0,19783.0,21222.0,23041.0,26426.0,21482.0,17085.0,18145.0,15391.0,13877.0,12155.0,7406.0,5738.0,5834.0,4179.0,1694.0,500.0
239,503,243,577,251,649,260,722,283,790,323,853,378,907,441,951,515,967,587,952,648,911,701,857,742,794,767,726,777,654,784,583,784,508,281,442,312,403,362,391,414,399,461,419,562,421,609,400,661,391,711,401,742,440,508,473,509,527,511,580,511,636,444,661,477,673,511,684,545,673,577,661,333,490,364,470,398,470,433,494,398,497,363,498,589,494,625,471,659,471,689,490,660,498,625,498,371,732,424,729,475,728,511,736,547,728,598,729,648,732,599,788,549,816,510,820,472,815,422,789,387,737,475,746,510,752,547,746,633,736,548,784,511,788,474,783,592,0.0010416009137800524,17.707021997532046,0.9900198370651971,887.0773361395263,0.37612253736773793,240.15361087005883,3530.6023225605422,7.8733603455202,10.619032145690277,0.0008974531004081362,2.9719245111345205,-0.45616679616742345,0.9989366671717677,169.0,540.0,850.0,1582.0,2664.0,4813.0,8017.0,13053.0,18987.0,24606.0,25667.0,20977.0,19404.0,22231.0,22349.0,20532.0,16133.0,10592.0,7815.0,4529.0,2222.0,483.0,16.0,0.0,0.0,0.0,0.0,0.0,0.0,0.0,0.0,0.0,84.0,336.0,352.0,715.0,1299.0,2099.0,3453.0,6283.0,8504.0,13411.0,17779.0,27157.0,25438.0,20719.0,19348.0,22471.0,26439.0,19495.0,14673.0,10604.0,6186.0,1244.0,126.0,16.0,0.0,0.0,0.0,0.0,0.0,0.0,0.0,0.0,20.0,182.0,227.0,285.0,437.0,740.0,1095.0,1232.0,1025.0,1368.0,2360.0,4735.0,7128.0,9612.0,12066.0,16591.0,23654.0,22798.0,18396.0,19672.0,22477.0,27350.0,24165.0,14415.0,11939.0,4141.0,121.0,0.0,0.0,0.0,0.0,0.0
223,498,228,579,237,657,250,735,274,809,316,874,376,927,447,968,525,978,603,963,668,920,720,868,756,802,775,731,784,657,789,583,793,507,297,456,328,415,379,395,433,397,485,412,553,413,604,401,656,399,705,422,733,466,518,470,519,524,518,577,518,632,462,662,487,674,516,682,545,674,570,663,351,484,378,460,413,461,442,485,412,493,377,495,585,489,615,463,650,464,677,490,651,499,616,497,419,772,454,745,488,731,516,738,544,731,583,746,617,772,585,802,550,815,520,817,489,813,454,797,437,770,488,757,517,758,545,756,600,771,548,775,519,778,489,774,593,0.0007005199825190952,36.06167431485228,0.9819562537787456,999.2757567950684,0.2972047653188444,236.7115922490725,3961.041352865428,7.93869375710798,11.188472398035449,0.000490065954370056,3.428382984744812,-0.3897789774497052,0.9975720706439527,288.0,1467.0,2130.0,3382.0,4454.0,5650.0,7774.0,11445.0,19593.0,26018.0,24945.0,24487.0,23948.0,25562.0,28520.0,22280.0,15164.0,11114.0,4270.0,1421.0,322.0,78.0,12.0,13.0,4.0,1.0,3.0,10.0,2.0,4.0,4.0,8.0,82.0,474.0,1482.0,2049.0,3100.0,4054.0,4833.0,6736.0,9299.0,13966.0,23968.0,21801.0,24537.0,25322.0,25407.0,25810.0,25981.0,20435.0,14041.0,9391.0,1429.0,114.0,24.0,5.0,1.0,7.0,6.0,4.0,4.0,3.0,3.0,5.0,3.0,81.0,248.0,434.0,1005.0,1514.0,1749.0,2083.0,2196.0,2663.0,3550.0,4565.0,6063.0,8471.0,13420.0,16726.0,15519.0,19006.0,23566.0,22279.0,20768.0,20977.0,21734.0,21534.0,13844.0,11367.0,7916.0,1062.0,16.0,7.0,5.0,2.0
233,527,237,600,245,667,253,736,268,805,306,861,366,903,433,933,508,942,585,935,659,908,725,873,773,820,797,753,808,681,816,609,823,535,279,447,310,405,361,387,415,390,464,408,554,406,606,384,662,382,716,405,749,448,510,472,510,524,510,574,509,627,456,658,481,669,509,678,538,669,566,660,341,494,368,473,403,473,438,493,404,498,369,500,591,492,621,472,655,472,685,491,657,497,623,497,406,755,444,730,479,719,508,727,539,720,577,732,618,757,578,771,541,781,508,783,478,779,444,768,422,753,479,746,508,749,540,746,602,755,540,749,508,751,479,748,594,0.001169086826092049,33.34185114283771,0.9863334941240096,1220.412038805348,0.3283736281496586,332.1887921340657,4848.306304078589,7.814897983257351,10.816781080557075,0.0005609800190160239,3.2897486339596362,-0.4142228405681093,0.9980592202529118,70.0,434.0,844.0,1350.0,1713.0,1963.0,2640.0,3003.0,3327.0,3793.0,5020.0,6042.0,7445.0,8320.0,9528.0,11534.0,19408.0,31948.0,30244.0,37180.0,37230.0,25302.0,13218.0,5659.0,1558.0,122.0,24.0,4.0,1.0,3.0,2.0,4.0,31.0,310.0,819.0,1151.0,1515.0,1772.0,2319.0,2787.0,3052.0,3297.0,3918.0,4366.0,5617.0,7015.0,8527.0,9557.0,11969.0,18382.0,28648.0,30905.0,38277.0,35402.0,27357.0,15371.0,5848.0,699.0,18.0,2.0,0.0,0.0,1.0,1.0,17.0,59.0,151.0,198.0,247.0,260.0,274.0,346.0,550.0,806.0,978.0,1256.0,1654.0,1782.0,2114.0,2530.0,2817.0,2964.0,3518.0,3991.0,4812.0,5836.0,7046.0,8625.0,11372.0,16394.0,21368.0,32971.0,43270.0,40673.0,31680.0,18374.0
226,498,232,574,242,650,253,724,271,797,309,863,363,917,430,963,509,979,591,966,664,926,724,871,768,805,789,730,799,652,805,575,810,494,266,469,296,424,349,404,406,406,460,423,552,424,607,404,668,399,724,418,758,463,504,469,503,522,502,575,500,630,447,668,474,677,505,686,535,676,565,667,333,489,365,471,400,470,434,490,399,494,364,495,587,490,623,469,659,471,691,490,659,495,623,494,399,756,439,745,476,738,507,746,539,737,580,746,622,757,579,781,540,793,506,796,474,793,439,781,415,759,476,760,507,764,540,760,606,758,538,762,506,766,475,761,595,0.0008462695029573984,12.733643954976024,0.9946839105008258,1197.6991210783847,0.35710090233151437,176.80774072069312,4778.062840358571,8.086436094593775,10.819961906267423,0.0009092972213595532,2.9148516890005185,-0.4740220823316761,0.9993398256383095,636.0,3889.0,7940.0,10804.0,17394.0,27617.0,33272.0,27391.0,23648.0,23044.0,24578.0,16942.0,11539.0,9925.0,8054.0,7176.0,6857.0,5767.0,2048.0,140.0,0.0,0.0,0.0,0.0,0.0,0.0,0.0,0.0,0.0,0.0,0.0,0.0,554.0,2687.0,5659.0,6960.0,10722.0,16234.0,24104.0,32726.0,26475.0,22890.0,21224.0,22581.0,16777.0,14445.0,10716.0,8258.0,8540.0,7103.0,6178.0,3421.0,404.0,3.0,0.0,0.0,0.0,0.0,0.0,0.0,0.0,0.0,0.0,0.0,23.0,695.0,1360.0,2547.0,3333.0,4082.0,5333.0,7965.0,11240.0,16512.0,19390.0,20389.0,21575.0,17641.0,17176.0,18174.0,18696.0,18062.0,13203.0,8643.0,7980.0,8321.0,6565.0,7518.0,8230.0,3757.0,251.0,0.0,0.0,0.0,0.0,0.0
108,511,105,604,108,701,131,791,186,863,270,915,359,957,448,990,530,996,594,975,628,916,659,851,691,786,712,716,724,646,721,576,710,512,273,446,326,415,388,401,449,404,506,426,591,425,629,409,666,400,703,404,717,434,550,489,562,541,575,594,590,648,487,678,527,689,564,702,593,691,615,676,341,487,377,472,413,471,444,493,412,497,376,497,581,491,614,466,648,465,672,483,651,493,618,494,390,765,454,745,516,739,550,746,580,739,610,746,622,759,603,808,575,827,542,829,506,826,448,804,405,767,515,758,547,761,578,758,607,763,575,788,544,793,511,792,596,0.0008600630533886033,22.20020265772439,0.9920201778013488,1391.156460619016,0.35328495255540787,260.7473571214794,5542.425639818353,8.085926963152875,10.924924741732994,0.000679667508838681,3.0814187919665583,-0.4591796857390342,0.999176162743778,570.0,1511.0,2687.0,3636.0,5506.0,8922.0,15603.0,22270.0,20691.0,18548.0,16939.0,17913.0,20899.0,22474.0,24780.0,29599.0,28968.0,19527.0,7264.0,2511.0,966.0,146.0,2.0,1.0,1.0,0.0,1.0,0.0,0.0,1.0,0.0,0.0,165.0,644.0,1421.0,2229.0,2571.0,3005.0,4960.0,7305.0,9652.0,17755.0,21270.0,19527.0,16216.0,15264.0,16085.0,16517.0,20491.0,23351.0,24953.0,29428.0,26286.0,11444.0,1292.0,103.0,0.0,1.0,0.0,0.0,1.0,0.0,0.0,0.0,5.0,82.0,283.0,620.0,1068.0,1275.0,1456.0,1580.0,1785.0,2140.0,2478.0,3543.0,4667.0,6225.0,8060.0,11005.0,14187.0,15226.0,18639.0,19190.0,17197.0,18099.0,21153.0,20582.0,20074.0,28855.0,25730.0,20597.0,6106.0,29.0,0.0,0.0
231,504,230,582,238,659,249,737,271,812,313,882,369,940,441,980,522,991,597,972,657,922,700,859,729,789,742,718,751,647,756,577,754,505,283,454,318,411,373,398,430,407,482,431,563,432,609,407,661,396,712,410,738,456,520,474,522,535,525,595,528,658,457,681,489,694,523,707,555,694,584,680,338,485,368,467,403,470,440,492,402,496,366,496,585,492,620,470,654,469,683,488,655,496,621,495,392,763,442,761,485,758,519,767,551,757,590,761,630,762,590,794,555,810,521,815,485,811,442,795,408,767,485,778,519,783,553,777,614,767,553,779,520,786,486,781,597,0.0008762356613836906,18.331301633682436,0.989769848701807,895.9499455102186,0.3078196777831864,231.26792918634177,3565.468480407195,7.863566981786154,10.84592902054955,0.0007196550092060295,3.148799413043486,-0.42131028011238053,0.9982904530635803,333.0,1416.0,2261.0,3914.0,4854.0,5870.0,7630.0,9690.0,17791.0,31573.0,36370.0,34958.0,28551.0,20546.0,13342.0,9123.0,8727.0,6662.0,4043.0,1778.0,830.0,126.0,0.0,0.0,0.0,0.0,0.0,0.0,0.0,0.0,0.0,0.0,19.0,588.0,1390.0,2060.0,3157.0,4417.0,5064.0,5418.0,6203.0,9402.0,16592.0,29898.0,35223.0,32641.0,28735.0,22866.0,13750.0,10168.0,9850.0,7163.0,4084.0,1548.0,152.0,0.0,0.0,0.0,0.0,0.0,0.0,0.0,0.0,0.0,1.0,111.0,404.0,576.0,637.0,624.0,928.0,1424.0,2110.0,3409.0,3865.0,4478.0,5363.0,6190.0,8684.0,15764.0,25796.0,29090.0,28147.0,27484.0,19464.0,16042.0,12471.0,9642.0,9873.0,8831.0,6053.0,2854.0,73.0,0.0,0.0,0.0
126,456,128,546,133,637,158,721,210,792,283,847,364,894,442,933,522,941,585,927,623,877,657,818,690,754,710,686,722,613,725,540,718,473,290,434,338,405,393,394,448,405,502,423,586,425,620,408,656,396,691,398,707,427,543,478,553,523,565,568,576,615,483,648,520,656,558,667,590,657,615,642,347,482,382,469,419,464,446,486,415,497,379,497,593,488,623,469,654,467,672,483,656,499,624,497,419,759,466,732,519,716,552,722,578,713,607,725,621,755,606,792,581,812,549,817,513,816,465,797,441,758,517,755,550,756,578,752,608,755,579,754,550,758,517,757,598,0.0009072707846507301,24.766809427446802,0.9866278216177733,926.0037266089648,0.2940669463974203,164.05637319618984,3679.2480970084107,7.83718092207887,10.94569334298038,0.0005423242604084664,3.2725457152752595,-0.40114462319920313,0.9977201629746778,533.0,3469.0,6487.0,11439.0,44298.0,44742.0,33469.0,27860.0,19848.0,14578.0,12865.0,9855.0,6957.0,5700.0,4553.0,2937.0,2187.0,1390.0,732.0,336.0,167.0,79.0,78.0,46.0,11.0,6.0,7.0,5.0,4.0,2.0,2.0,2.0,84.0,1442.0,3545.0,5425.0,5459.0,14479.0,38500.0,42566.0,31392.0,24807.0,19262.0,15504.0,13004.0,11643.0,8467.0,5826.0,4194.0,3319.0,2572.0,1766.0,808.0,299.0,129.0,97.0,33.0,5.0,5.0,5.0,2.0,3.0,2.0,0.0,43.0,454.0,1290.0,2167.0,3036.0,3845.0,5254.0,7804.0,12724.0,19009.0,24865.0,31349.0,24231.0,18196.0,16433.0,15073.0,12599.0,10951.0,8121.0,6819.0,5890.0,5744.0,5640.0,5415.0,4139.0,2283.0,1016.0,220.0,22.0,6.0,6.0,0.0
140,480,145,570,163,659,187,742,231,816,292,876,362,923,440,957,522,954,592,930,640,873,685,815,720,752,741,683,754,613,758,543,750,470,240,459,295,427,362,418,429,425,493,445,571,441,614,417,661,403,708,399,742,422,529,493,534,552,539,612,544,672,451,689,491,702,535,713,570,698,599,677,315,498,355,480,395,479,431,502,393,505,354,505,590,494,624,466,661,461,693,475,665,488,629,491,369,766,430,757,487,751,526,758,562,745,596,741,629,740,600,786,567,817,528,828,487,829,429,810,389,768,486,778,525,780,562,770,610,748,564,769,526,781,487,781,599,0.0005875890714961941,33.39535980228818,0.9946292763409164,3109.0700228845344,0.3485243968799536,287.8636856758957,12402.88473173586,8.6113800042041,11.60445267126674,0.0005832593787339551,3.250033587877621,-0.4761410177646862,0.9996031950772387,0.0,236.0,2069.0,4038.0,5160.0,9219.0,17301.0,19813.0,13477.0,10129.0,9574.0,8115.0,9476.0,11764.0,10927.0,11569.0,12904.0,15203.0,18468.0,16788.0,12607.0,10886.0,9214.0,7298.0,4611.0,3325.0,2230.0,1687.0,1160.0,521.0,138.0,54.0,0.0,145.0,1194.0,2909.0,3890.0,4130.0,7430.0,12457.0,17600.0,14052.0,9915.0,6481.0,6823.0,7801.0,7921.0,9230.0,9803.0,9520.0,10832.0,12605.0,13132.0,17114.0,19582.0,15734.0,12573.0,10166.0,6577.0,4711.0,3074.0,1758.0,725.0,77.0,0.0,176.0,828.0,1410.0,1965.0,1837.0,1812.0,2338.0,4141.0,7757.0,8199.0,10080.0,9657.0,8444.0,6318.0,6174.0,5316.0,5623.0,6369.0,7460.0,7736.0,8638.0,8340.0,8335.0,9856.0,11043.0,13942.0,20524.0,23864.0,18326.0,16652.0,16801.0
236,540,241,615,247,690,256,767,275,840,312,901,363,950,424,986,500,995,584,985,666,951,739,909,797,853,830,782,844,702,852,621,861,539,280,448,300,395,351,367,409,364,465,379,543,382,602,363,668,365,727,393,763,443,491,450,486,494,481,538,475,586,434,646,458,654,485,661,517,653,550,645,342,489,368,470,403,466,437,483,403,494,368,497,583,479,615,461,653,464,688,482,652,491,615,489,399,774,431,749,462,732,491,739,520,730,563,745,612,770,565,789,525,795,496,797,467,796,435,790,416,772,463,759,492,761,521,759,593,769,523,767,495,769,466,767,6,0.0014146007890611715,20.325860970295352,0.9820433756169482,566.0261301223686,0.3435636407049257,201.96835123564884,2243.7786595191774,7.493330977130237,10.396312374312823,0.000685214532712047,3.107808877623568,-0.4012079739924442,0.9970374340473764,52.0,638.0,1196.0,2674.0,4018.0,7182.0,13568.0,19414.0,38256.0,56544.0,53379.0,34297.0,25067.0,24673.0,23342.0,11226.0,1977.0,304.0,53.0,33.0,25.0,33.0,40.0,52.0,17.0,3.0,0.0,0.0,1.0,0.0,0.0,0.0,9.0,381.0,841.0,1480.0,3166.0,4836.0,8435.0,14271.0,22113.0,48458.0,71830.0,40376.0,22250.0,21175.0,22099.0,19248.0,14398.0,2188.0,245.0,55.0,32.0,36.0,43.0,74.0,20.0,2.0,2.0,1.0,0.0,0.0,0.0,0.0,0.0,9.0,292.0,503.0,502.0,933.0,1551.0,1782.0,2164.0,3654.0,5769.0,8798.0,14816.0,25673.0,35873.0,44195.0,45917.0,26096.0,17273.0,17207.0,20403.0,21721.0,15259.0,7389.0,240.0,33.0,7.0,4.0,1.0,0.0,0.0,0.0
204,456,210,534,221,609,230,684,253,757,299,820,364,866,433,901,509,913,583,902,649,866,713,820,759,759,782,686,795,611,805,534,813,455,266,433,309,408,362,400,416,409,466,427,555,424,605,407,660,399,713,408,756,434,512,483,512,526,512,566,512,609,459,653,486,659,513,662,540,658,566,653,334,482,369,469,407,469,437,494,405,504,366,501,587,492,617,466,655,467,688,481,659,498,620,500,415,757,452,730,487,712,511,719,535,712,571,728,609,754,572,779,537,794,511,796,485,794,451,782,434,755,486,738,510,740,535,738,591,752,536,753,511,756,487,754,60,0.0017322886411110711,11.390539860258544,0.9971823876074983,2021.4265519784758,0.5163695300604523,344.54271749477266,8074.315668053681,8.275736280545196,10.289832229907129,0.0009678097678315374,2.56329975496383,-0.5882931914713594,0.9998929852394984,1189.0,2021.0,1774.0,1219.0,1470.0,1693.0,2036.0,2728.0,3999.0,4943.0,6086.0,7257.0,7845.0,8802.0,11919.0,12230.0,11215.0,12792.0,12172.0,11518.0,11382.0,11453.0,13322.0,12944.0,15509.0,17927.0,17785.0,12007.0,6864.0,1336.0,0.0,0.0,1135.0,1538.0,1790.0,1245.0,1125.0,1392.0,1707.0,1825.0,1835.0,2165.0,3018.0,4718.0,5949.0,6937.0,8803.0,9964.0,12769.0,13267.0,13941.0,13691.0,14375.0,13577.0,14331.0,15981.0,16632.0,19746.0,20997.0,12249.0,7260.0,1475.0,0.0,0.0,44.0,399.0,613.0,845.0,1080.0,980.0,635.0,504.0,474.0,501.0,651.0,930.0,967.0,1120.0,1256.0,1395.0,1444.0,1981.0,3028.0,4493.0,5165.0,6231.0,8387.0,12356.0,21939.0,29921.0,29312.0,29099.0,33667.0,29994.0,13522.0,2504.0
208,524,209,599,216,676,229,752,259,820,307,878,373,924,444,960,521,977,595,959,661,917,722,862,762,800,785,731,796,659,800,588,797,518,267,434,306,397,358,382,414,390,463,415,570,417,616,393,669,382,720,396,753,435,515,466,515,507,515,549,515,594,455,643,484,652,515,660,546,653,575,645,333,488,365,470,400,470,436,488,400,493,365,494,591,491,625,472,659,473,691,489,661,497,626,496,380,749,430,734,480,724,512,732,544,725,590,736,639,753,595,805,549,827,513,831,478,825,427,801,399,756,479,754,512,758,545,754,618,758,546,782,512,785,479,781,600,0.000507026731221543,43.02095731716864,0.9883498306337763,1846.271099194622,0.3047150917223126,191.40810811214263,7342.063439461332,8.408739885550865,11.663064745027906,0.0005173164978128162,3.4404524194948065,-0.4272227843468076,0.9989914962314622,1493.0,5289.0,6688.0,9110.0,14822.0,22505.0,25103.0,22749.0,23170.0,22924.0,22961.0,20325.0,18432.0,14444.0,11554.0,9640.0,7319.0,5601.0,5151.0,4680.0,2925.0,1452.0,571.0,193.0,67.0,19.0,8.0,14.0,4.0,2.0,2.0,0.0,1785.0,5380.0,7652.0,9598.0,14048.0,21824.0,21868.0,20827.0,20202.0,20431.0,18906.0,19640.0,18035.0,15447.0,13899.0,11470.0,9420.0,7277.0,5565.0,5203.0,5313.0,3457.0,1373.0,431.0,124.0,33.0,5.0,3.0,1.0,0.0,0.0,0.0,84.0,2243.0,3243.0,3026.0,3163.0,5042.0,8074.0,11082.0,10688.0,11177.0,12165.0,11931.0,12488.0,13748.0,13171.0,13745.0,13411.0,13704.0,14322.0,13616.0,13026.0,11916.0,11464.0,10813.0,9443.0,7524.0,6421.0,6712.0,6369.0,4104.0,995.0,307.0
194,505,200,585,211,661,223,738,249,809,298,868,362,918,434,954,512,962,586,951,648,909,701,856,740,795,758,724,769,651,779,581,785,507,264,451,301,402,365,384,429,392,492,411,550,409,604,389,662,383,719,404,748,453,523,464,525,517,528,569,531,624,462,656,494,666,526,678,557,668,585,655,335,488,368,469,405,469,440,491,403,496,367,497,586,490,620,469,655,469,685,488,657,497,622,496,392,738,444,728,489,723,522,733,554,724,595,731,636,739,593,768,554,783,520,787,486,783,442,768,411,744,488,751,522,755,555,752,618,745,553,752,521,756,488,752,601,0.001226679181848253,43.840733645368836,0.9824948299140716,1252.8155442249372,0.3248585550882137,300.3382048380562,4967.4214432543595,7.8059193665639555,10.915763912572972,0.0005069599454477896,3.480400948263877,-0.397530874142734,0.9975708852953022,48.0,519.0,1327.0,1846.0,2202.0,2546.0,2793.0,3023.0,3581.0,4077.0,5231.0,7119.0,8689.0,10544.0,13233.0,16159.0,20526.0,24476.0,29211.0,33911.0,35570.0,28875.0,11882.0,2430.0,59.0,5.0,5.0,4.0,0.0,2.0,3.0,6.0,35.0,384.0,1093.0,1711.0,2111.0,2621.0,3444.0,3008.0,3014.0,3431.0,4030.0,5471.0,7802.0,9905.0,12239.0,14190.0,18230.0,21570.0,26234.0,30333.0,38626.0,37321.0,20291.0,2700.0,82.0,11.0,2.0,2.0,4.0,3.0,2.0,2.0,12.0,38.0,239.0,674.0,1440.0,1961.0,1652.0,1819.0,2059.0,1841.0,1698.0,1712.0,2210.0,2583.0,3294.0,4006.0,5430.0,7246.0,10062.0,13315.0,16501.0,20149.0,26747.0,30956.0,40245.0,41259.0,26659.0,4038.0,52.0,3.0,0.0,2.0
249,497,250,569,255,642,261,715,276,787,313,850,367,903,427,947,505,961,588,956,667,923,737,875,791,814,821,739,834,660,841,579,844,497,275,458,305,417,358,408,411,419,463,439,542,437,597,414,655,403,715,412,760,449,497,481,494,528,490,577,487,627,442,666,467,675,495,684,527,674,557,666,334,487,364,467,404,467,436,493,400,501,362,501,587,492,619,467,658,466,691,485,662,500,623,500,390,756,428,744,466,736,497,745,531,736,580,746,628,757,581,793,534,811,498,814,464,810,427,794,410,763,466,765,497,769,532,766,609,762,532,766,498,769,466,765,602,0.0005697315494999799,42.737997642711456,0.9828656661965123,1247.367022921585,0.26702614099007055,250.55082687478495,4946.730094043616,8.092921930951686,11.509712528767626,0.0004400448749056863,3.5697373236744756,-0.3792483787826004,0.9974932642505983,868.0,2406.0,3843.0,4649.0,4788.0,6513.0,8751.0,12553.0,25745.0,33770.0,32299.0,34558.0,31997.0,24390.0,18858.0,12006.0,5611.0,2367.0,1011.0,407.0,130.0,56.0,29.0,16.0,7.0,3.0,2.0,1.0,1.0,3.0,2.0,25.0,170.0,1044.0,2022.0,2484.0,3263.0,4285.0,5071.0,6583.0,7850.0,9342.0,15033.0,20331.0,22821.0,25742.0,24879.0,25405.0,26526.0,23811.0,20247.0,12753.0,5155.0,1953.0,636.0,158.0,47.0,14.0,7.0,4.0,2.0,1.0,7.0,19.0,14.0,43.0,320.0,593.0,706.0,923.0,1561.0,1837.0,2814.0,4244.0,4714.0,5074.0,5938.0,6199.0,7202.0,9343.0,10591.0,11140.0,12365.0,13481.0,15430.0,16384.0,17870.0,18050.0,17211.0,18760.0,21592.0,19689.0,14591.0,7237.0,1510.0,239.0
231,470,235,547,249,622,262,697,284,769,324,832,379,886,440,932,512,949,588,938,661,897,724,842,769,772,795,694,809,614,821,532,825,450,271,438,312,413,362,412,412,423,459,442,554,438,605,417,658,406,712,409,761,429,501,485,499,540,496,595,493,651,451,676,474,687,500,696,530,687,557,677,332,485,365,465,404,467,437,495,400,501,362,500,587,494,620,465,660,465,693,482,664,499,624,501,403,755,439,742,474,735,503,744,534,737,576,745,624,757,576,789,536,804,503,806,471,802,438,786,420,760,473,763,503,767,535,764,605,760,534,763,502,766,473,762,603,0.0011395321973835459,16.02241897191601,0.9969091487435078,2592.2549523400094,0.4379833870044899,313.6347371397258,10352.997390388144,8.403187258961555,10.81460104646894,0.0008310879231080269,2.785087035185976,-0.540041998156471,0.9998137770761679,731.0,1308.0,1878.0,3826.0,7374.0,10477.0,11110.0,11033.0,11363.0,10487.0,10306.0,8816.0,8517.0,7897.0,7863.0,9232.0,13307.0,18822.0,19644.0,13566.0,12564.0,10642.0,14422.0,12441.0,7571.0,2330.0,290.0,46.0,1.0,0.0,0.0,0.0,161.0,564.0,839.0,1234.0,1601.0,2327.0,3833.0,5945.0,9687.0,10492.0,9572.0,8822.0,8202.0,9075.0,9213.0,9370.0,8677.0,8428.0,8140.0,9299.0,11788.0,15282.0,23428.0,18153.0,16112.0,18887.0,14957.0,3592.0,183.0,1.0,0.0,0.0,13.0,172.0,213.0,352.0,417.0,551.0,869.0,1234.0,1507.0,2042.0,2466.0,3147.0,4399.0,5678.0,5974.0,7565.0,7492.0,6496.0,6938.0,7694.0,7348.0,8313.0,7927.0,7738.0,8068.0,9102.0,10949.0,14455.0,25259.0,31802.0,31824.0,19860.0
265,515,257,579,255,645,261,717,282,786,318,851,363,913,417,964,497,981,582,969,655,928,720,873,776,813,811,742,825,666,829,590,830,517,284,466,307,417,354,391,409,392,461,410,538,410,599,393,663,394,721,420,759,470,497,472,493,508,489,544,485,583,416,628,452,634,490,643,533,633,572,627,333,497,364,481,397,480,430,498,396,498,363,499,586,496,622,479,656,479,688,495,655,497,620,497,352,722,398,690,452,678,494,686,537,680,601,691,662,724,604,798,541,830,493,835,446,829,394,795,370,725,451,710,494,715,538,711,646,727,540,781,494,787,449,779,604,0.0003329262780991257,82.0417607256185,0.9823942563971855,2329.9554087857105,0.24652591652881078,257.5252172825852,9237.779874417225,8.575954101873373,12.261096930825115,0.0003746338647466438,3.8755612988743913,-0.38339446618842193,0.9982889158392624,260.0,854.0,2368.0,10202.0,19106.0,16258.0,17090.0,17141.0,16910.0,17833.0,18223.0,17126.0,16479.0,15158.0,13371.0,11283.0,9294.0,8139.0,7210.0,5855.0,4664.0,3994.0,3858.0,3052.0,2683.0,2490.0,1828.0,1543.0,1358.0,1305.0,1565.0,2744.0,45.0,258.0,1080.0,1971.0,3833.0,7233.0,11233.0,11857.0,11125.0,13025.0,15946.0,16650.0,16916.0,17809.0,18069.0,17293.0,16463.0,15490.0,13374.0,11282.0,9581.0,8413.0,6776.0,5405.0,4515.0,3096.0,2296.0,1737.0,1446.0,1406.0,1400.0,4221.0,2.0,41.0,305.0,1070.0,1443.0,1720.0,1375.0,1882.0,3921.0,5874.0,6949.0,7378.0,7326.0,7735.0,8559.0,9883.0,11656.0,13395.0,14143.0,14916.0,15686.0,16937.0,16932.0,17839.0,17366.0,14570.0,11509.0,10352.0,10093.0,8298.0,6860.0,5229.0
185,453,194,535,209,615,227,692,257,764,309,825,373,874,441,910,510,919,573,905,626,861,672,809,711,749,734,683,748,614,763,543,771,472,255,436,305,406,366,396,425,408,483,428,571,430,619,411,669,403,718,407,753,436,525,484,525,532,526,580,526,628,468,664,494,670,522,677,547,670,572,663,331,482,366,464,406,467,440,495,403,502,362,501,586,494,616,465,655,464,688,481,659,499,620,500,407,747,454,737,492,729,518,738,543,728,576,738,613,747,577,771,544,786,518,790,491,787,454,773,424,749,491,753,518,757,543,752,598,750,544,753,518,758,492,753,61,0.0014663989860689273,16.077093032825523,0.9930615470151677,1158.5884243966948,0.46203718002574484,284.3619048966168,4618.276604553954,7.981683633015514,10.279827286311576,0.0008760567504268905,2.685955040278084,-0.5283623623264939,0.9996519546699469,431.0,910.0,1150.0,1587.0,1910.0,2194.0,3024.0,5644.0,8570.0,16455.0,22204.0,18248.0,18007.0,17092.0,18367.0,20381.0,21799.0,17463.0,15237.0,9860.0,5527.0,2940.0,489.0,72.0,10.0,6.0,2.0,4.0,1.0,3.0,1.0,3.0,138.0,745.0,856.0,976.0,1234.0,1627.0,1734.0,1881.0,2385.0,3869.0,6546.0,8945.0,16671.0,21913.0,17301.0,17650.0,17278.0,17797.0,20984.0,23644.0,22476.0,15420.0,5835.0,1490.0,171.0,20.0,1.0,0.0,2.0,1.0,1.0,0.0,55.0,303.0,385.0,492.0,504.0,567.0,702.0,767.0,797.0,810.0,959.0,1015.0,1361.0,1864.0,2640.0,3656.0,6493.0,7749.0,11526.0,16864.0,16279.0,16564.0,15763.0,17756.0,19064.0,19955.0,20772.0,22185.0,14458.0,7014.0,272.0,0.0
252,500,262,567,275,634,287,701,308,766,344,826,393,878,444,919,509,933,579,926,647,894,708,846,755,785,781,716,799,644,814,570,825,495,277,461,310,426,358,413,410,414,461,429,540,427,598,410,657,405,716,416,762,453,502,473,501,510,499,548,497,588,456,638,478,641,502,645,528,641,553,637,336,493,366,474,404,471,436,496,402,506,365,507,585,493,619,468,658,468,691,487,660,502,621,502,404,736,439,711,475,696,502,703,529,695,572,710,619,733,575,776,533,794,504,797,474,793,439,771,422,738,475,720,502,723,530,720,599,737,532,755,504,759,475,754,62,0.0005225287953369883,24.320524676287256,0.9954651327976107,2681.492011143696,0.3323786972725904,272.0543131420755,10701.64751989847,8.59938695249042,11.527771836582206,0.0006222420551834537,3.1937775804064144,-0.4837502144057986,0.999643653152461,915.0,2001.0,2678.0,3183.0,4391.0,5299.0,5591.0,8680.0,16010.0,15164.0,10633.0,10354.0,10975.0,11816.0,14953.0,15275.0,13528.0,12394.0,12623.0,11714.0,9449.0,8283.0,7938.0,7770.0,4770.0,3249.0,1531.0,197.0,0.0,0.0,0.0,0.0,920.0,1595.0,1678.0,2114.0,2783.0,3706.0,5848.0,7058.0,9671.0,12201.0,10749.0,8812.0,8198.0,8649.0,9236.0,9734.0,10274.0,12475.0,14534.0,13741.0,12492.0,12722.0,12120.0,10841.0,10611.0,9318.0,5571.0,3254.0,459.0,0.0,0.0,0.0,361.0,1057.0,835.0,854.0,1139.0,2247.0,3326.0,4970.0,5977.0,7667.0,8690.0,8749.0,8095.0,6978.0,6372.0,6521.0,6863.0,7591.0,8999.0,8738.0,10035.0,12670.0,13966.0,12901.0,11608.0,12691.0,14376.0,16403.0,13694.0,6651.0,340.0,0.0
180,438,183,529,193,621,210,712,246,795,300,864,365,929,437,980,517,990,592,971,647,909,688,841,721,769,743,693,757,613,763,534,765,456,258,449,302,415,362,406,421,417,480,439,582,440,630,420,678,408,727,412,749,452,530,493,533,552,537,611,540,672,464,682,497,696,531,711,563,697,588,679,334,486,366,472,403,472,436,495,400,502,362,501,585,494,618,469,656,466,685,481,660,498,622,499,389,758,437,758,483,759,518,766,549,758,583,756,621,753,586,804,553,824,518,830,481,826,434,803,408,763,482,778,518,783,550,777,603,763,551,782,518,788,482,783,63,0.0005243207035908376,46.346279001409265,0.9873798757138483,1836.3118294841238,0.2712842668246776,211.13870022900727,7298.90103893509,8.296478173126054,11.691188152043026,0.00045702743192425443,3.669381366391346,-0.39902789175586284,0.9983923175331603,1061.0,5808.0,9666.0,12094.0,14818.0,15803.0,14915.0,14061.0,15399.0,17741.0,16505.0,17568.0,17601.0,20591.0,22358.0,18599.0,11167.0,7307.0,3775.0,2252.0,1265.0,314.0,84.0,64.0,23.0,4.0,1.0,4.0,6.0,8.0,3.0,0.0,201.0,2380.0,6205.0,8266.0,10035.0,12533.0,13602.0,13963.0,12497.0,12061.0,12882.0,15909.0,15833.0,15286.0,18162.0,19977.0,21843.0,21039.0,13906.0,8693.0,3660.0,1584.0,214.0,74.0,32.0,9.0,4.0,9.0,5.0,1.0,0.0,0.0,6.0,260.0,1893.0,4065.0,5446.0,6047.0,7286.0,8913.0,10205.0,10332.0,9953.0,9234.0,8176.0,7762.0,7927.0,8983.0,9905.0,11922.0,13005.0,14511.0,15661.0,17080.0,19610.0,22108.0,16390.0,11390.0,2588.0,160.0,39.0,8.0,0.0,0.0
202,536,207,609,212,682,218,758,243,827,290,881,354,921,429,950,504,961,580,950,655,915,720,870,765,809,787,739,792,664,799,592,802,520,272,430,307,398,355,383,406,387,453,404,567,400,613,384,662,382,709,395,745,428,509,475,510,522,512,569,514,617,452,652,482,659,512,669,541,659,570,651,333,490,364,474,398,474,431,497,396,501,362,500,587,496,618,475,653,473,685,489,654,500,620,501,364,737,418,717,470,711,511,715,548,710,596,717,648,737,601,788,549,806,510,809,467,806,414,785,383,741,470,734,511,737,547,733,630,741,548,774,510,776,469,773,64,0.0012918089595009977,47.581957951235026,0.9806214716017303,1228.1765666764777,0.35822021759027434,313.9349263101474,4865.124308754661,7.864766624587572,10.831580891180643,0.0005957071462123435,3.2829962998174222,-0.42383543965374326,0.998359935369898,1587.0,2148.0,1928.0,1618.0,1613.0,2283.0,2890.0,3852.0,5200.0,7211.0,9217.0,13305.0,17702.0,22635.0,29678.0,33088.0,34707.0,35839.0,28986.0,14502.0,6772.0,3188.0,1831.0,1296.0,1226.0,956.0,286.0,82.0,40.0,20.0,17.0,58.0,508.0,1657.0,1506.0,1394.0,1355.0,1300.0,1316.0,1817.0,2828.0,3536.0,3792.0,4782.0,6438.0,8101.0,10750.0,15734.0,18967.0,26539.0,33878.0,34910.0,39982.0,36881.0,16040.0,5239.0,2445.0,1768.0,1612.0,489.0,86.0,47.0,26.0,38.0,31.0,282.0,785.0,1017.0,783.0,724.0,807.0,887.0,959.0,1012.0,930.0,1061.0,1344.0,1909.0,2691.0,2934.0,3236.0,3659.0,4445.0,5640.0,7229.0,11078.0,14609.0,17767.0,23594.0,30721.0,35071.0,40762.0,43789.0,18583.0,5883.0,1539.0
206,527,212,603,219,677,230,749,252,818,292,878,354,921,425,949,507,962,591,953,663,925,725,882,767,823,789,754,803,682,812,609,819,532,269,461,303,416,359,397,418,399,476,414,547,416,602,399,661,397,717,418,753,462,510,461,510,504,509,545,508,591,448,650,477,657,508,662,540,657,570,651,332,489,362,468,397,467,432,488,397,493,362,494,589,487,623,466,659,468,692,489,659,495,623,492,402,767,439,742,476,729,507,737,537,729,579,743,622,768,581,786,540,795,509,797,477,793,440,783,419,764,476,754,507,758,538,755,605,765,539,763,508,765,478,761,65,0.0008023371968446501,18.70100703971794,0.9920486262250674,1175.9407505660138,0.3199005985027662,284.74657297228805,4685.06199522434,8.05290728086721,10.973407044219407,0.0006535286028377921,3.1059140259018667,-0.4450400406340802,0.9989620777942728,31.0,427.0,1322.0,2300.0,4592.0,6380.0,6236.0,6706.0,9841.0,14046.0,17651.0,21235.0,24874.0,27506.0,28786.0,26649.0,24631.0,21074.0,11557.0,6837.0,6657.0,5926.0,2699.0,1608.0,938.0,160.0,0.0,0.0,0.0,0.0,0.0,0.0,0.0,86.0,581.0,1254.0,1869.0,2587.0,4332.0,5807.0,4956.0,5550.0,7891.0,10585.0,12975.0,15593.0,20299.0,25132.0,27559.0,29956.0,31937.0,27030.0,17821.0,8779.0,7785.0,6263.0,2856.0,1054.0,132.0,0.0,0.0,0.0,0.0,0.0,0.0,0.0,3.0,158.0,399.0,743.0,620.0,597.0,742.0,986.0,1471.0,2343.0,3007.0,3378.0,4305.0,5617.0,5474.0,6757.0,10178.0,12999.0,17069.0,21420.0,23921.0,28309.0,34542.0,30311.0,22165.0,19201.0,11959.0,6853.0,3137.0,2005.0
241,556,242,618,246,681,251,747,265,809,300,860,356,895,423,921,505,929,588,919,658,893,716,859,757,813,776,752,781,686,786,626,789,563,285,455,315,416,360,390,412,385,456,404,566,406,615,388,669,396,715,420,742,461,515,464,516,496,516,529,516,566,449,615,480,622,513,630,544,623,573,616,337,498,369,482,402,480,437,494,402,497,369,499,588,495,624,481,657,483,686,499,655,500,623,498,372,723,421,688,473,671,510,677,547,670,596,687,644,719,597,751,548,762,509,766,470,764,419,754,391,724,473,703,510,704,547,702,625,721,547,728,510,730,472,731,66,0.0016649189175843896,10.160030893708079,0.9945540341277169,933.0605060596272,0.4498174931611153,330.07821532955967,3722.0819933448074,7.823482250392136,10.08689908574231,0.0008349409013930584,2.632690375359925,-0.5223841951480397,0.9995519839046781,86.0,279.0,427.0,766.0,961.0,1141.0,1413.0,2240.0,3746.0,6115.0,8215.0,11198.0,16108.0,20415.0,20915.0,26302.0,26309.0,28444.0,28987.0,22383.0,12598.0,6173.0,3886.0,534.0,172.0,114.0,84.0,41.0,40.0,18.0,2.0,0.0,14.0,98.0,275.0,422.0,568.0,755.0,865.0,1051.0,1264.0,1465.0,2125.0,3606.0,5320.0,6456.0,8635.0,12378.0,17263.0,20789.0,21005.0,21443.0,25848.0,29133.0,28901.0,25287.0,10858.0,3602.0,353.0,154.0,77.0,55.0,30.0,17.0,0.0,0.0,11.0,50.0,106.0,176.0,195.0,241.0,264.0,292.0,434.0,612.0,813.0,832.0,1001.0,1376.0,2688.0,3101.0,4123.0,5204.0,7180.0,12310.0,17874.0,17737.0,19528.0,24860.0,30876.0,32307.0,28800.0,22653.0,11545.0,2923.0
241,487,246,560,259,632,271,702,291,773,326,835,377,887,438,923,514,934,589,925,651,887,699,836,731,774,748,707,759,637,770,568,777,496,284,448,317,410,369,399,421,407,473,425,561,423,612,406,662,399,712,411,742,451,514,476,514,524,514,572,513,622,460,656,485,664,511,671,538,664,563,657,342,487,369,467,406,468,436,490,403,498,367,499,589,492,619,469,655,468,684,487,658,501,622,500,411,759,447,736,482,723,511,733,540,724,573,736,607,757,573,777,540,787,509,788,479,786,445,777,427,759,480,751,510,755,540,752,591,758,539,751,510,756,481,752,67,0.0005386207983888642,57.43857968662987,0.9806025314296081,1480.9442603642383,0.26300326652743,252.9093731309611,5866.338461770312,8.187242776843478,11.700563792634725,0.00041484583402974414,3.716027704348282,-0.3740040668009126,0.9975052455506412,175.0,1104.0,2724.0,3227.0,3519.0,3783.0,4714.0,5684.0,7117.0,10686.0,13192.0,16983.0,21448.0,22231.0,20515.0,20698.0,21497.0,17908.0,13756.0,7897.0,4554.0,2160.0,381.0,81.0,44.0,24.0,14.0,5.0,3.0,1.0,4.0,8.0,138.0,1017.0,2320.0,2951.0,3033.0,3307.0,3814.0,4716.0,5618.0,6771.0,9542.0,11709.0,14031.0,18887.0,21322.0,19738.0,18318.0,19510.0,21425.0,16889.0,11933.0,5639.0,2880.0,509.0,55.0,38.0,10.0,5.0,3.0,1.0,4.0,4.0,42.0,233.0,1153.0,1829.0,2126.0,2145.0,2415.0,2554.0,2874.0,3653.0,3915.0,4913.0,5947.0,7191.0,8985.0,9737.0,11839.0,13548.0,15198.0,16000.0,15121.0,13177.0,13665.0,16467.0,16110.0,15042.0,12199.0,6549.0,1406.0,80.0,18.0,6.0
239,495,244,569,254,642,265,718,285,792,321,859,372,918,430,970,500,991,573,981,647,941,714,885,766,817,796,740,814,661,826,579,834,496,274,459,298,418,348,400,403,402,454,420,550,422,605,401,666,396,724,416,760,460,496,476,494,525,491,575,488,628,439,662,465,671,495,679,528,671,560,662,332,488,361,468,398,468,436,495,397,499,360,499,585,494,621,467,658,467,691,488,658,497,620,497,388,746,426,731,467,722,502,727,534,721,583,729,636,745,586,798,537,822,502,826,466,821,427,798,405,752,468,741,502,744,534,741,619,749,536,785,502,789,468,784,68,0.0007269780535667875,25.090040905709316,0.985998807215842,896.0180885996115,0.30156648093960103,187.97667635185627,3558.982313492741,7.923074457073211,11.039171871396977,0.0005661035121514965,3.298490756323223,-0.4070224471207782,0.9980650076511839,431.0,1773.0,4504.0,8363.0,14281.0,23024.0,27628.0,30548.0,36955.0,34738.0,24848.0,18197.0,15820.0,11289.0,9476.0,5497.0,2555.0,1113.0,628.0,145.0,13.0,1.0,4.0,1.0,2.0,0.0,0.0,1.0,2.0,1.0,0.0,0.0,278.0,909.0,1975.0,4337.0,7582.0,11596.0,18132.0,22803.0,25856.0,30319.0,33476.0,28987.0,22099.0,15517.0,15345.0,11297.0,9880.0,6897.0,2346.0,1603.0,533.0,60.0,2.0,3.0,0.0,2.0,0.0,1.0,1.0,2.0,0.0,0.0,28.0,373.0,635.0,911.0,1009.0,1283.0,2328.0,4156.0,6730.0,10566.0,14580.0,17306.0,18383.0,21629.0,25674.0,26429.0,22987.0,21270.0,17224.0,13101.0,12094.0,9762.0,8530.0,8330.0,5090.0,1360.0,67.0,1.0,2.0,0.0,0.0,0.0
210,490,215,569,225,645,239,719,267,789,318,846,383,892,453,927,522,937,584,920,639,876,688,824,725,768,750,700,760,629,767,561,768,490,270,438,315,408,373,400,427,408,475,427,566,422,611,402,659,392,710,397,749,423,525,476,527,523,530,568,532,616,464,654,496,661,529,670,560,661,586,651,337,491,371,474,406,474,442,495,407,501,370,502,594,490,630,468,663,464,695,479,666,492,632,494,380,727,435,709,490,700,525,707,559,700,606,707,649,719,605,777,560,802,524,807,487,804,434,780,397,730,490,724,525,728,559,723,632,725,559,767,523,772,488,769,69,0.0013969419107957787,43.22647723315799,0.9880862918375447,1814.0678512754926,0.42980746024776095,218.90109249022083,7213.044927868796,8.104447695336695,10.739943214850598,0.0008048701151663998,2.9698327877839983,-0.49000214858158736,0.9994639599589829,71.0,480.0,2432.0,4031.0,8929.0,11780.0,15996.0,12317.0,7909.0,7221.0,9695.0,13389.0,17132.0,24988.0,28928.0,25703.0,17186.0,9627.0,7420.0,3928.0,2613.0,2645.0,2040.0,888.0,223.0,47.0,24.0,6.0,0.0,0.0,0.0,0.0,96.0,1117.0,3530.0,7658.0,10490.0,15641.0,13139.0,7232.0,4369.0,3922.0,5859.0,9760.0,14009.0,16856.0,26789.0,33632.0,24669.0,12903.0,7682.0,5630.0,3913.0,3196.0,2047.0,1426.0,841.0,657.0,354.0,128.0,65.0,38.0,0.0,0.0,6.0,835.0,2989.0,6159.0,7286.0,8994.0,8515.0,7575.0,6770.0,7089.0,4723.0,2832.0,2181.0,2433.0,3092.0,4697.0,9819.0,16883.0,25282.0,37945.0,29537.0,18464.0,10587.0,5185.0,3674.0,2283.0,703.0,471.0,394.0,166.0,74.0,5.0
236,482,240,559,252,636,263,712,282,785,320,850,373,906,435,952,512,965,589,953,661,910,723,857,769,793,793,718,805,639,813,559,818,478,277,459,309,424,361,417,410,428,459,446,553,443,605,425,658,414,711,421,750,455,504,483,502,536,501,589,500,644,447,667,474,678,504,688,535,678,565,668,342,484,373,470,406,470,436,490,404,491,371,491,590,490,620,473,653,474,684,488,654,495,622,493,406,754,439,743,475,739,505,748,539,739,578,746,619,757,578,781,539,798,504,802,472,798,438,781,421,758,474,761,505,766,539,761,602,761,538,762,504,767,473,761,7,0.001887803438354069,15.347726258643553,0.9869665354807639,588.9851455251055,0.398542515243406,290.958485513842,2340.5928558417945,7.415997108511968,9.978883241908566,0.0009038644971000398,2.8918169624822534,-0.4458630761901504,0.9981995216924531,10.0,143.0,246.0,426.0,804.0,1276.0,2140.0,2745.0,3406.0,4378.0,5512.0,7237.0,11518.0,18613.0,29567.0,36591.0,41112.0,28653.0,26110.0,16579.0,8729.0,3395.0,807.0,49.0,1.0,0.0,0.0,0.0,0.0,0.0,0.0,0.0,0.0,40.0,263.0,336.0,571.0,922.0,1489.0,2145.0,2914.0,3597.0,4311.0,5646.0,8051.0,12807.0,21749.0,34191.0,38674.0,39768.0,41565.0,24290.0,5963.0,696.0,57.0,2.0,0.0,0.0,0.0,0.0,0.0,0.0,0.0,0.0,0.0,5.0,4.0,15.0,110.0,288.0,323.0,317.0,378.0,451.0,605.0,785.0,1104.0,1469.0,1956.0,2353.0,3088.0,3850.0,5803.0,9779.0,16142.0,23081.0,24768.0,26088.0,30864.0,39273.0,40717.0,15439.0,992.0,0.0,0.0,0.0
215,451,221,540,231,624,244,705,266,784,310,855,364,918,429,970,512,987,599,974,673,928,733,864,778,789,803,707,818,621,828,530,834,436,266,461,305,428,359,419,415,427,470,443,538,443,593,423,652,414,712,422,759,454,503,479,502,541,500,603,499,667,438,679,468,695,502,707,538,694,570,680,330,485,362,470,400,469,435,490,398,496,362,496,584,490,621,467,660,466,695,482,661,495,623,495,383,753,427,755,469,753,503,761,537,754,583,756,634,755,586,801,541,822,504,826,468,819,427,797,401,758,468,767,503,773,538,769,616,760,539,790,504,794,469,787,70,0.0008021656219719671,18.31300049288891,0.9921390034642515,1164.752837473431,0.32242394074363523,272.8291086401953,4640.698349400831,8.039258540012336,10.96739174237348,0.0006825993413411041,3.1029318261881462,-0.443028237552919,0.998917657968048,638.0,1491.0,3905.0,4480.0,4489.0,4842.0,6406.0,7918.0,10428.0,13063.0,16007.0,18312.0,19069.0,19255.0,19702.0,18650.0,19117.0,19815.0,21456.0,16731.0,11186.0,8027.0,5294.0,2196.0,551.0,7.0,0.0,0.0,0.0,0.0,0.0,0.0,283.0,329.0,778.0,1806.0,2920.0,3392.0,3421.0,3954.0,4850.0,6645.0,9544.0,12533.0,13920.0,17382.0,24665.0,24402.0,24431.0,26035.0,27400.0,23411.0,17437.0,13141.0,6858.0,2630.0,742.0,117.0,9.0,0.0,0.0,0.0,0.0,0.0,10.0,53.0,118.0,197.0,479.0,648.0,782.0,819.0,1304.0,1535.0,2136.0,2430.0,2756.0,3200.0,4162.0,6516.0,9386.0,12656.0,17399.0,22583.0,27790.0,28737.0,29081.0,28465.0,27693.0,21280.0,13705.0,6250.0,855.0,10.0,0.0,0.0
208,476,205,559,209,643,223,727,251,804,302,874,363,932,434,978,512,992,588,974,648,919,705,857,749,788,775,713,785,635,787,559,785,484,269,456,305,410,365,396,426,405,485,424,555,426,608,405,664,398,718,411,747,456,519,478,520,526,522,575,523,627,447,662,482,669,520,678,555,667,589,658,330,492,365,478,399,479,434,495,398,495,363,495,596,492,629,478,661,479,692,492,662,495,630,495,363,741,422,727,481,720,520,727,561,719,611,725,655,740,614,813,566,853,521,861,476,857,417,822,382,749,480,745,520,748,562,744,636,747,563,802,520,810,478,805,71,0.0005599391936463885,31.983719103262807,0.9917566689675641,1939.9538952289638,0.31980535340899685,170.09971345373785,7727.831861812599,8.340165154363927,11.475011240294702,0.0006305297889221197,3.336937582339731,-0.43763233161267273,0.9991037970453893,755.0,5442.0,20624.0,31960.0,29355.0,24876.0,24082.0,22675.0,17461.0,13392.0,13497.0,14000.0,12458.0,11779.0,9389.0,6936.0,4442.0,3900.0,2295.0,1585.0,1413.0,656.0,231.0,70.0,1.0,0.0,0.0,0.0,0.0,0.0,0.0,0.0,554.0,2888.0,11170.0,24139.0,24823.0,22877.0,20577.0,20354.0,21607.0,17073.0,13972.0,12824.0,12243.0,12250.0,10649.0,10168.0,10839.0,8554.0,5026.0,4198.0,2564.0,1637.0,1176.0,708.0,229.0,170.0,5.0,0.0,0.0,0.0,0.0,0.0,0.0,528.0,2627.0,8781.0,13144.0,15782.0,13113.0,11645.0,11502.0,11746.0,13223.0,14398.0,12848.0,11763.0,11693.0,10825.0,10248.0,9868.0,9763.0,9929.0,9998.0,8665.0,8235.0,8609.0,8761.0,8987.0,7571.0,6077.0,2599.0,338.0,7.0,1.0
84,494,88,588,94,681,119,772,177,844,262,894,364,924,464,943,544,949,601,930,630,879,649,819,660,757,674,695,688,632,688,572,677,514,289,399,342,377,399,368,455,379,507,403,595,409,619,390,645,379,669,376,689,391,555,474,569,514,585,554,601,596,509,653,540,662,569,670,592,662,609,649,344,481,382,459,421,459,449,489,415,498,377,497,576,493,606,467,640,466,656,491,638,506,606,504,429,767,491,737,540,720,566,728,586,720,608,737,616,770,604,792,583,806,562,809,533,806,487,793,453,767,536,756,563,758,581,757,603,766,584,762,565,764,537,763,72,0.0008583145793408058,29.191153432597737,0.9871689356442006,1137.7025761728487,0.3114685715196701,247.4794707013475,4521.619151258808,7.966749033384067,11.030441179015007,0.0005663294460009837,3.2701388918141703,-0.4181381783283042,0.9983968386516378,1160.0,5210.0,7360.0,10559.0,15834.0,22136.0,34787.0,48491.0,34879.0,29955.0,29220.0,23474.0,12730.0,4873.0,1375.0,343.0,88.0,21.0,9.0,7.0,2.0,3.0,0.0,1.0,2.0,1.0,1.0,0.0,0.0,1.0,0.0,0.0,480.0,2153.0,3739.0,4334.0,4645.0,5714.0,6162.0,7584.0,9023.0,12014.0,14094.0,18427.0,31064.0,40194.0,28236.0,23627.0,22865.0,21728.0,14723.0,8105.0,2854.0,682.0,65.0,5.0,2.0,1.0,1.0,0.0,0.0,0.0,1.0,0.0,1.0,59.0,484.0,939.0,1408.0,1520.0,1623.0,1461.0,1523.0,1862.0,2158.0,2297.0,2268.0,2717.0,3007.0,3654.0,4721.0,6293.0,8191.0,9638.0,11749.0,14712.0,22317.0,31963.0,27526.0,25786.0,27040.0,26232.0,20612.0,11502.0,6310.0,949.0
201,488,208,567,222,642,235,713,259,783,304,843,369,890,439,926,515,939,589,923,654,884,709,832,748,772,771,706,786,636,798,563,805,487,262,453,305,421,362,408,422,411,476,431,547,427,603,409,662,406,719,420,760,455,516,475,516,515,516,556,517,598,459,643,487,652,516,658,544,651,570,643,331,486,365,465,403,465,437,493,400,497,363,496,587,492,622,463,658,464,693,485,661,495,624,495,392,735,434,713,481,701,512,708,544,701,591,714,633,734,593,786,548,809,514,814,480,810,433,787,406,738,482,724,513,727,545,724,619,737,546,772,513,776,481,772,73,0.0015084883886435352,8.493352072291126,0.9975880109694067,1760.5251257622522,0.4851106735436107,237.03431712388584,7033.6071509767135,8.28242772519805,10.439263499063625,0.001001668853584196,2.492774176629575,-0.5672734960507555,0.9998547192963327,338.0,2223.0,3746.0,4253.0,4358.0,7412.0,11616.0,16495.0,25502.0,33784.0,23589.0,15219.0,12845.0,12281.0,11514.0,10053.0,8531.0,8552.0,8079.0,6869.0,6205.0,5296.0,4140.0,3225.0,1908.0,1208.0,108.0,0.0,0.0,0.0,0.0,0.0,149.0,1220.0,2675.0,3772.0,3841.0,4687.0,5503.0,7792.0,13039.0,18481.0,30774.0,30884.0,18711.0,13988.0,12623.0,10517.0,9873.0,8735.0,8059.0,8920.0,7620.0,6218.0,5578.0,6230.0,4607.0,2744.0,1755.0,353.0,1.0,0.0,0.0,0.0,0.0,56.0,892.0,1616.0,1578.0,1095.0,1198.0,1481.0,2111.0,2357.0,3302.0,4148.0,4931.0,7483.0,11848.0,17494.0,27526.0,27939.0,23969.0,17690.0,11595.0,9982.0,9591.0,10327.0,10125.0,8766.0,7572.0,8731.0,7147.0,5206.0,1562.0,31.0
327,505,312,567,307,633,324,704,351,772,381,840,413,908,442,969,496,995,572,993,661,966,749,924,828,869,884,799,911,708,917,615,923,521,332,416,341,381,375,373,410,381,444,402,505,403,562,376,630,370,695,391,742,436,471,476,455,519,439,560,422,603,408,658,426,672,449,680,482,676,519,668,360,486,380,468,410,470,445,491,411,493,380,493,566,493,596,474,634,477,675,492,635,498,597,498,415,768,417,739,436,727,459,734,487,729,548,747,614,779,558,835,504,856,472,858,445,852,425,824,428,771,439,756,462,757,490,758,596,780,498,814,468,813,443,807,74,0.00093469021269466,28.692631573516476,0.9865428344026426,1066.3246834907504,0.3282718876928426,265.0214414043057,4236.606102389502,7.980796100287474,10.945900069344336,0.000601885067066999,3.1639660522548674,-0.43364846730685075,0.9987081902306257,6.0,39.0,555.0,3940.0,3972.0,4083.0,4382.0,7783.0,13430.0,18959.0,28942.0,40671.0,47241.0,32322.0,20573.0,17037.0,12758.0,10482.0,7931.0,4694.0,2827.0,2488.0,2381.0,1789.0,2812.0,884.0,934.0,395.0,152.0,1.0,0.0,0.0,0.0,17.0,114.0,2081.0,3164.0,3291.0,3294.0,3341.0,4696.0,6845.0,10232.0,15690.0,21798.0,27434.0,36609.0,44780.0,31016.0,20086.0,14892.0,12000.0,10481.0,7484.0,4649.0,2035.0,4112.0,2335.0,1239.0,572.0,170.0,5.0,1.0,0.0,0.0,0.0,1.0,88.0,1172.0,1415.0,1734.0,1871.0,2042.0,1790.0,1855.0,2390.0,2878.0,3867.0,5190.0,6968.0,10251.0,13308.0,17273.0,20942.0,26389.0,37752.0,42365.0,26061.0,21881.0,17077.0,14200.0,8339.0,3382.0,1696.0,219.0,67.0
259,524,266,591,277,659,285,726,299,790,332,849,380,894,438,929,509,939,584,931,653,898,711,853,751,792,770,720,782,649,797,578,805,504,283,455,316,415,369,408,423,419,478,433,542,430,600,413,656,402,713,411,753,448,502,472,499,519,496,566,494,614,456,660,477,666,500,673,527,667,554,663,340,490,367,470,403,470,435,491,401,499,366,501,587,489,619,464,657,465,686,483,659,497,622,496,404,765,437,741,472,728,503,737,537,729,577,744,619,764,576,781,534,788,500,790,467,788,434,782,418,764,472,754,504,758,537,755,602,764,534,756,500,759,469,756,75,0.0006842555574766416,31.286405466294447,0.9958474937213676,3767.238300727484,0.33116874033631377,265.74741564312046,15037.666797443617,8.435322334144084,11.492007376341853,0.0005434777231751559,3.31921094281598,-0.45620503036281596,0.9993830280793237,623.0,5159.0,6958.0,8682.0,11121.0,22609.0,23070.0,13250.0,8242.0,5801.0,5320.0,5650.0,6017.0,5769.0,5115.0,6720.0,11758.0,15144.0,16019.0,13429.0,14261.0,12733.0,6198.0,2124.0,492.0,95.0,49.0,42.0,30.0,3.0,0.0,0.0,27.0,1596.0,4802.0,5508.0,6521.0,5889.0,8752.0,17844.0,21151.0,12296.0,8724.0,5868.0,4827.0,4509.0,4378.0,5134.0,5502.0,5549.0,4799.0,4304.0,5886.0,10147.0,16798.0,21354.0,18841.0,15243.0,5367.0,702.0,95.0,57.0,13.0,0.0,0.0,44.0,862.0,1954.0,2614.0,3296.0,3491.0,3311.0,3545.0,4055.0,6197.0,11369.0,16391.0,16373.0,9103.0,6071.0,4817.0,4088.0,3929.0,4179.0,4048.0,4208.0,4902.0,5858.0,6838.0,7557.0,9803.0,16474.0,19621.0,23409.0,19447.0,4629.0
69,525,78,623,95,725,127,820,193,896,285,945,381,975,481,990,556,990,604,962,627,896,650,830,670,765,692,700,711,635,698,569,674,514,258,425,315,400,381,387,446,392,506,418,589,426,611,406,637,394,660,385,681,397,558,485,578,530,600,576,623,621,521,669,556,676,587,682,610,676,627,662,340,488,381,460,425,460,456,498,420,505,379,502,572,499,601,462,637,459,654,488,639,504,604,504,402,769,478,734,549,717,581,722,603,716,625,728,623,760,616,809,595,838,571,844,537,842,469,822,419,769,546,746,577,746,598,745,611,761,595,797,574,803,542,805,76,0.0009688343825213904,35.12103465711907,0.9930832968229172,2539.5178494451466,0.3995172815940418,317.3208564191275,10122.95036312347,8.444990899211671,11.181210477742292,0.0006783951808204431,3.0988413428268684,-0.4989732303266391,0.9996717680287264,404.0,1499.0,2886.0,4502.0,6327.0,6675.0,7157.0,8219.0,9549.0,10540.0,11257.0,8634.0,8799.0,9653.0,9320.0,10713.0,12489.0,13709.0,15832.0,18862.0,19624.0,20891.0,22167.0,20339.0,13718.0,10048.0,5396.0,4190.0,1980.0,732.0,124.0,68.0,274.0,1095.0,2124.0,3352.0,4449.0,5143.0,6121.0,7066.0,7365.0,7544.0,8294.0,10043.0,11878.0,10411.0,9356.0,10332.0,10784.0,13273.0,13890.0,16122.0,20700.0,23421.0,23798.0,24706.0,18211.0,13580.0,5883.0,4002.0,1749.0,972.0,330.0,35.0,19.0,73.0,282.0,635.0,1062.0,1335.0,1992.0,2755.0,3307.0,3206.0,3424.0,3660.0,3744.0,3684.0,3615.0,3407.0,3525.0,3949.0,4697.0,4817.0,5755.0,7430.0,10108.0,9936.0,10926.0,12814.0,15504.0,23586.0,35164.0,49482.0,48063.0,14347.0
208,537,209,614,214,692,227,768,255,841,304,903,372,952,446,986,526,993,601,978,668,937,725,884,767,818,787,745,792,672,794,601,796,531,271,455,306,412,363,398,420,406,474,427,566,424,618,406,672,400,722,418,749,460,520,475,520,523,521,570,522,620,449,656,484,664,521,674,554,662,586,652,338,490,370,473,404,476,438,495,403,495,369,494,591,495,624,475,656,476,686,492,657,496,625,496,360,752,418,731,476,722,517,727,559,719,613,726,659,743,616,798,565,823,521,829,477,827,418,806,373,754,476,741,518,743,560,737,643,747,563,794,520,800,477,798,77,0.0008471561192537674,19.51931224367054,0.9968497693395479,3098.034332830844,0.39834808884648454,254.17469876129076,12372.618019079711,8.45465983963311,11.092542317692413,0.0007079738652806967,2.903924873390424,-0.512894831477322,0.9997365070903926,1041.0,1670.0,2676.0,7316.0,16196.0,26063.0,24650.0,26398.0,22391.0,11397.0,9216.0,9317.0,8121.0,6740.0,6631.0,7053.0,7334.0,7775.0,8169.0,10465.0,15169.0,22064.0,13951.0,7371.0,3281.0,949.0,459.0,370.0,257.0,176.0,138.0,97.0,470.0,1441.0,2043.0,3508.0,7004.0,13427.0,23091.0,25614.0,21996.0,23893.0,14437.0,9172.0,9046.0,8718.0,7136.0,6082.0,5949.0,6913.0,7100.0,7176.0,9085.0,11324.0,17662.0,20478.0,12094.0,6116.0,1873.0,753.0,555.0,473.0,169.0,103.0,0.0,158.0,464.0,417.0,646.0,773.0,931.0,1064.0,1824.0,2499.0,4214.0,6197.0,9342.0,14664.0,19623.0,19068.0,18162.0,14746.0,13537.0,9925.0,7580.0,7380.0,8223.0,9246.0,6553.0,5967.0,7372.0,10046.0,13101.0,17227.0,25282.0,28670.0
289,476,285,545,287,619,299,691,323,763,357,830,401,890,457,940,529,953,604,940,670,897,723,842,766,779,800,707,814,629,816,551,814,471,300,444,325,407,373,399,420,411,465,430,546,432,596,411,648,400,701,410,737,447,504,486,500,533,497,577,492,625,434,651,464,662,498,672,535,663,569,654,347,485,372,467,404,467,435,491,403,498,370,498,586,492,615,470,650,471,682,488,651,500,617,499,412,765,439,748,471,737,500,746,533,737,577,748,620,766,584,803,542,819,506,822,474,818,441,802,427,764,472,765,502,769,535,765,603,765,538,769,504,774,474,769,78,0.0007258152080364447,49.2570979354128,0.9723441287806862,890.6084218299034,0.2826674664348886,190.13396240021626,3513.1765893842094,7.886700343912813,11.14513268816018,0.0004906957381777118,3.447825194985729,-0.38374798376664493,0.9971821289630285,0.0,2.0,129.0,933.0,3435.0,11608.0,23658.0,30922.0,28498.0,26644.0,23670.0,18940.0,14989.0,12054.0,9153.0,7425.0,5413.0,3808.0,2818.0,1804.0,1285.0,1044.0,792.0,693.0,483.0,325.0,231.0,103.0,87.0,43.0,21.0,25.0,0.0,24.0,169.0,778.0,2159.0,6701.0,13945.0,20293.0,22741.0,26460.0,26486.0,24348.0,22158.0,17460.0,13160.0,10883.0,8256.0,4955.0,3060.0,1987.0,1407.0,1096.0,899.0,672.0,360.0,296.0,130.0,76.0,47.0,17.0,10.0,2.0,0.0,21.0,110.0,250.0,952.0,2175.0,4753.0,8495.0,10438.0,14314.0,15372.0,18731.0,21388.0,22248.0,22540.0,21007.0,16633.0,13799.0,11496.0,8356.0,5939.0,4752.0,2716.0,1788.0,1633.0,762.0,198.0,95.0,42.0,21.0,9.0,2.0
261,505,259,578,264,654,274,730,294,805,331,873,379,938,436,990,508,1008,585,996,654,954,715,898,763,828,792,752,808,671,822,589,828,505,287,427,311,395,354,379,400,382,441,400,572,400,619,380,672,379,719,400,755,433,500,480,494,540,488,598,482,657,437,674,460,690,490,702,523,689,554,678,337,488,366,466,404,468,437,496,401,500,364,500,586,496,620,467,658,466,688,488,660,499,622,500,386,751,425,740,467,737,502,744,539,739,596,743,655,756,601,819,544,841,503,844,466,838,422,813,404,757,467,758,502,763,539,760,639,760,543,811,504,812,467,806,79,0.0010441341049947067,72.37652037507056,0.9653631455436595,1045.0968592471263,0.32797610762534607,294.4045466248393,4108.010916613439,7.888731605376467,11.02426548326264,0.0005415802416979723,3.4306820831776514,-0.4011585663225088,0.9977933658468119,189.0,533.0,1095.0,1282.0,1288.0,1893.0,1996.0,2120.0,2564.0,4108.0,6328.0,8746.0,11783.0,15526.0,19191.0,26570.0,35066.0,37744.0,33530.0,28837.0,20248.0,11125.0,5801.0,3196.0,1510.0,314.0,119.0,91.0,85.0,44.0,50.0,41.0,138.0,566.0,1046.0,1259.0,1257.0,1606.0,1908.0,2039.0,2360.0,3081.0,5086.0,7930.0,10848.0,13589.0,15718.0,18851.0,26474.0,35476.0,36962.0,34284.0,28249.0,17907.0,8806.0,3756.0,1999.0,859.0,524.0,174.0,79.0,55.0,43.0,84.0,20.0,96.0,194.0,470.0,737.0,797.0,1073.0,1501.0,1689.0,1654.0,2013.0,2108.0,2674.0,3622.0,4661.0,5775.0,7622.0,9560.0,11616.0,14582.0,18248.0,23611.0,32840.0,35592.0,32753.0,30602.0,22379.0,10187.0,3555.0,530.0,141.0,111.0
235,493,242,565,252,634,264,702,288,765,332,815,391,854,451,889,515,899,577,886,640,854,705,821,761,776,794,714,812,643,827,569,839,491,263,466,297,431,348,418,400,424,450,441,558,437,613,420,669,411,725,421,768,451,504,483,503,522,502,561,500,602,452,637,477,643,502,649,529,643,557,639,333,492,368,476,402,476,432,499,400,497,365,496,591,497,624,475,659,476,695,490,661,495,625,496,389,713,432,697,476,688,504,695,534,689,583,701,635,713,585,759,536,780,504,782,474,779,431,757,406,715,475,704,504,708,533,706,619,716,534,747,504,750,475,746,8,0.002263291897973546,15.608781882263944,0.9941535244148221,1335.0394925882993,0.5199150473349788,386.7445203362319,5324.549188470897,7.865611990643408,9.856356431517522,0.0009608558914087579,2.5559439612119172,-0.5674681501805782,0.99977407426718,158.0,587.0,927.0,826.0,739.0,717.0,748.0,904.0,1161.0,1293.0,1518.0,1881.0,2209.0,2658.0,3980.0,4859.0,6158.0,9904.0,12999.0,18376.0,32181.0,26370.0,18935.0,16812.0,14818.0,11228.0,8324.0,8984.0,7522.0,5101.0,2427.0,12.0,75.0,302.0,694.0,901.0,736.0,620.0,625.0,767.0,853.0,1029.0,1267.0,1325.0,1308.0,1591.0,2325.0,3012.0,3393.0,4252.0,5612.0,8226.0,12821.0,19484.0,30386.0,28236.0,23387.0,20637.0,14639.0,10561.0,9674.0,10268.0,6203.0,107.0,0.0,36.0,124.0,212.0,470.0,563.0,555.0,471.0,425.0,481.0,513.0,504.0,506.0,594.0,702.0,737.0,886.0,979.0,1015.0,1183.0,1584.0,1883.0,2237.0,3346.0,5111.0,9881.0,15797.0,24922.0,37272.0,42860.0,30770.0,38697.0
199,521,207,601,211,678,226,756,253,826,298,884,363,925,433,953,517,960,600,954,671,921,735,879,777,821,799,750,808,675,811,599,816,521,279,465,310,428,361,408,416,410,471,425,546,432,600,416,659,409,715,428,747,474,511,475,511,516,510,559,509,605,447,653,475,660,508,667,540,662,569,654,337,492,363,468,398,466,432,492,397,499,363,500,587,495,620,470,656,470,684,493,655,501,619,500,398,769,435,746,474,734,507,740,535,732,575,745,618,769,576,781,540,784,511,785,478,783,440,778,413,765,475,753,508,755,537,752,601,765,538,759,511,762,477,759,80,0.0004532153941149872,38.85289326322258,0.9897219555419653,1890.170132918348,0.2788429719488121,300.6423856106957,7521.827638410166,8.414945618022955,11.780644900248538,0.00046252291663831727,3.54346774888233,-0.41225472429278137,0.9987768403839172,419.0,1041.0,1378.0,2207.0,3769.0,4683.0,5288.0,6868.0,8766.0,12769.0,18131.0,17990.0,18553.0,16363.0,15514.0,15193.0,14806.0,15189.0,16581.0,18913.0,16950.0,12955.0,10155.0,7935.0,6663.0,4588.0,2212.0,921.0,376.0,93.0,9.0,0.0,104.0,687.0,849.0,1115.0,1656.0,2681.0,3996.0,4399.0,4246.0,5567.0,7433.0,9656.0,13001.0,18197.0,19160.0,20178.0,17018.0,16466.0,15672.0,14965.0,15597.0,19064.0,18479.0,14486.0,11377.0,9022.0,6810.0,3702.0,1313.0,355.0,27.0,0.0,3.0,25.0,121.0,338.0,471.0,764.0,816.0,877.0,1148.0,1571.0,2425.0,2665.0,3496.0,4254.0,4654.0,6378.0,7659.0,10424.0,12396.0,17319.0,20044.0,19483.0,16941.0,15717.0,16690.0,17297.0,18550.0,18949.0,17799.0,13576.0,11581.0,12847.0
181,476,197,556,214,631,233,705,266,769,319,816,387,851,453,884,519,892,582,876,641,842,700,805,745,755,769,689,779,618,790,546,802,469,248,459,290,421,347,406,409,409,468,423,569,428,624,413,679,407,733,417,766,451,520,485,521,521,523,557,526,595,465,639,494,642,522,646,550,642,575,638,328,491,364,464,407,465,439,500,405,508,361,507,585,499,616,462,658,460,694,484,663,502,620,504,414,732,455,710,495,697,519,702,543,696,582,709,618,726,584,768,547,783,521,786,494,784,455,770,433,731,495,714,519,716,544,714,599,728,545,748,520,751,495,750,81,0.0020375666946922787,16.286575503757078,0.9898624151693145,803.3943218118256,0.4776463092710034,322.578078721973,3197.290711743539,7.705111646549676,9.944822266229547,0.0008772976478208784,2.631070153604541,-0.5181538306101526,0.9994733244122447,0.0,0.0,27.0,204.0,331.0,461.0,517.0,677.0,1213.0,2521.0,6834.0,10566.0,12306.0,13035.0,18713.0,23654.0,26255.0,26990.0,27849.0,26251.0,18699.0,8265.0,2968.0,831.0,312.0,220.0,143.0,48.0,12.0,6.0,3.0,23.0,0.0,5.0,61.0,223.0,367.0,319.0,436.0,593.0,889.0,1669.0,3214.0,3861.0,5620.0,8793.0,10448.0,11592.0,15482.0,19589.0,25071.0,29097.0,30363.0,26874.0,21492.0,10480.0,2830.0,331.0,165.0,31.0,16.0,11.0,5.0,7.0,0.0,0.0,0.0,37.0,124.0,187.0,229.0,302.0,389.0,539.0,866.0,1104.0,1070.0,1042.0,852.0,1205.0,2453.0,4932.0,6310.0,7110.0,8289.0,9907.0,13133.0,15739.0,19667.0,24301.0,30651.0,34275.0,27345.0,14175.0,3533.0,168.0
153,500,158,583,170,668,191,754,235,829,297,889,370,934,448,963,521,965,582,940,624,884,664,826,699,764,722,697,736,631,737,565,725,500,250,434,301,401,365,388,431,392,492,416,583,416,619,397,660,389,700,390,723,417,541,482,548,533,556,585,565,638,478,674,513,682,548,689,576,680,600,666,323,488,363,470,403,470,442,496,402,501,361,501,588,494,620,467,656,466,685,483,660,497,623,498,390,764,452,748,509,736,540,742,568,733,600,739,627,750,599,791,569,816,538,825,504,825,448,806,408,765,508,769,540,770,569,764,608,755,568,773,539,781,507,781,82,0.0013079361549669269,34.46995141782973,0.9944417832443632,3101.58196473967,0.4299173811384557,338.40481347898276,12371.857907540834,8.394498158094486,10.92784264332855,0.0007654610724188724,3.0272794554757048,-0.5231280834489057,0.9997566212608239,4163.0,4842.0,5169.0,4322.0,3224.0,3572.0,3719.0,4010.0,4239.0,5336.0,5134.0,5235.0,6371.0,7493.0,7596.0,8575.0,9429.0,11142.0,12686.0,13737.0,13910.0,14480.0,15263.0,15980.0,21145.0,18106.0,15633.0,13351.0,6696.0,79.0,0.0,0.0,2025.0,3456.0,3513.0,3907.0,3373.0,3089.0,2926.0,3147.0,3375.0,3453.0,3721.0,4042.0,5080.0,5055.0,5683.0,6995.0,8847.0,9712.0,10292.0,11292.0,14298.0,15078.0,16735.0,17875.0,20617.0,23811.0,21265.0,19320.0,12087.0,568.0,0.0,0.0,360.0,1028.0,1373.0,1800.0,2118.0,2512.0,2507.0,2058.0,1938.0,2013.0,2039.0,2438.0,2563.0,2449.0,2593.0,2794.0,3016.0,3708.0,4384.0,4451.0,4951.0,5920.0,7840.0,10052.0,12501.0,15721.0,21245.0,29503.0,35931.0,38840.0,33247.0,744.0
262,501,257,573,261,645,269,719,285,792,319,858,367,914,422,962,489,985,567,976,647,946,724,900,786,836,823,761,841,679,854,594,861,507,285,450,312,414,358,400,408,407,452,425,530,426,585,406,645,399,704,418,748,456,486,480,480,533,474,586,467,641,422,674,447,685,478,695,516,686,552,676,332,487,362,468,396,467,431,494,395,493,361,493,577,494,613,469,648,470,682,490,648,495,613,494,378,751,411,740,453,737,487,744,525,737,586,742,649,754,587,813,527,840,486,844,448,837,411,806,393,756,452,759,487,764,525,759,636,757,526,803,488,805,451,799,83,0.0008991551683254703,25.771101316745025,0.9904635185353983,1351.127097865322,0.35545239326372763,346.81060854731805,5378.7372901445015,8.10911493505016,10.974944797165834,0.0006376031862381643,3.1270749463404415,-0.45715890271860915,0.9991525238708889,332.0,544.0,927.0,1232.0,1368.0,1753.0,1898.0,2500.0,3446.0,5610.0,7929.0,10578.0,13260.0,17102.0,21178.0,21193.0,21789.0,22406.0,19282.0,17393.0,15965.0,14349.0,12269.0,10664.0,9308.0,7841.0,6494.0,6481.0,2950.0,241.0,2.0,0.0,356.0,197.0,398.0,708.0,889.0,967.0,1072.0,1227.0,1508.0,2318.0,2785.0,3386.0,3712.0,4542.0,7561.0,10081.0,12815.0,16026.0,20521.0,26299.0,28844.0,24501.0,22223.0,22808.0,18320.0,13898.0,11865.0,8917.0,7827.0,1698.0,15.0,0.0,41.0,120.0,227.0,296.0,423.0,449.0,488.0,490.0,648.0,686.0,670.0,667.0,583.0,730.0,882.0,1188.0,1678.0,2209.0,3145.0,4759.0,7218.0,9044.0,10663.0,14622.0,20537.0,30761.0,37530.0,34110.0,31452.0,27850.0,22757.0,11361.0
178,481,182,565,189,649,206,732,244,812,301,879,368,938,441,982,517,990,586,973,637,914,675,846,706,776,727,700,738,628,740,556,737,486,260,459,302,413,366,391,433,394,495,415,561,417,610,399,662,397,708,414,726,457,530,466,535,515,540,564,546,616,474,660,505,668,537,676,563,667,586,654,342,485,375,473,409,472,443,484,409,493,375,495,581,486,616,473,647,475,672,486,647,497,615,494,404,767,452,757,497,751,529,759,560,750,589,757,616,765,587,795,557,812,525,818,491,816,448,802,423,769,495,772,528,777,559,771,600,766,557,776,525,783,493,779,84,0.0003503860026689049,61.05483908685963,0.9891580918840656,2816.0699470009827,0.2845238234940514,231.73610579599745,11203.22494891709,8.674643505774018,12.061722237166395,0.0004782390503205529,3.5993328541556306,-0.4293719438020547,0.9992302076583515,107.0,2068.0,5512.0,8284.0,10129.0,12389.0,15559.0,18198.0,17210.0,16109.0,16406.0,15601.0,13912.0,11811.0,11054.0,10714.0,10588.0,9808.0,9051.0,8257.0,7651.0,7800.0,7586.0,7371.0,3444.0,2286.0,1630.0,1613.0,1285.0,211.0,0.0,0.0,16.0,1823.0,4417.0,5987.0,8482.0,9119.0,10746.0,14606.0,16370.0,15774.0,15395.0,16057.0,15127.0,14401.0,12053.0,10972.0,10450.0,10207.0,10143.0,8853.0,8422.0,8667.0,8056.0,7106.0,8869.0,5064.0,2520.0,1669.0,1683.0,590.0,0.0,0.0,23.0,1492.0,3426.0,3203.0,4599.0,5546.0,6245.0,6834.0,8310.0,11195.0,12479.0,12445.0,11520.0,12716.0,12356.0,11783.0,12486.0,11888.0,10461.0,10043.0,9356.0,9463.0,9834.0,8766.0,8809.0,10076.0,10517.0,9836.0,8855.0,4558.0,2449.0,2075.0
246,500,251,568,257,635,267,701,288,767,326,828,377,878,441,918,512,930,579,916,637,877,684,829,723,773,749,709,762,643,768,577,771,508,287,442,319,404,370,391,423,398,470,417,562,412,610,392,661,387,713,403,741,444,515,477,515,524,515,569,515,616,452,649,483,658,515,667,547,658,578,649,342,490,370,476,402,476,435,493,403,495,371,496,591,493,624,476,655,476,684,491,655,495,624,495,393,728,437,710,482,703,515,710,548,703,591,713,633,729,592,779,550,802,514,806,478,801,434,777,409,732,482,727,514,730,548,727,617,733,549,764,514,769,480,764,85,0.0010959060801391377,42.16445398218464,0.9786545925514529,987.7070368159498,0.38699117832681634,231.9591233645076,3908.663693281618,7.942272901365206,10.743787119866516,0.000752055331526708,3.085284272559628,-0.4545416580320039,0.9989798198468015,76.0,331.0,827.0,2776.0,3114.0,3457.0,5081.0,8610.0,16979.0,28700.0,27990.0,21005.0,22467.0,23582.0,19118.0,15621.0,9532.0,6696.0,5206.0,2597.0,859.0,64.0,22.0,18.0,7.0,6.0,3.0,7.0,3.0,0.0,0.0,0.0,159.0,245.0,587.0,2131.0,2886.0,2771.0,3279.0,4775.0,7753.0,12931.0,22064.0,27940.0,27381.0,21512.0,17035.0,15410.0,15714.0,13811.0,11363.0,8392.0,5625.0,826.0,98.0,33.0,11.0,8.0,5.0,7.0,2.0,0.0,0.0,0.0,2.0,62.0,94.0,467.0,1356.0,1771.0,1633.0,1717.0,1931.0,2409.0,3150.0,4029.0,5256.0,9162.0,16640.0,18520.0,20892.0,18965.0,16856.0,15264.0,14699.0,16863.0,15643.0,13734.0,9240.0,7248.0,5883.0,1216.0,44.0,8.0,0.0,0.0
235,408,238,494,248,583,266,664,297,741,342,810,387,878,437,941,510,960,587,949,659,900,720,832,772,756,809,672,827,584,838,492,842,397,271,429,314,402,369,408,423,425,472,450,540,450,596,428,653,414,712,411,764,432,505,490,501,554,497,618,492,682,430,675,463,695,499,712,539,696,576,680,334,476,370,474,405,476,438,489,403,492,367,489,587,493,623,482,659,483,695,484,660,496,624,497,387,730,425,731,468,735,504,745,545,737,599,738,648,741,602,806,547,842,503,847,464,839,421,800,403,739,466,752,503,761,544,755,632,747,546,800,504,805,466,795,86,0.0006950443499952415,19.25534327824075,0.9957355720586553,2257.7842767574393,0.3562831807067733,307.60504778068366,9011.88176375152,8.391777221504261,11.212293401833822,0.0006415669848011952,3.048456376632761,-0.48411285871172993,0.9995678147422178,84.0,228.0,691.0,1281.0,1459.0,1894.0,2882.0,3829.0,7216.0,16857.0,28728.0,20638.0,12822.0,11033.0,9946.0,9005.0,9536.0,12661.0,10686.0,11875.0,12826.0,13023.0,13082.0,11528.0,9080.0,3167.0,2559.0,2032.0,833.0,171.0,22.0,0.0,25.0,157.0,234.0,761.0,1413.0,1454.0,1384.0,2078.0,3262.0,4989.0,8052.0,14385.0,21953.0,22316.0,13962.0,11246.0,10244.0,8849.0,8361.0,10220.0,10321.0,9475.0,11857.0,13405.0,14808.0,14596.0,9557.0,7850.0,3108.0,1225.0,124.0,3.0,0.0,0.0,5.0,94.0,343.0,467.0,922.0,908.0,1047.0,996.0,1165.0,1479.0,2160.0,3251.0,5155.0,7324.0,13984.0,20188.0,17239.0,11366.0,9830.0,9069.0,8850.0,8677.0,10629.0,10179.0,10544.0,10649.0,12305.0,12791.0,16133.0,33925.0
206,454,215,535,231,614,248,691,276,762,324,822,386,871,455,913,527,926,593,906,647,857,693,803,728,742,747,675,757,604,767,532,773,458,268,411,315,385,369,386,421,400,467,426,572,425,614,401,660,391,707,389,746,414,521,489,523,548,526,607,530,666,466,677,497,690,528,702,556,689,582,675,333,487,367,468,408,472,442,504,403,510,363,506,586,502,619,471,656,466,689,485,662,503,624,506,392,731,443,723,491,719,527,727,559,718,600,721,641,722,603,775,562,802,527,808,490,804,441,781,410,737,491,741,526,745,559,740,623,729,560,764,526,771,491,767,87,0.0015787814785708362,11.27053955365501,0.9951320717665854,1157.7590684775828,0.40506481576621434,219.63015648405764,4619.765734356677,7.8491007301576134,10.318363890050936,0.000874312046327056,2.7577344796601384,-0.4944723160510479,0.9993724703066454,3157.0,3522.0,4308.0,5153.0,5548.0,7239.0,9177.0,11117.0,11877.0,13089.0,16938.0,26196.0,37820.0,30089.0,16947.0,12249.0,9203.0,3581.0,1573.0,777.0,9.0,10.0,11.0,32.0,27.0,3.0,0.0,0.0,0.0,0.0,0.0,0.0,2716.0,2795.0,3182.0,4159.0,4827.0,6361.0,6978.0,6920.0,8074.0,8847.0,9874.0,12476.0,17929.0,31017.0,40920.0,27234.0,17272.0,11704.0,3639.0,1478.0,1149.0,17.0,4.0,9.0,24.0,38.0,9.0,0.0,0.0,0.0,0.0,0.0,1254.0,2012.0,1871.0,1350.0,1428.0,2338.0,3011.0,2697.0,2520.0,3056.0,3165.0,3945.0,5227.0,7147.0,7931.0,9667.0,13068.0,17490.0,25606.0,37262.0,32214.0,24844.0,14535.0,4278.0,1621.0,44.0,24.0,35.0,12.0,0.0,0.0,0.0
235,498,241,572,252,646,262,719,278,792,311,854,364,905,426,939,503,952,584,944,658,915,722,868,765,805,788,732,799,655,806,579,812,503,284,451,312,406,365,389,420,397,471,415,543,416,594,395,649,387,704,402,738,444,506,470,505,518,502,566,499,616,452,661,476,669,504,673,531,669,558,663,339,491,367,469,403,469,440,493,404,500,367,502,581,491,614,467,651,467,682,485,653,499,616,499,412,765,446,744,478,729,503,737,531,730,566,745,606,768,566,787,531,798,502,801,475,798,446,786,427,765,477,759,504,762,531,760,589,768,530,762,502,764,477,761,88,0.0006762554251482667,32.24730315335917,0.991992977750972,2014.1794349804777,0.3240787007391763,337.4578913773337,8024.47043676849,8.389585382803547,11.415659469622819,0.0005325165061438171,3.3689809822868764,-0.45587334605804375,0.9993514176294466,510.0,762.0,1127.0,1388.0,1792.0,2532.0,3476.0,3956.0,5021.0,6089.0,6398.0,6836.0,7079.0,8617.0,9874.0,11204.0,12881.0,14098.0,15840.0,16561.0,16570.0,17085.0,17458.0,16884.0,13667.0,14136.0,11346.0,9688.0,5139.0,1836.0,494.0,0.0,475.0,651.0,885.0,1171.0,1281.0,1608.0,2498.0,3432.0,3980.0,4455.0,5614.0,6263.0,6560.0,7220.0,8410.0,10359.0,11757.0,12933.0,15212.0,17174.0,18346.0,18391.0,18094.0,19255.0,16483.0,15625.0,13468.0,9260.0,6570.0,2306.0,608.0,0.0,102.0,153.0,185.0,215.0,295.0,361.0,371.0,450.0,558.0,912.0,1311.0,1762.0,2144.0,2487.0,2929.0,3612.0,3943.0,4539.0,5733.0,7674.0,9298.0,10952.0,10960.0,12749.0,15638.0,19204.0,22962.0,27009.0,28490.0,27705.0,21974.0,13667.0
198,476,204,556,214,634,226,711,254,782,303,842,369,885,441,917,514,929,589,914,657,880,716,835,760,776,782,707,791,633,802,558,807,481,263,435,305,400,361,394,415,402,467,417,560,416,614,402,666,397,718,407,755,442,513,478,513,525,514,572,514,621,454,651,483,659,513,668,543,660,571,652,332,490,366,472,403,473,435,499,401,503,364,501,587,500,619,474,656,474,690,491,659,501,622,503,382,725,431,707,477,700,512,706,547,699,596,707,646,724,600,776,552,798,514,802,477,797,429,775,397,728,478,723,513,727,548,723,629,728,549,763,514,766,477,763,89,0.0021221878461387266,32.000234112368005,0.9904167604037694,1670.4702988969275,0.47658956529352114,369.1403787580883,6649.88096147537,7.990324535061271,10.30867796401629,0.000803827369769502,2.888714024364992,-0.5272925775178355,0.9996527107095856,360.0,875.0,1291.0,1302.0,1362.0,1245.0,1384.0,1529.0,2026.0,2532.0,2871.0,3348.0,3433.0,4186.0,5921.0,8288.0,10891.0,10948.0,10615.0,12599.0,16510.0,19993.0,28180.0,27641.0,27270.0,20969.0,15788.0,11987.0,3059.0,660.0,10.0,19.0,476.0,795.0,1060.0,1175.0,1250.0,1278.0,1239.0,1367.0,1689.0,2197.0,2748.0,2864.0,3163.0,3664.0,4378.0,4932.0,6835.0,10418.0,11552.0,12182.0,12633.0,16368.0,19279.0,27218.0,31556.0,27509.0,21712.0,18981.0,7351.0,1218.0,5.0,0.0,32.0,75.0,378.0,535.0,566.0,591.0,591.0,633.0,753.0,826.0,874.0,921.0,1016.0,1080.0,1308.0,1817.0,1983.0,2171.0,2181.0,2647.0,3361.0,3997.0,5492.0,8580.0,12046.0,14111.0,18618.0,27672.0,46660.0,50205.0,38740.0,8632.0
215,532,220,606,228,681,239,754,268,822,314,878,377,920,444,949,516,958,587,942,652,908,715,866,760,813,793,746,807,673,814,600,819,528,272,458,305,412,361,393,420,399,471,427,561,425,612,398,671,395,725,418,756,465,518,472,518,521,518,568,519,617,448,646,481,658,516,669,550,659,582,648,339,490,369,472,404,475,438,497,403,498,368,498,592,497,625,475,660,477,690,496,660,502,626,501,379,735,433,715,482,707,516,714,552,708,598,717,647,733,597,773,551,788,514,792,478,788,429,776,397,736,482,726,516,729,552,727,628,735,550,760,514,763,479,760,9,0.0009542599499954216,45.32183057835337,0.9789939406515344,1078.776572716337,0.3103335101950632,263.2235244485511,4269.784460286999,7.84326373255719,10.977644655655022,0.0005274086680730032,3.3782218011375194,-0.3975174610744404,0.9975816293352939,586.0,2709.0,4694.0,4119.0,4759.0,5555.0,8365.0,13502.0,17221.0,21326.0,26689.0,34869.0,38835.0,32566.0,25500.0,17405.0,6880.0,1731.0,433.0,87.0,23.0,7.0,11.0,10.0,8.0,6.0,8.0,5.0,9.0,2.0,8.0,13.0,8.0,409.0,2699.0,3564.0,3369.0,3213.0,4183.0,5755.0,5775.0,6689.0,9763.0,12583.0,15069.0,19240.0,24655.0,29716.0,36208.0,32325.0,27059.0,17259.0,6453.0,1575.0,260.0,35.0,16.0,12.0,4.0,9.0,5.0,4.0,11.0,16.0,0.0,0.0,5.0,77.0,410.0,1070.0,1637.0,2140.0,2429.0,2540.0,2321.0,2350.0,2711.0,2885.0,3196.0,3575.0,5005.0,6982.0,8678.0,11035.0,16482.0,20034.0,25674.0,31932.0,34847.0,33714.0,26507.0,15202.0,4057.0,385.0,15.0,46.0
276,522,267,589,268,657,277,726,292,795,321,856,364,908,415,949,482,967,558,962,640,938,720,900,786,843,833,772,861,690,875,605,883,516,291,435,309,395,350,377,394,382,433,402,553,396,603,369,664,366,720,390,761,433,486,475,477,528,467,578,457,632,413,656,440,670,472,682,510,672,548,661,338,489,363,466,395,468,426,493,394,494,362,494,587,492,620,466,655,466,687,489,655,494,620,494,390,754,417,726,452,715,482,720,516,717,570,730,630,760,573,805,518,824,482,826,450,819,417,797,406,756,452,733,482,736,516,736,613,762,517,793,482,793,451,788,90,0.0010321470530619055,47.31952568335881,0.9630532608190355,640.418609555567,0.2796756574095144,224.45884664601502,2514.354912538909,7.500249209473405,10.747774121694878,0.0004967835653951533,3.427102734748384,-0.34995479362523735,0.9942113262343744,1198.0,2073.0,3082.0,3506.0,5354.0,8752.0,18254.0,32976.0,36969.0,40989.0,44028.0,36266.0,28215.0,17075.0,7121.0,3167.0,1840.0,804.0,165.0,70.0,41.0,28.0,23.0,17.0,9.0,2.0,4.0,3.0,2.0,1.0,3.0,0.0,669.0,1366.0,2859.0,2818.0,2812.0,3443.0,4567.0,6404.0,10106.0,20886.0,34222.0,38317.0,42844.0,45083.0,37932.0,23173.0,8786.0,2901.0,1413.0,932.0,351.0,53.0,33.0,27.0,22.0,5.0,4.0,4.0,1.0,1.0,3.0,0.0,162.0,414.0,983.0,2159.0,1794.0,1526.0,1140.0,1113.0,1083.0,1113.0,1292.0,1732.0,2178.0,3143.0,4652.0,7131.0,10449.0,17970.0,27870.0,33476.0,42830.0,45795.0,39217.0,28335.0,11441.0,2703.0,314.0,14.0,1.0,2.0,2.0,3.0
264,475,270,550,288,622,308,693,331,759,366,821,408,877,457,917,520,929,589,914,656,869,710,814,752,748,780,677,800,602,815,524,823,438,272,431,306,394,360,391,411,400,461,423,543,428,595,400,653,387,713,391,766,419,499,477,496,542,492,607,489,672,439,678,464,694,494,707,528,693,560,678,326,482,359,468,397,469,434,492,394,498,357,497,586,492,623,470,663,466,701,477,668,495,627,497,409,755,442,744,474,739,504,750,536,739,579,746,621,757,583,796,540,815,506,819,474,813,442,793,426,760,474,763,504,769,538,765,603,760,538,769,505,773,474,766,91,0.0005117117400448404,33.08021154579984,0.9938706604596494,2698.2100673576265,0.3063209002560936,212.993900866621,10759.760057884727,8.55382740792803,11.692927126378544,0.000535567277146136,3.3300741878932367,-0.45322633106793336,0.9994200463792079,6357.0,6750.0,14484.0,26708.0,30761.0,25137.0,15413.0,13056.0,9584.0,7746.0,7680.0,7432.0,7509.0,7129.0,6837.0,6653.0,6398.0,5604.0,4409.0,2811.0,1668.0,1195.0,893.0,686.0,311.0,86.0,22.0,11.0,1.0,3.0,0.0,0.0,3446.0,3628.0,3604.0,5188.0,9351.0,13465.0,17795.0,19766.0,19348.0,17721.0,11779.0,8110.0,8358.0,7879.0,6677.0,6696.0,7000.0,7400.0,7512.0,7212.0,7442.0,7688.0,6145.0,4708.0,2289.0,1563.0,1065.0,446.0,46.0,7.0,0.0,0.0,338.0,1675.0,1960.0,1596.0,1626.0,1730.0,2134.0,2886.0,3684.0,5404.0,8919.0,11203.0,13220.0,14984.0,12449.0,12401.0,12313.0,9387.0,6627.0,5638.0,5836.0,6613.0,7180.0,5746.0,6079.0,7008.0,7743.0,8508.0,9423.0,11065.0,10821.0,7138.0
294,504,287,570,288,639,300,706,320,775,350,839,383,905,415,968,473,994,548,993,631,963,714,917,791,856,845,782,870,694,879,600,881,509,299,446,311,407,348,394,392,396,435,414,535,416,592,392,652,387,713,403,762,438,483,482,475,539,465,596,455,653,417,672,440,689,472,702,510,688,548,674,342,488,368,469,403,468,434,491,401,498,366,497,583,492,616,468,653,466,686,485,655,496,616,497,390,758,421,754,453,750,484,759,520,752,577,758,639,761,580,819,522,845,483,847,449,838,421,810,407,765,452,768,483,773,519,771,622,766,521,801,484,803,451,795,92,0.00042074245534832756,41.358404783447746,0.988118764979348,1740.6112383060145,0.2506480391600283,264.5997634752249,6921.086548440599,8.337077722681911,11.797775999442454,0.0004117685943098771,3.628593617937736,-0.3933148481956946,0.9983122571835428,292.0,312.0,1247.0,3082.0,6116.0,8611.0,10685.0,14747.0,18104.0,18904.0,18561.0,18581.0,18426.0,19521.0,20793.0,19648.0,18893.0,18605.0,17117.0,13030.0,8542.0,5431.0,2671.0,999.0,577.0,362.0,126.0,44.0,30.0,39.0,38.0,17.0,247.0,164.0,356.0,1213.0,2570.0,4660.0,7429.0,8885.0,11850.0,14475.0,15661.0,15520.0,16468.0,16755.0,16737.0,16776.0,20087.0,20180.0,19914.0,19307.0,19484.0,15982.0,9942.0,5894.0,2079.0,753.0,544.0,89.0,29.0,44.0,41.0,16.0,23.0,94.0,146.0,190.0,434.0,756.0,1287.0,2057.0,3630.0,5355.0,6868.0,8102.0,8924.0,9364.0,10490.0,10192.0,10781.0,11396.0,12418.0,13378.0,14175.0,14609.0,15915.0,17496.0,18999.0,19613.0,20940.0,18370.0,16163.0,10431.0,1493.0,62.0
241,510,242,582,253,654,268,722,294,786,339,843,390,894,451,937,518,947,585,931,644,888,695,839,737,781,763,716,776,646,785,576,786,504,279,443,316,405,369,393,422,401,468,423,557,423,602,402,653,395,702,405,736,440,517,482,517,535,516,588,516,643,450,670,482,678,514,686,547,677,577,669,333,490,367,473,401,477,432,502,399,501,364,498,593,501,625,476,658,474,689,490,661,498,627,501,381,732,429,719,479,713,513,722,551,714,604,721,648,732,607,800,558,830,516,835,478,830,429,799,394,737,479,736,513,741,552,736,636,736,555,794,515,799,479,794,93,0.0007434233343488229,23.172632063383197,0.9938398075578386,1881.008009914165,0.35270770263379336,217.00068437988585,7500.85940759328,8.393809515885465,11.299605331075819,0.0006192929804317576,3.129293097159797,-0.47261214163895526,0.999484627640334,158.0,2118.0,7635.0,7942.0,15796.0,25153.0,32156.0,23723.0,19300.0,14950.0,12790.0,10928.0,10621.0,9518.0,8412.0,5952.0,5086.0,5029.0,4461.0,3836.0,3220.0,2622.0,1215.0,753.0,566.0,505.0,318.0,147.0,40.0,3.0,0.0,0.0,63.0,1043.0,5082.0,4369.0,4308.0,6123.0,8511.0,14234.0,18776.0,24807.0,20816.0,16323.0,15476.0,12959.0,11919.0,10145.0,10597.0,9990.0,7759.0,6190.0,5317.0,4657.0,4353.0,4439.0,3614.0,1340.0,770.0,556.0,295.0,104.0,18.0,0.0,9.0,611.0,3151.0,2675.0,2500.0,2309.0,2099.0,2306.0,2813.0,3569.0,5349.0,7476.0,10759.0,16338.0,21538.0,19281.0,15553.0,14264.0,13629.0,12167.0,11283.0,11818.0,11523.0,10385.0,6924.0,6010.0,5130.0,5791.0,5265.0,1732.0,555.0,141.0
220,495,224,575,230,658,239,741,259,820,300,886,358,945,427,989,506,1003,583,990,654,947,713,890,759,826,784,749,798,667,807,582,812,498,268,454,296,410,350,396,404,403,458,422,565,427,618,408,673,401,728,416,756,463,508,476,508,529,508,584,507,641,448,665,476,676,508,689,538,677,569,667,332,486,362,469,400,470,437,493,399,499,360,498,585,492,619,470,658,471,690,490,658,500,620,499,380,748,426,744,472,743,507,751,540,746,587,748,637,752,587,790,541,806,505,810,469,804,424,784,396,752,471,762,507,768,541,765,620,756,540,769,506,772,471,766,94,0.00036297004622008527,145.4541710115096,0.9797335114865825,3588.927758771656,0.2276370051959879,300.8276579989416,14210.256864075127,8.699702927397324,12.620338436611174,0.0003058238041652976,4.306509599128809,-0.3622003922408893,0.997945201855992,4302.0,4677.0,4486.0,5385.0,6411.0,7522.0,8570.0,9317.0,9258.0,9037.0,8855.0,8892.0,9025.0,8919.0,9006.0,9027.0,9575.0,9860.0,10235.0,11195.0,12137.0,12892.0,16529.0,17839.0,14657.0,12021.0,11024.0,12151.0,9200.0,2506.0,33.0,3.0,2717.0,3805.0,3525.0,3632.0,4329.0,5559.0,6656.0,7963.0,8608.0,9185.0,9481.0,9182.0,8888.0,8801.0,9192.0,9242.0,9243.0,9855.0,10624.0,11593.0,13799.0,15246.0,16488.0,19280.0,18161.0,14744.0,13633.0,12977.0,6253.0,1873.0,12.0,0.0,183.0,1777.0,2805.0,2487.0,2323.0,2468.0,2654.0,2819.0,3317.0,4054.0,4927.0,5770.0,6834.0,7598.0,7896.0,8012.0,8277.0,8606.0,8531.0,8700.0,9101.0,9263.0,9545.0,10343.0,11615.0,13992.0,17287.0,20937.0,26271.0,25081.0,23261.0,7812.0
177,511,182,595,192,678,210,759,242,837,293,908,354,970,422,1017,500,1031,580,1018,645,967,701,902,744,831,769,752,779,671,784,590,784,511,256,438,290,392,350,372,411,380,463,407,567,406,613,382,666,376,716,394,739,440,512,476,514,537,515,597,517,658,444,687,477,699,514,710,550,698,584,684,324,491,359,474,396,472,433,493,395,497,359,496,584,493,621,473,656,472,686,490,656,496,620,496,349,766,409,755,472,753,514,759,555,752,610,754,661,765,611,839,556,869,512,875,467,871,406,841,366,771,470,770,513,777,554,771,645,769,555,832,513,837,469,832,95,0.0006490416547086899,23.037093888749595,0.9939870115759364,1915.6936906902815,0.32906146842916034,242.19948972009274,7639.737668872367,8.41372149073276,11.412331362956916,0.0006093826776703839,3.1899515713495754,-0.4614164101303757,0.9994043645517996,3353.0,1986.0,2042.0,3329.0,5951.0,8637.0,12144.0,17625.0,23606.0,26137.0,25381.0,20906.0,19461.0,19527.0,18703.0,17705.0,13458.0,11366.0,9997.0,8792.0,8083.0,7431.0,6320.0,5722.0,5631.0,4609.0,2344.0,1172.0,269.0,12.0,0.0,0.0,2724.0,1973.0,1782.0,1922.0,3189.0,5432.0,8939.0,10622.0,13573.0,22916.0,29626.0,28358.0,23778.0,21244.0,20569.0,19978.0,15446.0,11182.0,11050.0,9448.0,8429.0,7597.0,6928.0,6153.0,6277.0,5542.0,4071.0,2315.0,630.0,6.0,0.0,0.0,518.0,1447.0,1284.0,1194.0,1094.0,896.0,1116.0,1248.0,1674.0,2728.0,5500.0,8026.0,9234.0,13958.0,21828.0,26233.0,27347.0,25453.0,23373.0,21531.0,19704.0,18956.0,13379.0,11433.0,9709.0,8909.0,8530.0,7841.0,7240.0,6310.0,3360.0,646.0
250,511,249,589,250,665,254,745,271,824,306,896,359,950,424,989,504,1000,586,992,662,960,728,913,774,849,804,771,815,691,822,610,828,527,282,456,301,406,351,385,407,388,459,406,548,406,607,386,671,382,730,404,763,453,500,465,496,510,491,556,486,604,438,653,465,661,494,667,526,661,557,654,340,490,366,474,399,471,433,486,400,494,367,497,589,485,623,468,657,470,688,487,656,494,622,491,390,765,429,754,464,748,496,754,529,748,576,752,628,765,579,789,533,794,499,796,465,794,429,788,409,765,464,764,497,767,530,764,609,766,532,772,498,774,466,771,96,0.0006710516786151975,51.56556122911118,0.9755894376848329,1056.5376877937588,0.2822819413053444,316.24493024550446,4174.585189945938,7.970186249993733,11.410877079851776,0.00043481430089759444,3.672714321112577,-0.36495108689990197,0.9966205369752315,0.0,10.0,84.0,303.0,519.0,1030.0,1739.0,2652.0,3669.0,5159.0,6845.0,8413.0,10868.0,13697.0,16030.0,18921.0,21797.0,23900.0,24438.0,25157.0,23644.0,22392.0,18746.0,16753.0,14630.0,11180.0,3251.0,295.0,100.0,65.0,29.0,27.0,0.0,0.0,5.0,70.0,286.0,617.0,1347.0,2168.0,2971.0,3780.0,5264.0,7318.0,10092.0,12736.0,14895.0,18282.0,23264.0,27651.0,29415.0,30488.0,29188.0,25867.0,20978.0,17718.0,9517.0,2098.0,165.0,80.0,53.0,21.0,6.0,3.0,0.0,1.0,5.0,9.0,51.0,81.0,126.0,127.0,330.0,685.0,1138.0,1766.0,2266.0,3054.0,4037.0,5159.0,6176.0,7591.0,8828.0,10726.0,13465.0,17470.0,22456.0,26389.0,29602.0,32045.0,33572.0,27326.0,21134.0,15158.0,5137.0,433.0
153,480,157,567,171,653,192,735,233,811,292,879,366,930,448,968,523,977,591,953,645,896,691,836,725,772,743,702,754,629,759,558,751,489,261,437,309,407,365,396,423,403,474,425,584,425,623,403,667,391,712,395,739,429,533,488,539,544,545,601,552,658,469,684,504,694,540,705,571,693,595,679,331,493,367,474,404,474,438,501,402,505,364,505,588,499,621,469,657,464,687,483,662,495,625,499,371,748,436,740,495,736,531,742,560,734,600,735,637,738,603,803,564,833,531,839,494,837,433,809,386,752,496,758,531,761,561,755,620,748,561,790,530,797,494,796,97,0.0009879802272948315,22.171930993246367,0.9934093265660928,1682.342790476233,0.4115873159612017,311.16357569770616,6707.199230911661,8.272807060369388,10.855535450093187,0.0007889960638497964,2.922124716649648,-0.5081761068029329,0.9996562837795996,422.0,874.0,1389.0,1829.0,2062.0,3364.0,4354.0,7752.0,12164.0,13596.0,14991.0,14293.0,14374.0,14936.0,17309.0,19921.0,19873.0,17854.0,16925.0,18847.0,15142.0,12570.0,10959.0,7682.0,5859.0,2992.0,279.0,4.0,0.0,1.0,0.0,0.0,236.0,376.0,855.0,1055.0,1388.0,1480.0,1819.0,2699.0,3867.0,4907.0,7696.0,10027.0,11518.0,13072.0,13830.0,14176.0,14238.0,15208.0,18729.0,21621.0,20655.0,20108.0,21503.0,18088.0,13662.0,11558.0,7174.0,1066.0,5.0,1.0,0.0,0.0,23.0,79.0,216.0,401.0,717.0,828.0,902.0,1038.0,1077.0,1180.0,1352.0,1567.0,1892.0,2900.0,4212.0,5536.0,6926.0,8341.0,9322.0,10876.0,13367.0,13162.0,14331.0,16048.0,19986.0,23812.0,24765.0,27479.0,27242.0,25904.0,7054.0,82.0
235,445,248,519,264,593,277,663,306,723,354,769,409,808,458,848,515,864,579,855,641,821,706,785,760,732,792,666,812,589,826,508,838,425,273,426,309,397,356,397,403,407,449,424,545,425,599,408,653,399,708,404,755,431,498,495,499,535,499,574,500,615,455,644,479,651,504,657,532,652,560,646,337,485,368,466,406,469,435,501,402,507,363,503,583,501,611,470,650,469,686,488,655,506,616,509,421,719,457,715,488,707,510,713,532,708,571,716,613,723,571,755,534,772,509,773,485,769,456,754,438,724,487,722,510,725,533,723,596,725,532,741,509,743,487,739,98,0.0012911376911011524,14.660176536073413,0.9960570501657249,1858.6806458279416,0.4570652588859856,304.85529069033475,7420.062406775731,8.252899965717512,10.58182721514117,0.0008662261736409715,2.6998280254775824,-0.5420176725939329,0.9997851035845671,2303.0,2889.0,2133.0,1781.0,1851.0,2313.0,4257.0,7058.0,7681.0,11545.0,18818.0,25565.0,18075.0,15889.0,15839.0,12866.0,11659.0,9340.0,7856.0,6865.0,5684.0,4269.0,3786.0,2861.0,2158.0,1327.0,561.0,212.0,6.0,0.0,0.0,0.0,1811.0,2674.0,1990.0,1354.0,1028.0,822.0,874.0,1055.0,1568.0,2794.0,4280.0,5736.0,5656.0,8193.0,11408.0,16841.0,23669.0,18233.0,16425.0,18187.0,13715.0,11937.0,7445.0,5155.0,4588.0,6301.0,5839.0,4425.0,2933.0,508.0,3.0,0.0,250.0,1677.0,1291.0,1038.0,670.0,523.0,443.0,522.0,713.0,723.0,681.0,716.0,666.0,710.0,830.0,1060.0,1368.0,2416.0,3476.0,4914.0,7054.0,10352.0,16270.0,21772.0,24624.0,25222.0,16988.0,13243.0,11637.0,7599.0,6626.0,21373.0
276,510,273,573,276,638,282,706,294,775,321,840,361,900,413,948,485,969,567,963,650,933,728,892,791,839,827,768,841,687,850,607,856,524,286,448,308,405,353,389,402,395,445,417,528,416,586,388,651,383,715,401,759,447,483,474,477,527,470,579,463,634,416,657,444,671,475,682,513,671,551,660,333,490,362,470,396,471,429,493,394,496,360,496,586,493,622,470,658,470,693,490,659,495,622,495,381,735,410,718,447,710,483,719,521,712,580,721,640,741,582,788,524,810,484,812,445,806,410,782,397,739,447,735,483,740,521,737,623,744,523,778,484,780,447,772,99,0.0014935637468522533,17.249183300970177,0.9839720805812124,538.2608916566942,0.34152487404031207,251.2641145495499,2135.794383325803,7.4529774498614785,10.280142491288606,0.0007234444021657867,3.040430968609973,-0.4087645750093733,0.9972204926096806,0.0,7.0,101.0,192.0,706.0,1899.0,2723.0,3386.0,4181.0,5552.0,10707.0,18471.0,26303.0,39839.0,52107.0,45325.0,25812.0,14959.0,12458.0,7255.0,1361.0,603.0,447.0,55.0,23.0,20.0,22.0,22.0,14.0,0.0,0.0,0.0,0.0,31.0,118.0,212.0,646.0,1858.0,2636.0,3061.0,3587.0,4188.0,6862.0,14490.0,21998.0,28822.0,44363.0,54794.0,38800.0,17663.0,11961.0,11061.0,5228.0,1112.0,438.0,359.0,123.0,107.0,29.0,3.0,0.0,0.0,0.0,0.0,0.0,0.0,25.0,54.0,231.0,643.0,1583.0,2120.0,1981.0,2138.0,2401.0,2907.0,3881.0,5993.0,8969.0,14452.0,22079.0,32457.0,47010.0,48475.0,33467.0,26374.0,13309.0,2824.0,610.0,378.0,174.0,15.0,0.0,0.0,0.0,0.0
